relative_path,label
Cat/1000.jpg,cat
Cat/10000.jpg,cat
Cat/10002.jpg,cat
Cat/10012.jpg,cat
Cat/10015.jpg,cat
Cat/10016.jpg,cat
Cat/10018.jpg,cat
Cat/10019.jpg,cat
Cat/1002.jpg,cat
Cat/10020.jpg,cat
Cat/10023.jpg,cat
Cat/10027.jpg,cat
Cat/10028.jpg,cat
Cat/10030.jpg,cat
Cat/10032.jpg,cat
Cat/10033.jpg,cat
Cat/10035.jpg,cat
Cat/10036.jpg,cat
Cat/10038.jpg,cat
Cat/10040.jpg,cat
Cat/10046.jpg,cat
Cat/10049.jpg,cat
Cat/1005.jpg,cat
Cat/10051.jpg,cat
Cat/10052.jpg,cat
Cat/10055.jpg,cat
Cat/10057.jpg,cat
Cat/1006.jpg,cat
Cat/10061.jpg,cat
Cat/10067.jpg,cat
Cat/10069.jpg,cat
Cat/1007.jpg,cat
Cat/10070.jpg,cat
Cat/10071.jpg,cat
Cat/10074.jpg,cat
Cat/10076.jpg,cat
Cat/10079.jpg,cat
Cat/10081.jpg,cat
Cat/10082.jpg,cat
Cat/10089.jpg,cat
Cat/1009.jpg,cat
Cat/10090.jpg,cat
Cat/10092.jpg,cat
Cat/10093.jpg,cat
Cat/10094.jpg,cat
Cat/10095.jpg,cat
Cat/101.jpg,cat
Cat/10100.jpg,cat
Cat/10103.jpg,cat
Cat/10104.jpg,cat
Cat/10105.jpg,cat
Cat/10106.jpg,cat
Cat/10108.jpg,cat
Cat/10109.jpg,cat
Cat/10110.jpg,cat
Cat/10114.jpg,cat
Cat/10117.jpg,cat
Cat/10118.jpg,cat
Cat/10121.jpg,cat
Cat/10122.jpg,cat
Cat/10124.jpg,cat
Cat/10125.jpg,cat
Cat/10128.jpg,cat
Cat/10129.jpg,cat
Cat/1013.jpg,cat
Cat/10130.jpg,cat
Cat/10131.jpg,cat
Cat/10132.jpg,cat
Cat/10137.jpg,cat
Cat/10138.jpg,cat
Cat/10146.jpg,cat
Cat/1015.jpg,cat
Cat/10151.jpg,cat
Cat/10152.jpg,cat
Cat/10153.jpg,cat
Cat/10155.jpg,cat
Cat/10157.jpg,cat
Cat/10160.jpg,cat
Cat/10163.jpg,cat
Cat/10169.jpg,cat
Cat/10173.jpg,cat
Cat/10176.jpg,cat
Cat/10177.jpg,cat
Cat/10179.jpg,cat
Cat/1019.jpg,cat
Cat/10190.jpg,cat
Cat/10191.jpg,cat
Cat/10195.jpg,cat
Cat/102.jpg,cat
Cat/10208.jpg,cat
Cat/10210.jpg,cat
Cat/10213.jpg,cat
Cat/10214.jpg,cat
Cat/10215.jpg,cat
Cat/10217.jpg,cat
Cat/10220.jpg,cat
Cat/10223.jpg,cat
Cat/10224.jpg,cat
Cat/10226.jpg,cat
Cat/10228.jpg,cat
Cat/10232.jpg,cat
Cat/10233.jpg,cat
Cat/10235.jpg,cat
Cat/10240.jpg,cat
Cat/10241.jpg,cat
Cat/10243.jpg,cat
Cat/10244.jpg,cat
Cat/10250.jpg,cat
Cat/10252.jpg,cat
Cat/10253.jpg,cat
Cat/10254.jpg,cat
Cat/10258.jpg,cat
Cat/1026.jpg,cat
Cat/10260.jpg,cat
Cat/10261.jpg,cat
Cat/10263.jpg,cat
Cat/10265.jpg,cat
Cat/10266.jpg,cat
Cat/10267.jpg,cat
Cat/10269.jpg,cat
Cat/1027.jpg,cat
Cat/10272.jpg,cat
Cat/10276.jpg,cat
Cat/1028.jpg,cat
Cat/10280.jpg,cat
Cat/10281.jpg,cat
Cat/10283.jpg,cat
Cat/10284.jpg,cat
Cat/10286.jpg,cat
Cat/10289.jpg,cat
Cat/1029.jpg,cat
Cat/10291.jpg,cat
Cat/10292.jpg,cat
Cat/10293.jpg,cat
Cat/10295.jpg,cat
Cat/10296.jpg,cat
Cat/10298.jpg,cat
Cat/103.jpg,cat
Cat/10308.jpg,cat
Cat/10309.jpg,cat
Cat/1031.jpg,cat
Cat/10310.jpg,cat
Cat/10316.jpg,cat
Cat/10317.jpg,cat
Cat/10318.jpg,cat
Cat/10320.jpg,cat
Cat/10323.jpg,cat
Cat/10326.jpg,cat
Cat/1033.jpg,cat
Cat/10335.jpg,cat
Cat/10336.jpg,cat
Cat/10338.jpg,cat
Cat/10341.jpg,cat
Cat/10347.jpg,cat
Cat/10348.jpg,cat
Cat/1035.jpg,cat
Cat/10350.jpg,cat
Cat/10352.jpg,cat
Cat/10355.jpg,cat
Cat/10361.jpg,cat
Cat/10362.jpg,cat
Cat/10364.jpg,cat
Cat/10371.jpg,cat
Cat/10374.jpg,cat
Cat/10376.jpg,cat
Cat/10377.jpg,cat
Cat/10378.jpg,cat
Cat/10382.jpg,cat
Cat/10385.jpg,cat
Cat/10386.jpg,cat
Cat/10387.jpg,cat
Cat/10390.jpg,cat
Cat/10391.jpg,cat
Cat/10394.jpg,cat
Cat/10395.jpg,cat
Cat/1040.jpg,cat
Cat/10402.jpg,cat
Cat/10404.jpg,cat
Cat/10405.jpg,cat
Cat/10408.jpg,cat
Cat/10410.jpg,cat
Cat/10414.jpg,cat
Cat/10417.jpg,cat
Cat/10418.jpg,cat
Cat/10420.jpg,cat
Cat/10423.jpg,cat
Cat/10425.jpg,cat
Cat/10432.jpg,cat
Cat/10435.jpg,cat
Cat/10437.jpg,cat
Cat/10439.jpg,cat
Cat/1044.jpg,cat
Cat/10440.jpg,cat
Cat/10441.jpg,cat
Cat/10442.jpg,cat
Cat/10443.jpg,cat
Cat/10445.jpg,cat
Cat/1045.jpg,cat
Cat/10456.jpg,cat
Cat/10458.jpg,cat
Cat/10464.jpg,cat
Cat/10466.jpg,cat
Cat/10467.jpg,cat
Cat/10469.jpg,cat
Cat/10472.jpg,cat
Cat/10474.jpg,cat
Cat/10475.jpg,cat
Cat/10478.jpg,cat
Cat/10479.jpg,cat
Cat/10481.jpg,cat
Cat/10489.jpg,cat
Cat/10493.jpg,cat
Cat/10496.jpg,cat
Cat/10503.jpg,cat
Cat/10506.jpg,cat
Cat/10508.jpg,cat
Cat/10509.jpg,cat
Cat/10510.jpg,cat
Cat/10515.jpg,cat
Cat/10516.jpg,cat
Cat/10517.jpg,cat
Cat/10519.jpg,cat
Cat/10520.jpg,cat
Cat/10525.jpg,cat
Cat/10527.jpg,cat
Cat/10529.jpg,cat
Cat/10532.jpg,cat
Cat/10534.jpg,cat
Cat/10535.jpg,cat
Cat/10537.jpg,cat
Cat/10538.jpg,cat
Cat/1054.jpg,cat
Cat/10545.jpg,cat
Cat/10546.jpg,cat
Cat/10548.jpg,cat
Cat/10549.jpg,cat
Cat/10550.jpg,cat
Cat/10551.jpg,cat
Cat/10553.jpg,cat
Cat/10557.jpg,cat
Cat/10558.jpg,cat
Cat/10559.jpg,cat
Cat/10560.jpg,cat
Cat/10564.jpg,cat
Cat/10565.jpg,cat
Cat/10568.jpg,cat
Cat/10569.jpg,cat
Cat/1057.jpg,cat
Cat/10570.jpg,cat
Cat/10571.jpg,cat
Cat/10573.jpg,cat
Cat/10576.jpg,cat
Cat/10577.jpg,cat
Cat/10580.jpg,cat
Cat/10581.jpg,cat
Cat/10583.jpg,cat
Cat/10584.jpg,cat
Cat/10586.jpg,cat
Cat/10591.jpg,cat
Cat/10595.jpg,cat
Cat/10596.jpg,cat
Cat/10597.jpg,cat
Cat/10599.jpg,cat
Cat/10601.jpg,cat
Cat/10602.jpg,cat
Cat/10603.jpg,cat
Cat/10604.jpg,cat
Cat/10606.jpg,cat
Cat/10609.jpg,cat
Cat/10610.jpg,cat
Cat/10612.jpg,cat
Cat/10614.jpg,cat
Cat/10617.jpg,cat
Cat/10618.jpg,cat
Cat/10620.jpg,cat
Cat/10624.jpg,cat
Cat/10625.jpg,cat
Cat/10626.jpg,cat
Cat/10627.jpg,cat
Cat/10628.jpg,cat
Cat/10634.jpg,cat
Cat/10636.jpg,cat
Cat/10639.jpg,cat
Cat/1064.jpg,cat
Cat/10640.jpg,cat
Cat/10644.jpg,cat
Cat/10647.jpg,cat
Cat/10648.jpg,cat
Cat/10649.jpg,cat
Cat/10650.jpg,cat
Cat/10652.jpg,cat
Cat/10654.jpg,cat
Cat/10656.jpg,cat
Cat/10657.jpg,cat
Cat/10666.jpg,cat
Cat/10667.jpg,cat
Cat/10668.jpg,cat
Cat/10669.jpg,cat
Cat/1067.jpg,cat
Cat/10673.jpg,cat
Cat/10675.jpg,cat
Cat/10676.jpg,cat
Cat/10677.jpg,cat
Cat/10679.jpg,cat
Cat/10681.jpg,cat
Cat/10682.jpg,cat
Cat/10684.jpg,cat
Cat/10688.jpg,cat
Cat/10689.jpg,cat
Cat/1069.jpg,cat
Cat/10694.jpg,cat
Cat/10695.jpg,cat
Cat/10696.jpg,cat
Cat/10697.jpg,cat
Cat/10702.jpg,cat
Cat/10704.jpg,cat
Cat/10707.jpg,cat
Cat/10708.jpg,cat
Cat/1071.jpg,cat
Cat/10710.jpg,cat
Cat/10711.jpg,cat
Cat/10712.jpg,cat
Cat/10714.jpg,cat
Cat/10715.jpg,cat
Cat/10716.jpg,cat
Cat/10717.jpg,cat
Cat/1072.jpg,cat
Cat/10720.jpg,cat
Cat/10721.jpg,cat
Cat/10722.jpg,cat
Cat/10723.jpg,cat
Cat/10725.jpg,cat
Cat/10728.jpg,cat
Cat/10729.jpg,cat
Cat/1073.jpg,cat
Cat/10731.jpg,cat
Cat/10735.jpg,cat
Cat/10737.jpg,cat
Cat/10739.jpg,cat
Cat/10743.jpg,cat
Cat/10749.jpg,cat
Cat/10751.jpg,cat
Cat/10752.jpg,cat
Cat/10754.jpg,cat
Cat/10758.jpg,cat
Cat/1076.jpg,cat
Cat/10760.jpg,cat
Cat/10762.jpg,cat
Cat/10763.jpg,cat
Cat/10764.jpg,cat
Cat/10765.jpg,cat
Cat/10768.jpg,cat
Cat/10769.jpg,cat
Cat/10771.jpg,cat
Cat/10775.jpg,cat
Cat/10776.jpg,cat
Cat/10777.jpg,cat
Cat/10781.jpg,cat
Cat/10783.jpg,cat
Cat/10784.jpg,cat
Cat/10785.jpg,cat
Cat/10788.jpg,cat
Cat/1079.jpg,cat
Cat/10790.jpg,cat
Cat/10791.jpg,cat
Cat/10792.jpg,cat
Cat/10794.jpg,cat
Cat/10796.jpg,cat
Cat/108.jpg,cat
Cat/10800.jpg,cat
Cat/10802.jpg,cat
Cat/10804.jpg,cat
Cat/10805.jpg,cat
Cat/10806.jpg,cat
Cat/10810.jpg,cat
Cat/10811.jpg,cat
Cat/10813.jpg,cat
Cat/10814.jpg,cat
Cat/10816.jpg,cat
Cat/10818.jpg,cat
Cat/10819.jpg,cat
Cat/1082.jpg,cat
Cat/10821.jpg,cat
Cat/10822.jpg,cat
Cat/10825.jpg,cat
Cat/10826.jpg,cat
Cat/10827.jpg,cat
Cat/10832.jpg,cat
Cat/10833.jpg,cat
Cat/10834.jpg,cat
Cat/10837.jpg,cat
Cat/10838.jpg,cat
Cat/10839.jpg,cat
Cat/10841.jpg,cat
Cat/10844.jpg,cat
Cat/10847.jpg,cat
Cat/10849.jpg,cat
Cat/10852.jpg,cat
Cat/10856.jpg,cat
Cat/10857.jpg,cat
Cat/10861.jpg,cat
Cat/10863.jpg,cat
Cat/10864.jpg,cat
Cat/10868.jpg,cat
Cat/1087.jpg,cat
Cat/10872.jpg,cat
Cat/10873.jpg,cat
Cat/10876.jpg,cat
Cat/10877.jpg,cat
Cat/10878.jpg,cat
Cat/10879.jpg,cat
Cat/10881.jpg,cat
Cat/10884.jpg,cat
Cat/10885.jpg,cat
Cat/10886.jpg,cat
Cat/10887.jpg,cat
Cat/10891.jpg,cat
Cat/10892.jpg,cat
Cat/10895.jpg,cat
Cat/10896.jpg,cat
Cat/10898.jpg,cat
Cat/109.jpg,cat
Cat/10900.jpg,cat
Cat/10901.jpg,cat
Cat/10909.jpg,cat
Cat/10912.jpg,cat
Cat/10913.jpg,cat
Cat/10914.jpg,cat
Cat/10915.jpg,cat
Cat/10916.jpg,cat
Cat/1092.jpg,cat
Cat/10922.jpg,cat
Cat/10923.jpg,cat
Cat/10926.jpg,cat
Cat/10927.jpg,cat
Cat/10929.jpg,cat
Cat/1093.jpg,cat
Cat/10930.jpg,cat
Cat/10931.jpg,cat
Cat/10932.jpg,cat
Cat/10933.jpg,cat
Cat/10934.jpg,cat
Cat/10935.jpg,cat
Cat/10938.jpg,cat
Cat/10941.jpg,cat
Cat/10943.jpg,cat
Cat/10944.jpg,cat
Cat/10946.jpg,cat
Cat/10949.jpg,cat
Cat/10951.jpg,cat
Cat/10952.jpg,cat
Cat/10953.jpg,cat
Cat/10954.jpg,cat
Cat/10962.jpg,cat
Cat/10963.jpg,cat
Cat/10966.jpg,cat
Cat/10968.jpg,cat
Cat/10971.jpg,cat
Cat/10974.jpg,cat
Cat/10975.jpg,cat
Cat/10981.jpg,cat
Cat/10982.jpg,cat
Cat/10983.jpg,cat
Cat/10987.jpg,cat
Cat/10988.jpg,cat
Cat/10989.jpg,cat
Cat/10991.jpg,cat
Cat/10993.jpg,cat
Cat/110.jpg,cat
Cat/1100.jpg,cat
Cat/11005.jpg,cat
Cat/11010.jpg,cat
Cat/11011.jpg,cat
Cat/11014.jpg,cat
Cat/11015.jpg,cat
Cat/11017.jpg,cat
Cat/1102.jpg,cat
Cat/11023.jpg,cat
Cat/11025.jpg,cat
Cat/11027.jpg,cat
Cat/1103.jpg,cat
Cat/11032.jpg,cat
Cat/11033.jpg,cat
Cat/11036.jpg,cat
Cat/11037.jpg,cat
Cat/1104.jpg,cat
Cat/11042.jpg,cat
Cat/11043.jpg,cat
Cat/11045.jpg,cat
Cat/11046.jpg,cat
Cat/11047.jpg,cat
Cat/1105.jpg,cat
Cat/11054.jpg,cat
Cat/11056.jpg,cat
Cat/11057.jpg,cat
Cat/11058.jpg,cat
Cat/11062.jpg,cat
Cat/11063.jpg,cat
Cat/11065.jpg,cat
Cat/11069.jpg,cat
Cat/11071.jpg,cat
Cat/11072.jpg,cat
Cat/1108.jpg,cat
Cat/11081.jpg,cat
Cat/11083.jpg,cat
Cat/11085.jpg,cat
Cat/11090.jpg,cat
Cat/11094.jpg,cat
Cat/11096.jpg,cat
Cat/11097.jpg,cat
Cat/11098.jpg,cat
Cat/111.jpg,cat
Cat/11101.jpg,cat
Cat/11103.jpg,cat
Cat/11105.jpg,cat
Cat/11108.jpg,cat
Cat/11110.jpg,cat
Cat/11113.jpg,cat
Cat/11119.jpg,cat
Cat/11120.jpg,cat
Cat/11121.jpg,cat
Cat/11124.jpg,cat
Cat/11129.jpg,cat
Cat/11131.jpg,cat
Cat/11137.jpg,cat
Cat/11139.jpg,cat
Cat/11140.jpg,cat
Cat/11144.jpg,cat
Cat/11147.jpg,cat
Cat/1115.jpg,cat
Cat/11151.jpg,cat
Cat/11156.jpg,cat
Cat/11158.jpg,cat
Cat/11163.jpg,cat
Cat/11165.jpg,cat
Cat/11168.jpg,cat
Cat/11174.jpg,cat
Cat/11177.jpg,cat
Cat/11180.jpg,cat
Cat/11182.jpg,cat
Cat/11185.jpg,cat
Cat/11191.jpg,cat
Cat/11192.jpg,cat
Cat/11195.jpg,cat
Cat/112.jpg,cat
Cat/1120.jpg,cat
Cat/11200.jpg,cat
Cat/11202.jpg,cat
Cat/11206.jpg,cat
Cat/11207.jpg,cat
Cat/11208.jpg,cat
Cat/1121.jpg,cat
Cat/11210.jpg,cat
Cat/11211.jpg,cat
Cat/11220.jpg,cat
Cat/11221.jpg,cat
Cat/11222.jpg,cat
Cat/11229.jpg,cat
Cat/11233.jpg,cat
Cat/1124.jpg,cat
Cat/11240.jpg,cat
Cat/11242.jpg,cat
Cat/11244.jpg,cat
Cat/11245.jpg,cat
Cat/11248.jpg,cat
Cat/11250.jpg,cat
Cat/11251.jpg,cat
Cat/11252.jpg,cat
Cat/11256.jpg,cat
Cat/11257.jpg,cat
Cat/11259.jpg,cat
Cat/11262.jpg,cat
Cat/11266.jpg,cat
Cat/1127.jpg,cat
Cat/11272.jpg,cat
Cat/11273.jpg,cat
Cat/11274.jpg,cat
Cat/11276.jpg,cat
Cat/11284.jpg,cat
Cat/11288.jpg,cat
Cat/11291.jpg,cat
Cat/11298.jpg,cat
Cat/113.jpg,cat
Cat/11300.jpg,cat
Cat/11301.jpg,cat
Cat/11304.jpg,cat
Cat/11305.jpg,cat
Cat/11306.jpg,cat
Cat/11310.jpg,cat
Cat/11315.jpg,cat
Cat/11317.jpg,cat
Cat/11322.jpg,cat
Cat/11324.jpg,cat
Cat/11325.jpg,cat
Cat/11327.jpg,cat
Cat/11328.jpg,cat
Cat/1133.jpg,cat
Cat/11336.jpg,cat
Cat/11337.jpg,cat
Cat/1134.jpg,cat
Cat/11340.jpg,cat
Cat/11342.jpg,cat
Cat/11344.jpg,cat
Cat/11345.jpg,cat
Cat/11346.jpg,cat
Cat/11348.jpg,cat
Cat/11349.jpg,cat
Cat/11350.jpg,cat
Cat/11352.jpg,cat
Cat/11355.jpg,cat
Cat/11359.jpg,cat
Cat/11362.jpg,cat
Cat/11364.jpg,cat
Cat/11365.jpg,cat
Cat/11368.jpg,cat
Cat/11369.jpg,cat
Cat/11374.jpg,cat
Cat/11377.jpg,cat
Cat/11379.jpg,cat
Cat/1138.jpg,cat
Cat/11384.jpg,cat
Cat/11385.jpg,cat
Cat/11387.jpg,cat
Cat/1139.jpg,cat
Cat/11391.jpg,cat
Cat/11393.jpg,cat
Cat/11394.jpg,cat
Cat/11395.jpg,cat
Cat/11396.jpg,cat
Cat/11398.jpg,cat
Cat/11399.jpg,cat
Cat/114.jpg,cat
Cat/11405.jpg,cat
Cat/11407.jpg,cat
Cat/1141.jpg,cat
Cat/11410.jpg,cat
Cat/11414.jpg,cat
Cat/11415.jpg,cat
Cat/11417.jpg,cat
Cat/11419.jpg,cat
Cat/11420.jpg,cat
Cat/11429.jpg,cat
Cat/1143.jpg,cat
Cat/11442.jpg,cat
Cat/11443.jpg,cat
Cat/11445.jpg,cat
Cat/11449.jpg,cat
Cat/11453.jpg,cat
Cat/11456.jpg,cat
Cat/1146.jpg,cat
Cat/11460.jpg,cat
Cat/11464.jpg,cat
Cat/11466.jpg,cat
Cat/11468.jpg,cat
Cat/11477.jpg,cat
Cat/11478.jpg,cat
Cat/11479.jpg,cat
Cat/11483.jpg,cat
Cat/11484.jpg,cat
Cat/11485.jpg,cat
Cat/1149.jpg,cat
Cat/11490.jpg,cat
Cat/11492.jpg,cat
Cat/11493.jpg,cat
Cat/11494.jpg,cat
Cat/11495.jpg,cat
Cat/11496.jpg,cat
Cat/11497.jpg,cat
Cat/11498.jpg,cat
Cat/11499.jpg,cat
Cat/115.jpg,cat
Cat/11501.jpg,cat
Cat/11505.jpg,cat
Cat/11506.jpg,cat
Cat/11507.jpg,cat
Cat/11508.jpg,cat
Cat/1151.jpg,cat
Cat/11512.jpg,cat
Cat/11515.jpg,cat
Cat/11516.jpg,cat
Cat/11519.jpg,cat
Cat/11520.jpg,cat
Cat/11521.jpg,cat
Cat/11522.jpg,cat
Cat/11523.jpg,cat
Cat/11527.jpg,cat
Cat/1153.jpg,cat
Cat/11534.jpg,cat
Cat/11535.jpg,cat
Cat/11539.jpg,cat
Cat/11542.jpg,cat
Cat/11549.jpg,cat
Cat/1155.jpg,cat
Cat/11550.jpg,cat
Cat/11554.jpg,cat
Cat/11559.jpg,cat
Cat/1156.jpg,cat
Cat/11561.jpg,cat
Cat/11562.jpg,cat
Cat/11568.jpg,cat
Cat/11569.jpg,cat
Cat/11571.jpg,cat
Cat/11573.jpg,cat
Cat/11574.jpg,cat
Cat/11577.jpg,cat
Cat/11579.jpg,cat
Cat/11580.jpg,cat
Cat/11581.jpg,cat
Cat/11584.jpg,cat
Cat/11585.jpg,cat
Cat/11586.jpg,cat
Cat/11587.jpg,cat
Cat/11590.jpg,cat
Cat/11593.jpg,cat
Cat/11595.jpg,cat
Cat/11599.jpg,cat
Cat/11600.jpg,cat
Cat/11601.jpg,cat
Cat/11603.jpg,cat
Cat/11604.jpg,cat
Cat/11606.jpg,cat
Cat/11607.jpg,cat
Cat/11609.jpg,cat
Cat/1161.jpg,cat
Cat/11613.jpg,cat
Cat/11614.jpg,cat
Cat/11616.jpg,cat
Cat/11619.jpg,cat
Cat/1162.jpg,cat
Cat/11622.jpg,cat
Cat/11623.jpg,cat
Cat/11628.jpg,cat
Cat/11629.jpg,cat
Cat/1163.jpg,cat
Cat/11630.jpg,cat
Cat/11632.jpg,cat
Cat/11643.jpg,cat
Cat/11646.jpg,cat
Cat/11654.jpg,cat
Cat/11655.jpg,cat
Cat/11658.jpg,cat
Cat/11659.jpg,cat
Cat/11662.jpg,cat
Cat/11671.jpg,cat
Cat/11672.jpg,cat
Cat/11673.jpg,cat
Cat/11674.jpg,cat
Cat/11676.jpg,cat
Cat/11677.jpg,cat
Cat/1168.jpg,cat
Cat/11681.jpg,cat
Cat/11683.jpg,cat
Cat/11684.jpg,cat
Cat/11687.jpg,cat
Cat/11688.jpg,cat
Cat/11689.jpg,cat
Cat/11690.jpg,cat
Cat/11691.jpg,cat
Cat/11692.jpg,cat
Cat/11696.jpg,cat
Cat/11697.jpg,cat
Cat/11699.jpg,cat
Cat/11704.jpg,cat
Cat/11705.jpg,cat
Cat/11706.jpg,cat
Cat/11707.jpg,cat
Cat/1171.jpg,cat
Cat/11710.jpg,cat
Cat/11713.jpg,cat
Cat/11715.jpg,cat
Cat/11716.jpg,cat
Cat/11720.jpg,cat
Cat/11723.jpg,cat
Cat/11725.jpg,cat
Cat/11729.jpg,cat
Cat/11733.jpg,cat
Cat/11736.jpg,cat
Cat/11737.jpg,cat
Cat/11738.jpg,cat
Cat/11739.jpg,cat
Cat/11740.jpg,cat
Cat/11742.jpg,cat
Cat/11744.jpg,cat
Cat/11748.jpg,cat
Cat/11750.jpg,cat
Cat/11751.jpg,cat
Cat/11752.jpg,cat
Cat/11756.jpg,cat
Cat/11758.jpg,cat
Cat/11760.jpg,cat
Cat/11761.jpg,cat
Cat/11762.jpg,cat
Cat/11763.jpg,cat
Cat/11766.jpg,cat
Cat/1177.jpg,cat
Cat/11774.jpg,cat
Cat/11777.jpg,cat
Cat/11779.jpg,cat
Cat/1178.jpg,cat
Cat/11782.jpg,cat
Cat/11783.jpg,cat
Cat/11784.jpg,cat
Cat/1179.jpg,cat
Cat/11790.jpg,cat
Cat/11792.jpg,cat
Cat/11795.jpg,cat
Cat/11798.jpg,cat
Cat/11806.jpg,cat
Cat/11808.jpg,cat
Cat/11809.jpg,cat
Cat/1181.jpg,cat
Cat/11811.jpg,cat
Cat/11812.jpg,cat
Cat/11814.jpg,cat
Cat/11815.jpg,cat
Cat/11817.jpg,cat
Cat/11818.jpg,cat
Cat/11820.jpg,cat
Cat/11821.jpg,cat
Cat/11823.jpg,cat
Cat/11826.jpg,cat
Cat/11828.jpg,cat
Cat/11832.jpg,cat
Cat/11833.jpg,cat
Cat/11836.jpg,cat
Cat/11838.jpg,cat
Cat/11839.jpg,cat
Cat/11843.jpg,cat
Cat/11846.jpg,cat
Cat/11847.jpg,cat
Cat/11848.jpg,cat
Cat/11849.jpg,cat
Cat/1185.jpg,cat
Cat/11851.jpg,cat
Cat/11853.jpg,cat
Cat/11854.jpg,cat
Cat/11855.jpg,cat
Cat/11856.jpg,cat
Cat/11857.jpg,cat
Cat/11861.jpg,cat
Cat/11863.jpg,cat
Cat/11864.jpg,cat
Cat/11866.jpg,cat
Cat/11876.jpg,cat
Cat/11878.jpg,cat
Cat/11879.jpg,cat
Cat/11880.jpg,cat
Cat/11881.jpg,cat
Cat/11882.jpg,cat
Cat/11884.jpg,cat
Cat/11885.jpg,cat
Cat/11887.jpg,cat
Cat/11888.jpg,cat
Cat/1189.jpg,cat
Cat/11897.jpg,cat
Cat/119.jpg,cat
Cat/11904.jpg,cat
Cat/11905.jpg,cat
Cat/11906.jpg,cat
Cat/11909.jpg,cat
Cat/1191.jpg,cat
Cat/11913.jpg,cat
Cat/11914.jpg,cat
Cat/11916.jpg,cat
Cat/1192.jpg,cat
Cat/11921.jpg,cat
Cat/11923.jpg,cat
Cat/11925.jpg,cat
Cat/11931.jpg,cat
Cat/11933.jpg,cat
Cat/11934.jpg,cat
Cat/1194.jpg,cat
Cat/11940.jpg,cat
Cat/11947.jpg,cat
Cat/11949.jpg,cat
Cat/11951.jpg,cat
Cat/11952.jpg,cat
Cat/11955.jpg,cat
Cat/11959.jpg,cat
Cat/1196.jpg,cat
Cat/11963.jpg,cat
Cat/11964.jpg,cat
Cat/11968.jpg,cat
Cat/11969.jpg,cat
Cat/11970.jpg,cat
Cat/11972.jpg,cat
Cat/11979.jpg,cat
Cat/11984.jpg,cat
Cat/11987.jpg,cat
Cat/11990.jpg,cat
Cat/11992.jpg,cat
Cat/11993.jpg,cat
Cat/11995.jpg,cat
Cat/11997.jpg,cat
Cat/12.jpg,cat
Cat/12000.jpg,cat
Cat/12001.jpg,cat
Cat/12002.jpg,cat
Cat/12003.jpg,cat
Cat/12004.jpg,cat
Cat/12006.jpg,cat
Cat/12007.jpg,cat
Cat/12008.jpg,cat
Cat/12013.jpg,cat
Cat/12014.jpg,cat
Cat/12015.jpg,cat
Cat/12018.jpg,cat
Cat/12024.jpg,cat
Cat/12025.jpg,cat
Cat/12026.jpg,cat
Cat/12037.jpg,cat
Cat/12038.jpg,cat
Cat/12039.jpg,cat
Cat/12040.jpg,cat
Cat/12044.jpg,cat
Cat/12049.jpg,cat
Cat/1205.jpg,cat
Cat/12052.jpg,cat
Cat/12059.jpg,cat
Cat/12060.jpg,cat
Cat/12062.jpg,cat
Cat/12063.jpg,cat
Cat/12066.jpg,cat
Cat/12067.jpg,cat
Cat/12068.jpg,cat
Cat/12070.jpg,cat
Cat/12071.jpg,cat
Cat/12074.jpg,cat
Cat/12076.jpg,cat
Cat/12077.jpg,cat
Cat/12078.jpg,cat
Cat/1208.jpg,cat
Cat/12081.jpg,cat
Cat/12084.jpg,cat
Cat/12087.jpg,cat
Cat/12088.jpg,cat
Cat/1209.jpg,cat
Cat/12091.jpg,cat
Cat/12093.jpg,cat
Cat/12096.jpg,cat
Cat/12097.jpg,cat
Cat/121.jpg,cat
Cat/12102.jpg,cat
Cat/12103.jpg,cat
Cat/12107.jpg,cat
Cat/12117.jpg,cat
Cat/12121.jpg,cat
Cat/12122.jpg,cat
Cat/12123.jpg,cat
Cat/12131.jpg,cat
Cat/12135.jpg,cat
Cat/12137.jpg,cat
Cat/12138.jpg,cat
Cat/12139.jpg,cat
Cat/12140.jpg,cat
Cat/12143.jpg,cat
Cat/12145.jpg,cat
Cat/12146.jpg,cat
Cat/12147.jpg,cat
Cat/1215.jpg,cat
Cat/12154.jpg,cat
Cat/12156.jpg,cat
Cat/12158.jpg,cat
Cat/12159.jpg,cat
Cat/12161.jpg,cat
Cat/12170.jpg,cat
Cat/12177.jpg,cat
Cat/12179.jpg,cat
Cat/12183.jpg,cat
Cat/12184.jpg,cat
Cat/12188.jpg,cat
Cat/12189.jpg,cat
Cat/12190.jpg,cat
Cat/12192.jpg,cat
Cat/12193.jpg,cat
Cat/12198.jpg,cat
Cat/12199.jpg,cat
Cat/122.jpg,cat
Cat/1220.jpg,cat
Cat/12201.jpg,cat
Cat/12202.jpg,cat
Cat/12204.jpg,cat
Cat/12205.jpg,cat
Cat/12206.jpg,cat
Cat/12210.jpg,cat
Cat/12214.jpg,cat
Cat/12219.jpg,cat
Cat/1222.jpg,cat
Cat/12220.jpg,cat
Cat/12221.jpg,cat
Cat/12222.jpg,cat
Cat/12223.jpg,cat
Cat/12224.jpg,cat
Cat/12229.jpg,cat
Cat/12230.jpg,cat
Cat/12235.jpg,cat
Cat/12238.jpg,cat
Cat/12242.jpg,cat
Cat/12246.jpg,cat
Cat/12248.jpg,cat
Cat/12255.jpg,cat
Cat/12256.jpg,cat
Cat/12257.jpg,cat
Cat/12260.jpg,cat
Cat/12261.jpg,cat
Cat/12265.jpg,cat
Cat/12269.jpg,cat
Cat/1227.jpg,cat
Cat/12270.jpg,cat
Cat/12272.jpg,cat
Cat/12274.jpg,cat
Cat/12276.jpg,cat
Cat/12277.jpg,cat
Cat/12278.jpg,cat
Cat/1228.jpg,cat
Cat/12280.jpg,cat
Cat/12282.jpg,cat
Cat/12285.jpg,cat
Cat/12287.jpg,cat
Cat/12289.jpg,cat
Cat/12291.jpg,cat
Cat/12293.jpg,cat
Cat/12297.jpg,cat
Cat/12298.jpg,cat
Cat/123.jpg,cat
Cat/12301.jpg,cat
Cat/12302.jpg,cat
Cat/12303.jpg,cat
Cat/12310.jpg,cat
Cat/12311.jpg,cat
Cat/12314.jpg,cat
Cat/12315.jpg,cat
Cat/12316.jpg,cat
Cat/12318.jpg,cat
Cat/1232.jpg,cat
Cat/12322.jpg,cat
Cat/12327.jpg,cat
Cat/12328.jpg,cat
Cat/12329.jpg,cat
Cat/1233.jpg,cat
Cat/12330.jpg,cat
Cat/12333.jpg,cat
Cat/12336.jpg,cat
Cat/1234.jpg,cat
Cat/12341.jpg,cat
Cat/12342.jpg,cat
Cat/12343.jpg,cat
Cat/12344.jpg,cat
Cat/12345.jpg,cat
Cat/12347.jpg,cat
Cat/12352.jpg,cat
Cat/12354.jpg,cat
Cat/12355.jpg,cat
Cat/12358.jpg,cat
Cat/1236.jpg,cat
Cat/12366.jpg,cat
Cat/12369.jpg,cat
Cat/12370.jpg,cat
Cat/12371.jpg,cat
Cat/12372.jpg,cat
Cat/12375.jpg,cat
Cat/12378.jpg,cat
Cat/1238.jpg,cat
Cat/12380.jpg,cat
Cat/12385.jpg,cat
Cat/12387.jpg,cat
Cat/12392.jpg,cat
Cat/12397.jpg,cat
Cat/124.jpg,cat
Cat/12401.jpg,cat
Cat/12405.jpg,cat
Cat/12406.jpg,cat
Cat/12407.jpg,cat
Cat/1241.jpg,cat
Cat/12421.jpg,cat
Cat/12424.jpg,cat
Cat/12427.jpg,cat
Cat/12428.jpg,cat
Cat/12431.jpg,cat
Cat/12432.jpg,cat
Cat/12436.jpg,cat
Cat/12438.jpg,cat
Cat/12441.jpg,cat
Cat/12446.jpg,cat
Cat/12449.jpg,cat
Cat/1245.jpg,cat
Cat/12450.jpg,cat
Cat/12455.jpg,cat
Cat/12456.jpg,cat
Cat/12459.jpg,cat
Cat/12463.jpg,cat
Cat/12467.jpg,cat
Cat/12472.jpg,cat
Cat/12473.jpg,cat
Cat/12475.jpg,cat
Cat/12476.jpg,cat
Cat/12478.jpg,cat
Cat/12480.jpg,cat
Cat/12482.jpg,cat
Cat/12484.jpg,cat
Cat/12485.jpg,cat
Cat/12488.jpg,cat
Cat/12497.jpg,cat
Cat/12498.jpg,cat
Cat/12499.jpg,cat
Cat/125.jpg,cat
Cat/1250.jpg,cat
Cat/1251.jpg,cat
Cat/1252.jpg,cat
Cat/1254.jpg,cat
Cat/1258.jpg,cat
Cat/1263.jpg,cat
Cat/1269.jpg,cat
Cat/127.jpg,cat
Cat/1271.jpg,cat
Cat/1274.jpg,cat
Cat/1278.jpg,cat
Cat/1281.jpg,cat
Cat/1283.jpg,cat
Cat/1284.jpg,cat
Cat/1287.jpg,cat
Cat/129.jpg,cat
Cat/1294.jpg,cat
Cat/1295.jpg,cat
Cat/1296.jpg,cat
Cat/1297.jpg,cat
Cat/1299.jpg,cat
Cat/13.jpg,cat
Cat/1301.jpg,cat
Cat/1302.jpg,cat
Cat/1305.jpg,cat
Cat/1306.jpg,cat
Cat/131.jpg,cat
Cat/1311.jpg,cat
Cat/1312.jpg,cat
Cat/1321.jpg,cat
Cat/1322.jpg,cat
Cat/1325.jpg,cat
Cat/1330.jpg,cat
Cat/1331.jpg,cat
Cat/1332.jpg,cat
Cat/1333.jpg,cat
Cat/1334.jpg,cat
Cat/1335.jpg,cat
Cat/1339.jpg,cat
Cat/134.jpg,cat
Cat/1348.jpg,cat
Cat/1349.jpg,cat
Cat/1351.jpg,cat
Cat/1352.jpg,cat
Cat/1353.jpg,cat
Cat/1355.jpg,cat
Cat/1358.jpg,cat
Cat/1359.jpg,cat
Cat/1360.jpg,cat
Cat/1361.jpg,cat
Cat/1365.jpg,cat
Cat/1367.jpg,cat
Cat/1368.jpg,cat
Cat/1369.jpg,cat
Cat/137.jpg,cat
Cat/1371.jpg,cat
Cat/1372.jpg,cat
Cat/1374.jpg,cat
Cat/1375.jpg,cat
Cat/1377.jpg,cat
Cat/138.jpg,cat
Cat/1382.jpg,cat
Cat/1387.jpg,cat
Cat/1388.jpg,cat
Cat/1399.jpg,cat
Cat/14.jpg,cat
Cat/1401.jpg,cat
Cat/1408.jpg,cat
Cat/1416.jpg,cat
Cat/142.jpg,cat
Cat/1421.jpg,cat
Cat/1424.jpg,cat
Cat/1425.jpg,cat
Cat/1426.jpg,cat
Cat/1429.jpg,cat
Cat/143.jpg,cat
Cat/1430.jpg,cat
Cat/1434.jpg,cat
Cat/1440.jpg,cat
Cat/1446.jpg,cat
Cat/1449.jpg,cat
Cat/1454.jpg,cat
Cat/1455.jpg,cat
Cat/1456.jpg,cat
Cat/1457.jpg,cat
Cat/1458.jpg,cat
Cat/146.jpg,cat
Cat/1460.jpg,cat
Cat/1461.jpg,cat
Cat/1465.jpg,cat
Cat/1469.jpg,cat
Cat/1471.jpg,cat
Cat/1472.jpg,cat
Cat/1475.jpg,cat
Cat/1476.jpg,cat
Cat/1479.jpg,cat
Cat/148.jpg,cat
Cat/1481.jpg,cat
Cat/1482.jpg,cat
Cat/1483.jpg,cat
Cat/1484.jpg,cat
Cat/1485.jpg,cat
Cat/1486.jpg,cat
Cat/1488.jpg,cat
Cat/1491.jpg,cat
Cat/1492.jpg,cat
Cat/1495.jpg,cat
Cat/1498.jpg,cat
Cat/15.jpg,cat
Cat/1501.jpg,cat
Cat/1506.jpg,cat
Cat/1509.jpg,cat
Cat/151.jpg,cat
Cat/1512.jpg,cat
Cat/1514.jpg,cat
Cat/1518.jpg,cat
Cat/1520.jpg,cat
Cat/1522.jpg,cat
Cat/1523.jpg,cat
Cat/1525.jpg,cat
Cat/1528.jpg,cat
Cat/1529.jpg,cat
Cat/153.jpg,cat
Cat/1531.jpg,cat
Cat/1532.jpg,cat
Cat/1533.jpg,cat
Cat/1534.jpg,cat
Cat/154.jpg,cat
Cat/1540.jpg,cat
Cat/1542.jpg,cat
Cat/1544.jpg,cat
Cat/1546.jpg,cat
Cat/1549.jpg,cat
Cat/1550.jpg,cat
Cat/1558.jpg,cat
Cat/156.jpg,cat
Cat/1560.jpg,cat
Cat/157.jpg,cat
Cat/1570.jpg,cat
Cat/1574.jpg,cat
Cat/1575.jpg,cat
Cat/1577.jpg,cat
Cat/1578.jpg,cat
Cat/1579.jpg,cat
Cat/1581.jpg,cat
Cat/1582.jpg,cat
Cat/1584.jpg,cat
Cat/1589.jpg,cat
Cat/159.jpg,cat
Cat/1590.jpg,cat
Cat/1593.jpg,cat
Cat/1594.jpg,cat
Cat/16.jpg,cat
Cat/1608.jpg,cat
Cat/1610.jpg,cat
Cat/1614.jpg,cat
Cat/1617.jpg,cat
Cat/1618.jpg,cat
Cat/1623.jpg,cat
Cat/1624.jpg,cat
Cat/1625.jpg,cat
Cat/1626.jpg,cat
Cat/163.jpg,cat
Cat/1632.jpg,cat
Cat/1633.jpg,cat
Cat/1640.jpg,cat
Cat/1642.jpg,cat
Cat/1645.jpg,cat
Cat/1646.jpg,cat
Cat/1650.jpg,cat
Cat/1652.jpg,cat
Cat/1653.jpg,cat
Cat/1654.jpg,cat
Cat/1656.jpg,cat
Cat/166.jpg,cat
Cat/1660.jpg,cat
Cat/1666.jpg,cat
Cat/1667.jpg,cat
Cat/1668.jpg,cat
Cat/167.jpg,cat
Cat/1671.jpg,cat
Cat/1672.jpg,cat
Cat/1676.jpg,cat
Cat/1678.jpg,cat
Cat/1681.jpg,cat
Cat/1682.jpg,cat
Cat/1686.jpg,cat
Cat/1689.jpg,cat
Cat/169.jpg,cat
Cat/1693.jpg,cat
Cat/1694.jpg,cat
Cat/1695.jpg,cat
Cat/1697.jpg,cat
Cat/1699.jpg,cat
Cat/1700.jpg,cat
Cat/1702.jpg,cat
Cat/171.jpg,cat
Cat/1710.jpg,cat
Cat/1712.jpg,cat
Cat/1714.jpg,cat
Cat/1717.jpg,cat
Cat/1718.jpg,cat
Cat/1719.jpg,cat
Cat/1720.jpg,cat
Cat/1722.jpg,cat
Cat/1723.jpg,cat
Cat/1728.jpg,cat
Cat/173.jpg,cat
Cat/1730.jpg,cat
Cat/1732.jpg,cat
Cat/1737.jpg,cat
Cat/1738.jpg,cat
Cat/1739.jpg,cat
Cat/174.jpg,cat
Cat/1740.jpg,cat
Cat/1742.jpg,cat
Cat/1743.jpg,cat
Cat/1749.jpg,cat
Cat/1751.jpg,cat
Cat/1752.jpg,cat
Cat/1757.jpg,cat
Cat/176.jpg,cat
Cat/1761.jpg,cat
Cat/1762.jpg,cat
Cat/1763.jpg,cat
Cat/1765.jpg,cat
Cat/1766.jpg,cat
Cat/1767.jpg,cat
Cat/1769.jpg,cat
Cat/177.jpg,cat
Cat/1774.jpg,cat
Cat/1776.jpg,cat
Cat/1777.jpg,cat
Cat/1779.jpg,cat
Cat/1782.jpg,cat
Cat/1785.jpg,cat
Cat/1786.jpg,cat
Cat/1787.jpg,cat
Cat/1788.jpg,cat
Cat/1790.jpg,cat
Cat/1791.jpg,cat
Cat/1792.jpg,cat
Cat/1795.jpg,cat
Cat/1796.jpg,cat
Cat/18.jpg,cat
Cat/1803.jpg,cat
Cat/1804.jpg,cat
Cat/1805.jpg,cat
Cat/1806.jpg,cat
Cat/1807.jpg,cat
Cat/181.jpg,cat
Cat/1813.jpg,cat
Cat/1818.jpg,cat
Cat/1820.jpg,cat
Cat/1821.jpg,cat
Cat/1825.jpg,cat
Cat/1828.jpg,cat
Cat/183.jpg,cat
Cat/1830.jpg,cat
Cat/1833.jpg,cat
Cat/1835.jpg,cat
Cat/184.jpg,cat
Cat/1840.jpg,cat
Cat/1844.jpg,cat
Cat/1847.jpg,cat
Cat/1848.jpg,cat
Cat/1849.jpg,cat
Cat/1852.jpg,cat
Cat/1854.jpg,cat
Cat/1856.jpg,cat
Cat/1859.jpg,cat
Cat/1860.jpg,cat
Cat/1861.jpg,cat
Cat/1863.jpg,cat
Cat/1868.jpg,cat
Cat/1872.jpg,cat
Cat/1877.jpg,cat
Cat/1878.jpg,cat
Cat/188.jpg,cat
Cat/1880.jpg,cat
Cat/1882.jpg,cat
Cat/1884.jpg,cat
Cat/1885.jpg,cat
Cat/189.jpg,cat
Cat/1891.jpg,cat
Cat/1892.jpg,cat
Cat/1894.jpg,cat
Cat/1899.jpg,cat
Cat/1901.jpg,cat
Cat/1907.jpg,cat
Cat/1908.jpg,cat
Cat/1909.jpg,cat
Cat/1911.jpg,cat
Cat/1915.jpg,cat
Cat/1916.jpg,cat
Cat/1917.jpg,cat
Cat/1918.jpg,cat
Cat/1922.jpg,cat
Cat/1925.jpg,cat
Cat/1926.jpg,cat
Cat/1927.jpg,cat
Cat/1932.jpg,cat
Cat/1934.jpg,cat
Cat/1935.jpg,cat
Cat/1936.jpg,cat
Cat/1937.jpg,cat
Cat/1938.jpg,cat
Cat/194.jpg,cat
Cat/1943.jpg,cat
Cat/1947.jpg,cat
Cat/1948.jpg,cat
Cat/1949.jpg,cat
Cat/1950.jpg,cat
Cat/1951.jpg,cat
Cat/1952.jpg,cat
Cat/1953.jpg,cat
Cat/1957.jpg,cat
Cat/196.jpg,cat
Cat/1960.jpg,cat
Cat/1963.jpg,cat
Cat/1964.jpg,cat
Cat/1966.jpg,cat
Cat/1973.jpg,cat
Cat/1974.jpg,cat
Cat/1976.jpg,cat
Cat/1980.jpg,cat
Cat/1982.jpg,cat
Cat/1983.jpg,cat
Cat/1986.jpg,cat
Cat/1989.jpg,cat
Cat/199.jpg,cat
Cat/1994.jpg,cat
Cat/1995.jpg,cat
Cat/1996.jpg,cat
Cat/1999.jpg,cat
Cat/2000.jpg,cat
Cat/2001.jpg,cat
Cat/2005.jpg,cat
Cat/2006.jpg,cat
Cat/2007.jpg,cat
Cat/2013.jpg,cat
Cat/2014.jpg,cat
Cat/2016.jpg,cat
Cat/2018.jpg,cat
Cat/2019.jpg,cat
Cat/202.jpg,cat
Cat/2021.jpg,cat
Cat/2027.jpg,cat
Cat/2028.jpg,cat
Cat/203.jpg,cat
Cat/2031.jpg,cat
Cat/2032.jpg,cat
Cat/2035.jpg,cat
Cat/2037.jpg,cat
Cat/2039.jpg,cat
Cat/204.jpg,cat
Cat/2043.jpg,cat
Cat/2044.jpg,cat
Cat/2046.jpg,cat
Cat/2047.jpg,cat
Cat/2049.jpg,cat
Cat/205.jpg,cat
Cat/2050.jpg,cat
Cat/2051.jpg,cat
Cat/2052.jpg,cat
Cat/2059.jpg,cat
Cat/2061.jpg,cat
Cat/2067.jpg,cat
Cat/2069.jpg,cat
Cat/207.jpg,cat
Cat/2071.jpg,cat
Cat/2072.jpg,cat
Cat/2073.jpg,cat
Cat/2076.jpg,cat
Cat/2079.jpg,cat
Cat/2081.jpg,cat
Cat/2085.jpg,cat
Cat/209.jpg,cat
Cat/2090.jpg,cat
Cat/2094.jpg,cat
Cat/2096.jpg,cat
Cat/2097.jpg,cat
Cat/2099.jpg,cat
Cat/21.jpg,cat
Cat/2100.jpg,cat
Cat/2106.jpg,cat
Cat/2110.jpg,cat
Cat/2113.jpg,cat
Cat/2116.jpg,cat
Cat/2118.jpg,cat
Cat/2119.jpg,cat
Cat/2122.jpg,cat
Cat/2129.jpg,cat
Cat/2130.jpg,cat
Cat/2131.jpg,cat
Cat/2132.jpg,cat
Cat/2134.jpg,cat
Cat/2135.jpg,cat
Cat/2138.jpg,cat
Cat/2140.jpg,cat
Cat/2142.jpg,cat
Cat/2143.jpg,cat
Cat/2144.jpg,cat
Cat/2145.jpg,cat
Cat/2147.jpg,cat
Cat/2148.jpg,cat
Cat/2149.jpg,cat
Cat/2151.jpg,cat
Cat/2152.jpg,cat
Cat/2158.jpg,cat
Cat/2162.jpg,cat
Cat/2164.jpg,cat
Cat/2165.jpg,cat
Cat/2166.jpg,cat
Cat/217.jpg,cat
Cat/2171.jpg,cat
Cat/2173.jpg,cat
Cat/2175.jpg,cat
Cat/2179.jpg,cat
Cat/2182.jpg,cat
Cat/2184.jpg,cat
Cat/219.jpg,cat
Cat/2190.jpg,cat
Cat/2196.jpg,cat
Cat/2197.jpg,cat
Cat/220.jpg,cat
Cat/2202.jpg,cat
Cat/2204.jpg,cat
Cat/2206.jpg,cat
Cat/2207.jpg,cat
Cat/2208.jpg,cat
Cat/2209.jpg,cat
Cat/2210.jpg,cat
Cat/2212.jpg,cat
Cat/2216.jpg,cat
Cat/2218.jpg,cat
Cat/222.jpg,cat
Cat/2220.jpg,cat
Cat/2221.jpg,cat
Cat/2222.jpg,cat
Cat/2223.jpg,cat
Cat/2224.jpg,cat
Cat/2226.jpg,cat
Cat/223.jpg,cat
Cat/2230.jpg,cat
Cat/2232.jpg,cat
Cat/2237.jpg,cat
Cat/2239.jpg,cat
Cat/2241.jpg,cat
Cat/2247.jpg,cat
Cat/2249.jpg,cat
Cat/2253.jpg,cat
Cat/2255.jpg,cat
Cat/226.jpg,cat
Cat/2260.jpg,cat
Cat/2262.jpg,cat
Cat/2268.jpg,cat
Cat/227.jpg,cat
Cat/2274.jpg,cat
Cat/2276.jpg,cat
Cat/2278.jpg,cat
Cat/2283.jpg,cat
Cat/2284.jpg,cat
Cat/2289.jpg,cat
Cat/2290.jpg,cat
Cat/2291.jpg,cat
Cat/2293.jpg,cat
Cat/2294.jpg,cat
Cat/2297.jpg,cat
Cat/23.jpg,cat
Cat/230.jpg,cat
Cat/2301.jpg,cat
Cat/2302.jpg,cat
Cat/2304.jpg,cat
Cat/2307.jpg,cat
Cat/2309.jpg,cat
Cat/231.jpg,cat
Cat/2311.jpg,cat
Cat/2313.jpg,cat
Cat/2314.jpg,cat
Cat/2315.jpg,cat
Cat/2319.jpg,cat
Cat/2322.jpg,cat
Cat/2326.jpg,cat
Cat/2327.jpg,cat
Cat/233.jpg,cat
Cat/2331.jpg,cat
Cat/2332.jpg,cat
Cat/2333.jpg,cat
Cat/2334.jpg,cat
Cat/2335.jpg,cat
Cat/2338.jpg,cat
Cat/2340.jpg,cat
Cat/2341.jpg,cat
Cat/2342.jpg,cat
Cat/2345.jpg,cat
Cat/2347.jpg,cat
Cat/2349.jpg,cat
Cat/235.jpg,cat
Cat/2355.jpg,cat
Cat/2356.jpg,cat
Cat/2359.jpg,cat
Cat/2361.jpg,cat
Cat/2368.jpg,cat
Cat/2369.jpg,cat
Cat/237.jpg,cat
Cat/2373.jpg,cat
Cat/2374.jpg,cat
Cat/2376.jpg,cat
Cat/2377.jpg,cat
Cat/2378.jpg,cat
Cat/2381.jpg,cat
Cat/2387.jpg,cat
Cat/2388.jpg,cat
Cat/2389.jpg,cat
Cat/239.jpg,cat
Cat/2392.jpg,cat
Cat/2393.jpg,cat
Cat/2396.jpg,cat
Cat/2397.jpg,cat
Cat/2398.jpg,cat
Cat/2399.jpg,cat
Cat/240.jpg,cat
Cat/2401.jpg,cat
Cat/2403.jpg,cat
Cat/2410.jpg,cat
Cat/2411.jpg,cat
Cat/2414.jpg,cat
Cat/2416.jpg,cat
Cat/2419.jpg,cat
Cat/2421.jpg,cat
Cat/2422.jpg,cat
Cat/2423.jpg,cat
Cat/2424.jpg,cat
Cat/243.jpg,cat
Cat/2432.jpg,cat
Cat/2434.jpg,cat
Cat/2436.jpg,cat
Cat/2439.jpg,cat
Cat/2441.jpg,cat
Cat/2442.jpg,cat
Cat/2443.jpg,cat
Cat/2444.jpg,cat
Cat/2447.jpg,cat
Cat/2449.jpg,cat
Cat/245.jpg,cat
Cat/2450.jpg,cat
Cat/2451.jpg,cat
Cat/2452.jpg,cat
Cat/2453.jpg,cat
Cat/2455.jpg,cat
Cat/2456.jpg,cat
Cat/246.jpg,cat
Cat/2462.jpg,cat
Cat/2465.jpg,cat
Cat/2466.jpg,cat
Cat/2468.jpg,cat
Cat/2473.jpg,cat
Cat/2476.jpg,cat
Cat/2479.jpg,cat
Cat/2480.jpg,cat
Cat/2482.jpg,cat
Cat/2484.jpg,cat
Cat/2489.jpg,cat
Cat/2490.jpg,cat
Cat/2491.jpg,cat
Cat/2496.jpg,cat
Cat/2497.jpg,cat
Cat/25.jpg,cat
Cat/250.jpg,cat
Cat/2500.jpg,cat
Cat/2503.jpg,cat
Cat/2504.jpg,cat
Cat/2505.jpg,cat
Cat/2506.jpg,cat
Cat/2508.jpg,cat
Cat/2511.jpg,cat
Cat/2516.jpg,cat
Cat/2517.jpg,cat
Cat/2519.jpg,cat
Cat/2520.jpg,cat
Cat/2522.jpg,cat
Cat/2523.jpg,cat
Cat/2524.jpg,cat
Cat/2525.jpg,cat
Cat/2527.jpg,cat
Cat/2528.jpg,cat
Cat/253.jpg,cat
Cat/2531.jpg,cat
Cat/2532.jpg,cat
Cat/2533.jpg,cat
Cat/2534.jpg,cat
Cat/2536.jpg,cat
Cat/2538.jpg,cat
Cat/2539.jpg,cat
Cat/2540.jpg,cat
Cat/2543.jpg,cat
Cat/2545.jpg,cat
Cat/2549.jpg,cat
Cat/2550.jpg,cat
Cat/2553.jpg,cat
Cat/2554.jpg,cat
Cat/2557.jpg,cat
Cat/2558.jpg,cat
Cat/2559.jpg,cat
Cat/2564.jpg,cat
Cat/2567.jpg,cat
Cat/2569.jpg,cat
Cat/257.jpg,cat
Cat/2573.jpg,cat
Cat/2575.jpg,cat
Cat/2576.jpg,cat
Cat/2577.jpg,cat
Cat/2579.jpg,cat
Cat/258.jpg,cat
Cat/2581.jpg,cat
Cat/2585.jpg,cat
Cat/2587.jpg,cat
Cat/259.jpg,cat
Cat/2593.jpg,cat
Cat/2594.jpg,cat
Cat/2596.jpg,cat
Cat/2597.jpg,cat
Cat/2600.jpg,cat
Cat/2602.jpg,cat
Cat/2606.jpg,cat
Cat/2607.jpg,cat
Cat/2609.jpg,cat
Cat/261.jpg,cat
Cat/2611.jpg,cat
Cat/2612.jpg,cat
Cat/2613.jpg,cat
Cat/2614.jpg,cat
Cat/2615.jpg,cat
Cat/262.jpg,cat
Cat/2620.jpg,cat
Cat/2621.jpg,cat
Cat/2624.jpg,cat
Cat/2626.jpg,cat
Cat/2627.jpg,cat
Cat/2629.jpg,cat
Cat/2630.jpg,cat
Cat/2633.jpg,cat
Cat/2634.jpg,cat
Cat/2636.jpg,cat
Cat/264.jpg,cat
Cat/2640.jpg,cat
Cat/2642.jpg,cat
Cat/2644.jpg,cat
Cat/2647.jpg,cat
Cat/265.jpg,cat
Cat/2651.jpg,cat
Cat/2655.jpg,cat
Cat/2658.jpg,cat
Cat/266.jpg,cat
Cat/2667.jpg,cat
Cat/267.jpg,cat
Cat/2670.jpg,cat
Cat/2671.jpg,cat
Cat/2672.jpg,cat
Cat/2675.jpg,cat
Cat/268.jpg,cat
Cat/2683.jpg,cat
Cat/2685.jpg,cat
Cat/2686.jpg,cat
Cat/2687.jpg,cat
Cat/269.jpg,cat
Cat/2690.jpg,cat
Cat/2691.jpg,cat
Cat/2694.jpg,cat
Cat/2698.jpg,cat
Cat/27.jpg,cat
Cat/2701.jpg,cat
Cat/2702.jpg,cat
Cat/2705.jpg,cat
Cat/2711.jpg,cat
Cat/2714.jpg,cat
Cat/2716.jpg,cat
Cat/2717.jpg,cat
Cat/2718.jpg,cat
Cat/2719.jpg,cat
Cat/2721.jpg,cat
Cat/2724.jpg,cat
Cat/2725.jpg,cat
Cat/2726.jpg,cat
Cat/2728.jpg,cat
Cat/2732.jpg,cat
Cat/2735.jpg,cat
Cat/2736.jpg,cat
Cat/2737.jpg,cat
Cat/2738.jpg,cat
Cat/2743.jpg,cat
Cat/2747.jpg,cat
Cat/2748.jpg,cat
Cat/2749.jpg,cat
Cat/2750.jpg,cat
Cat/2751.jpg,cat
Cat/2753.jpg,cat
Cat/2757.jpg,cat
Cat/2760.jpg,cat
Cat/2765.jpg,cat
Cat/2767.jpg,cat
Cat/2768.jpg,cat
Cat/2769.jpg,cat
Cat/2775.jpg,cat
Cat/2778.jpg,cat
Cat/2779.jpg,cat
Cat/2782.jpg,cat
Cat/2787.jpg,cat
Cat/2789.jpg,cat
Cat/2791.jpg,cat
Cat/2796.jpg,cat
Cat/2797.jpg,cat
Cat/2800.jpg,cat
Cat/2802.jpg,cat
Cat/2806.jpg,cat
Cat/2810.jpg,cat
Cat/2811.jpg,cat
Cat/2816.jpg,cat
Cat/2820.jpg,cat
Cat/2824.jpg,cat
Cat/2825.jpg,cat
Cat/2826.jpg,cat
Cat/2827.jpg,cat
Cat/283.jpg,cat
Cat/2830.jpg,cat
Cat/2832.jpg,cat
Cat/2837.jpg,cat
Cat/2838.jpg,cat
Cat/2839.jpg,cat
Cat/284.jpg,cat
Cat/2845.jpg,cat
Cat/2848.jpg,cat
Cat/2850.jpg,cat
Cat/2851.jpg,cat
Cat/2856.jpg,cat
Cat/2858.jpg,cat
Cat/2864.jpg,cat
Cat/2866.jpg,cat
Cat/2869.jpg,cat
Cat/2870.jpg,cat
Cat/2873.jpg,cat
Cat/2875.jpg,cat
Cat/2877.jpg,cat
Cat/2880.jpg,cat
Cat/2882.jpg,cat
Cat/2883.jpg,cat
Cat/2888.jpg,cat
Cat/2892.jpg,cat
Cat/2894.jpg,cat
Cat/2895.jpg,cat
Cat/2897.jpg,cat
Cat/2899.jpg,cat
Cat/2901.jpg,cat
Cat/2903.jpg,cat
Cat/2904.jpg,cat
Cat/2905.jpg,cat
Cat/2906.jpg,cat
Cat/2907.jpg,cat
Cat/2908.jpg,cat
Cat/2910.jpg,cat
Cat/2911.jpg,cat
Cat/2912.jpg,cat
Cat/2915.jpg,cat
Cat/2917.jpg,cat
Cat/292.jpg,cat
Cat/2922.jpg,cat
Cat/2929.jpg,cat
Cat/2934.jpg,cat
Cat/2938.jpg,cat
Cat/2939.jpg,cat
Cat/294.jpg,cat
Cat/2947.jpg,cat
Cat/2951.jpg,cat
Cat/2954.jpg,cat
Cat/2955.jpg,cat
Cat/2959.jpg,cat
Cat/2960.jpg,cat
Cat/2961.jpg,cat
Cat/2966.jpg,cat
Cat/2967.jpg,cat
Cat/2969.jpg,cat
Cat/2970.jpg,cat
Cat/2971.jpg,cat
Cat/2973.jpg,cat
Cat/2975.jpg,cat
Cat/2978.jpg,cat
Cat/2979.jpg,cat
Cat/2980.jpg,cat
Cat/2983.jpg,cat
Cat/2987.jpg,cat
Cat/2991.jpg,cat
Cat/2993.jpg,cat
Cat/2994.jpg,cat
Cat/2995.jpg,cat
Cat/30.jpg,cat
Cat/3000.jpg,cat
Cat/3009.jpg,cat
Cat/301.jpg,cat
Cat/3012.jpg,cat
Cat/3014.jpg,cat
Cat/3016.jpg,cat
Cat/3017.jpg,cat
Cat/3018.jpg,cat
Cat/3019.jpg,cat
Cat/3020.jpg,cat
Cat/3029.jpg,cat
Cat/3030.jpg,cat
Cat/3038.jpg,cat
Cat/304.jpg,cat
Cat/3043.jpg,cat
Cat/3045.jpg,cat
Cat/3047.jpg,cat
Cat/305.jpg,cat
Cat/3050.jpg,cat
Cat/3052.jpg,cat
Cat/3054.jpg,cat
Cat/3055.jpg,cat
Cat/306.jpg,cat
Cat/3060.jpg,cat
Cat/3061.jpg,cat
Cat/3062.jpg,cat
Cat/3066.jpg,cat
Cat/3071.jpg,cat
Cat/3072.jpg,cat
Cat/3073.jpg,cat
Cat/3075.jpg,cat
Cat/3081.jpg,cat
Cat/3084.jpg,cat
Cat/3085.jpg,cat
Cat/3088.jpg,cat
Cat/3089.jpg,cat
Cat/3091.jpg,cat
Cat/3093.jpg,cat
Cat/3094.jpg,cat
Cat/3095.jpg,cat
Cat/310.jpg,cat
Cat/3102.jpg,cat
Cat/3104.jpg,cat
Cat/3106.jpg,cat
Cat/3107.jpg,cat
Cat/3108.jpg,cat
Cat/311.jpg,cat
Cat/3110.jpg,cat
Cat/3112.jpg,cat
Cat/3114.jpg,cat
Cat/3118.jpg,cat
Cat/3121.jpg,cat
Cat/3124.jpg,cat
Cat/3127.jpg,cat
Cat/3129.jpg,cat
Cat/313.jpg,cat
Cat/3132.jpg,cat
Cat/3134.jpg,cat
Cat/3140.jpg,cat
Cat/3145.jpg,cat
Cat/3149.jpg,cat
Cat/315.jpg,cat
Cat/3151.jpg,cat
Cat/3154.jpg,cat
Cat/3156.jpg,cat
Cat/3158.jpg,cat
Cat/3160.jpg,cat
Cat/3161.jpg,cat
Cat/3169.jpg,cat
Cat/3172.jpg,cat
Cat/3173.jpg,cat
Cat/318.jpg,cat
Cat/3180.jpg,cat
Cat/3184.jpg,cat
Cat/3185.jpg,cat
Cat/3186.jpg,cat
Cat/3188.jpg,cat
Cat/3190.jpg,cat
Cat/3191.jpg,cat
Cat/3192.jpg,cat
Cat/3196.jpg,cat
Cat/3197.jpg,cat
Cat/32.jpg,cat
Cat/3201.jpg,cat
Cat/3202.jpg,cat
Cat/3203.jpg,cat
Cat/3205.jpg,cat
Cat/3206.jpg,cat
Cat/3207.jpg,cat
Cat/3209.jpg,cat
Cat/3210.jpg,cat
Cat/3214.jpg,cat
Cat/3216.jpg,cat
Cat/3217.jpg,cat
Cat/3220.jpg,cat
Cat/3222.jpg,cat
Cat/3225.jpg,cat
Cat/323.jpg,cat
Cat/3230.jpg,cat
Cat/3231.jpg,cat
Cat/3233.jpg,cat
Cat/3237.jpg,cat
Cat/3239.jpg,cat
Cat/3241.jpg,cat
Cat/3242.jpg,cat
Cat/3244.jpg,cat
Cat/3247.jpg,cat
Cat/3248.jpg,cat
Cat/3250.jpg,cat
Cat/3253.jpg,cat
Cat/3257.jpg,cat
Cat/3259.jpg,cat
Cat/326.jpg,cat
Cat/3260.jpg,cat
Cat/3266.jpg,cat
Cat/3267.jpg,cat
Cat/3268.jpg,cat
Cat/3271.jpg,cat
Cat/3272.jpg,cat
Cat/3274.jpg,cat
Cat/3275.jpg,cat
Cat/3277.jpg,cat
Cat/3284.jpg,cat
Cat/3291.jpg,cat
Cat/3292.jpg,cat
Cat/3298.jpg,cat
Cat/3299.jpg,cat
Cat/330.jpg,cat
Cat/3304.jpg,cat
Cat/3307.jpg,cat
Cat/331.jpg,cat
Cat/3312.jpg,cat
Cat/3313.jpg,cat
Cat/3319.jpg,cat
Cat/3320.jpg,cat
Cat/3321.jpg,cat
Cat/3322.jpg,cat
Cat/3323.jpg,cat
Cat/3329.jpg,cat
Cat/3337.jpg,cat
Cat/3339.jpg,cat
Cat/334.jpg,cat
Cat/3347.jpg,cat
Cat/3351.jpg,cat
Cat/3355.jpg,cat
Cat/3356.jpg,cat
Cat/3357.jpg,cat
Cat/3359.jpg,cat
Cat/3364.jpg,cat
Cat/3368.jpg,cat
Cat/3370.jpg,cat
Cat/3372.jpg,cat
Cat/3374.jpg,cat
Cat/3379.jpg,cat
Cat/338.jpg,cat
Cat/3381.jpg,cat
Cat/3386.jpg,cat
Cat/3387.jpg,cat
Cat/3389.jpg,cat
Cat/3390.jpg,cat
Cat/3391.jpg,cat
Cat/3393.jpg,cat
Cat/34.jpg,cat
Cat/340.jpg,cat
Cat/3400.jpg,cat
Cat/3403.jpg,cat
Cat/3404.jpg,cat
Cat/3407.jpg,cat
Cat/3408.jpg,cat
Cat/3410.jpg,cat
Cat/3413.jpg,cat
Cat/3415.jpg,cat
Cat/3416.jpg,cat
Cat/3417.jpg,cat
Cat/3418.jpg,cat
Cat/3421.jpg,cat
Cat/3423.jpg,cat
Cat/3424.jpg,cat
Cat/3425.jpg,cat
Cat/3432.jpg,cat
Cat/3434.jpg,cat
Cat/3439.jpg,cat
Cat/344.jpg,cat
Cat/3442.jpg,cat
Cat/3445.jpg,cat
Cat/3453.jpg,cat
Cat/3458.jpg,cat
Cat/3459.jpg,cat
Cat/3461.jpg,cat
Cat/3465.jpg,cat
Cat/3466.jpg,cat
Cat/3468.jpg,cat
Cat/3469.jpg,cat
Cat/347.jpg,cat
Cat/3471.jpg,cat
Cat/3472.jpg,cat
Cat/3477.jpg,cat
Cat/3479.jpg,cat
Cat/348.jpg,cat
Cat/3480.jpg,cat
Cat/3483.jpg,cat
Cat/3490.jpg,cat
Cat/3494.jpg,cat
Cat/3495.jpg,cat
Cat/3502.jpg,cat
Cat/3508.jpg,cat
Cat/3511.jpg,cat
Cat/3512.jpg,cat
Cat/3517.jpg,cat
Cat/3519.jpg,cat
Cat/3522.jpg,cat
Cat/3525.jpg,cat
Cat/3527.jpg,cat
Cat/3528.jpg,cat
Cat/3529.jpg,cat
Cat/353.jpg,cat
Cat/3533.jpg,cat
Cat/3536.jpg,cat
Cat/3542.jpg,cat
Cat/3543.jpg,cat
Cat/3547.jpg,cat
Cat/355.jpg,cat
Cat/3550.jpg,cat
Cat/3553.jpg,cat
Cat/3555.jpg,cat
Cat/3558.jpg,cat
Cat/3568.jpg,cat
Cat/3571.jpg,cat
Cat/3575.jpg,cat
Cat/3576.jpg,cat
Cat/3580.jpg,cat
Cat/3581.jpg,cat
Cat/3584.jpg,cat
Cat/3586.jpg,cat
Cat/3587.jpg,cat
Cat/3588.jpg,cat
Cat/359.jpg,cat
Cat/3591.jpg,cat
Cat/3595.jpg,cat
Cat/3596.jpg,cat
Cat/3597.jpg,cat
Cat/3598.jpg,cat
Cat/3599.jpg,cat
Cat/3600.jpg,cat
Cat/3608.jpg,cat
Cat/3609.jpg,cat
Cat/361.jpg,cat
Cat/3610.jpg,cat
Cat/3611.jpg,cat
Cat/3614.jpg,cat
Cat/3616.jpg,cat
Cat/3617.jpg,cat
Cat/3619.jpg,cat
Cat/362.jpg,cat
Cat/3621.jpg,cat
Cat/3622.jpg,cat
Cat/3625.jpg,cat
Cat/3627.jpg,cat
Cat/3628.jpg,cat
Cat/3633.jpg,cat
Cat/3637.jpg,cat
Cat/364.jpg,cat
Cat/3640.jpg,cat
Cat/3650.jpg,cat
Cat/3652.jpg,cat
Cat/3654.jpg,cat
Cat/3655.jpg,cat
Cat/3656.jpg,cat
Cat/3657.jpg,cat
Cat/3659.jpg,cat
Cat/366.jpg,cat
Cat/3663.jpg,cat
Cat/3668.jpg,cat
Cat/3669.jpg,cat
Cat/3677.jpg,cat
Cat/3678.jpg,cat
Cat/3680.jpg,cat
Cat/3681.jpg,cat
Cat/3682.jpg,cat
Cat/3686.jpg,cat
Cat/3687.jpg,cat
Cat/3689.jpg,cat
Cat/369.jpg,cat
Cat/3690.jpg,cat
Cat/3691.jpg,cat
Cat/3692.jpg,cat
Cat/3694.jpg,cat
Cat/3695.jpg,cat
Cat/3696.jpg,cat
Cat/3698.jpg,cat
Cat/3700.jpg,cat
Cat/3703.jpg,cat
Cat/3705.jpg,cat
Cat/3708.jpg,cat
Cat/371.jpg,cat
Cat/3711.jpg,cat
Cat/3716.jpg,cat
Cat/3717.jpg,cat
Cat/3718.jpg,cat
Cat/3723.jpg,cat
Cat/3724.jpg,cat
Cat/3726.jpg,cat
Cat/3727.jpg,cat
Cat/3728.jpg,cat
Cat/3735.jpg,cat
Cat/3737.jpg,cat
Cat/3740.jpg,cat
Cat/3742.jpg,cat
Cat/3743.jpg,cat
Cat/3746.jpg,cat
Cat/3747.jpg,cat
Cat/3748.jpg,cat
Cat/3750.jpg,cat
Cat/3752.jpg,cat
Cat/3753.jpg,cat
Cat/3754.jpg,cat
Cat/3757.jpg,cat
Cat/3758.jpg,cat
Cat/376.jpg,cat
Cat/3761.jpg,cat
Cat/3765.jpg,cat
Cat/3767.jpg,cat
Cat/377.jpg,cat
Cat/3771.jpg,cat
Cat/3773.jpg,cat
Cat/3777.jpg,cat
Cat/3779.jpg,cat
Cat/3781.jpg,cat
Cat/3787.jpg,cat
Cat/3788.jpg,cat
Cat/3789.jpg,cat
Cat/379.jpg,cat
Cat/3790.jpg,cat
Cat/3793.jpg,cat
Cat/3796.jpg,cat
Cat/380.jpg,cat
Cat/3800.jpg,cat
Cat/3805.jpg,cat
Cat/3809.jpg,cat
Cat/3810.jpg,cat
Cat/3816.jpg,cat
Cat/3819.jpg,cat
Cat/382.jpg,cat
Cat/3824.jpg,cat
Cat/3825.jpg,cat
Cat/3827.jpg,cat
Cat/383.jpg,cat
Cat/3830.jpg,cat
Cat/3831.jpg,cat
Cat/3832.jpg,cat
Cat/3834.jpg,cat
Cat/3844.jpg,cat
Cat/3846.jpg,cat
Cat/3847.jpg,cat
Cat/385.jpg,cat
Cat/3852.jpg,cat
Cat/3858.jpg,cat
Cat/3862.jpg,cat
Cat/3864.jpg,cat
Cat/3868.jpg,cat
Cat/3873.jpg,cat
Cat/3877.jpg,cat
Cat/388.jpg,cat
Cat/3881.jpg,cat
Cat/3882.jpg,cat
Cat/3883.jpg,cat
Cat/3885.jpg,cat
Cat/3888.jpg,cat
Cat/389.jpg,cat
Cat/3892.jpg,cat
Cat/3895.jpg,cat
Cat/3896.jpg,cat
Cat/3900.jpg,cat
Cat/3902.jpg,cat
Cat/3903.jpg,cat
Cat/391.jpg,cat
Cat/3915.jpg,cat
Cat/3918.jpg,cat
Cat/3920.jpg,cat
Cat/3922.jpg,cat
Cat/3924.jpg,cat
Cat/3933.jpg,cat
Cat/3935.jpg,cat
Cat/3936.jpg,cat
Cat/3937.jpg,cat
Cat/3938.jpg,cat
Cat/3940.jpg,cat
Cat/3943.jpg,cat
Cat/3944.jpg,cat
Cat/3945.jpg,cat
Cat/3947.jpg,cat
Cat/3948.jpg,cat
Cat/3952.jpg,cat
Cat/3953.jpg,cat
Cat/3958.jpg,cat
Cat/3959.jpg,cat
Cat/3960.jpg,cat
Cat/3961.jpg,cat
Cat/3964.jpg,cat
Cat/3965.jpg,cat
Cat/3967.jpg,cat
Cat/3968.jpg,cat
Cat/3969.jpg,cat
Cat/3972.jpg,cat
Cat/3977.jpg,cat
Cat/3978.jpg,cat
Cat/3983.jpg,cat
Cat/3985.jpg,cat
Cat/3988.jpg,cat
Cat/3989.jpg,cat
Cat/3990.jpg,cat
Cat/3993.jpg,cat
Cat/3995.jpg,cat
Cat/3996.jpg,cat
Cat/3997.jpg,cat
Cat/4000.jpg,cat
Cat/4001.jpg,cat
Cat/4002.jpg,cat
Cat/4003.jpg,cat
Cat/4005.jpg,cat
Cat/4008.jpg,cat
Cat/401.jpg,cat
Cat/4010.jpg,cat
Cat/4011.jpg,cat
Cat/4017.jpg,cat
Cat/4019.jpg,cat
Cat/4021.jpg,cat
Cat/4023.jpg,cat
Cat/4024.jpg,cat
Cat/4028.jpg,cat
Cat/403.jpg,cat
Cat/4033.jpg,cat
Cat/4034.jpg,cat
Cat/4036.jpg,cat
Cat/404.jpg,cat
Cat/4042.jpg,cat
Cat/4045.jpg,cat
Cat/4046.jpg,cat
Cat/4050.jpg,cat
Cat/4053.jpg,cat
Cat/4060.jpg,cat
Cat/4065.jpg,cat
Cat/4068.jpg,cat
Cat/4069.jpg,cat
Cat/4070.jpg,cat
Cat/4071.jpg,cat
Cat/4075.jpg,cat
Cat/4078.jpg,cat
Cat/4080.jpg,cat
Cat/4083.jpg,cat
Cat/4084.jpg,cat
Cat/4086.jpg,cat
Cat/4088.jpg,cat
Cat/4090.jpg,cat
Cat/4092.jpg,cat
Cat/4095.jpg,cat
Cat/4098.jpg,cat
Cat/41.jpg,cat
Cat/4100.jpg,cat
Cat/4101.jpg,cat
Cat/4102.jpg,cat
Cat/4103.jpg,cat
Cat/4104.jpg,cat
Cat/4105.jpg,cat
Cat/4109.jpg,cat
Cat/4113.jpg,cat
Cat/4118.jpg,cat
Cat/4120.jpg,cat
Cat/4123.jpg,cat
Cat/4126.jpg,cat
Cat/4132.jpg,cat
Cat/4135.jpg,cat
Cat/4137.jpg,cat
Cat/4139.jpg,cat
Cat/4140.jpg,cat
Cat/4141.jpg,cat
Cat/4142.jpg,cat
Cat/4145.jpg,cat
Cat/4146.jpg,cat
Cat/415.jpg,cat
Cat/4151.jpg,cat
Cat/4153.jpg,cat
Cat/4154.jpg,cat
Cat/4155.jpg,cat
Cat/4161.jpg,cat
Cat/4163.jpg,cat
Cat/4164.jpg,cat
Cat/4165.jpg,cat
Cat/4166.jpg,cat
Cat/417.jpg,cat
Cat/4172.jpg,cat
Cat/4178.jpg,cat
Cat/4180.jpg,cat
Cat/4183.jpg,cat
Cat/4186.jpg,cat
Cat/4188.jpg,cat
Cat/4196.jpg,cat
Cat/4198.jpg,cat
Cat/42.jpg,cat
Cat/420.jpg,cat
Cat/4200.jpg,cat
Cat/4203.jpg,cat
Cat/4204.jpg,cat
Cat/4207.jpg,cat
Cat/4209.jpg,cat
Cat/4210.jpg,cat
Cat/4212.jpg,cat
Cat/4214.jpg,cat
Cat/4216.jpg,cat
Cat/4217.jpg,cat
Cat/4218.jpg,cat
Cat/422.jpg,cat
Cat/4222.jpg,cat
Cat/4223.jpg,cat
Cat/4225.jpg,cat
Cat/4226.jpg,cat
Cat/423.jpg,cat
Cat/4234.jpg,cat
Cat/4235.jpg,cat
Cat/4237.jpg,cat
Cat/4239.jpg,cat
Cat/4242.jpg,cat
Cat/4243.jpg,cat
Cat/4248.jpg,cat
Cat/425.jpg,cat
Cat/4250.jpg,cat
Cat/4253.jpg,cat
Cat/4254.jpg,cat
Cat/4255.jpg,cat
Cat/4256.jpg,cat
Cat/4257.jpg,cat
Cat/4258.jpg,cat
Cat/4259.jpg,cat
Cat/4263.jpg,cat
Cat/4264.jpg,cat
Cat/4271.jpg,cat
Cat/4272.jpg,cat
Cat/4273.jpg,cat
Cat/4274.jpg,cat
Cat/4283.jpg,cat
Cat/4287.jpg,cat
Cat/4288.jpg,cat
Cat/4289.jpg,cat
Cat/429.jpg,cat
Cat/4290.jpg,cat
Cat/4295.jpg,cat
Cat/4296.jpg,cat
Cat/4297.jpg,cat
Cat/4299.jpg,cat
Cat/430.jpg,cat
Cat/4302.jpg,cat
Cat/4304.jpg,cat
Cat/4306.jpg,cat
Cat/4307.jpg,cat
Cat/431.jpg,cat
Cat/4311.jpg,cat
Cat/4314.jpg,cat
Cat/4315.jpg,cat
Cat/4317.jpg,cat
Cat/4319.jpg,cat
Cat/4327.jpg,cat
Cat/4330.jpg,cat
Cat/4332.jpg,cat
Cat/4333.jpg,cat
Cat/4337.jpg,cat
Cat/4339.jpg,cat
Cat/4340.jpg,cat
Cat/4342.jpg,cat
Cat/4343.jpg,cat
Cat/4346.jpg,cat
Cat/4354.jpg,cat
Cat/4355.jpg,cat
Cat/4357.jpg,cat
Cat/4360.jpg,cat
Cat/4372.jpg,cat
Cat/4375.jpg,cat
Cat/4376.jpg,cat
Cat/4377.jpg,cat
Cat/4381.jpg,cat
Cat/4384.jpg,cat
Cat/4385.jpg,cat
Cat/4386.jpg,cat
Cat/439.jpg,cat
Cat/4390.jpg,cat
Cat/4393.jpg,cat
Cat/4395.jpg,cat
Cat/4399.jpg,cat
Cat/44.jpg,cat
Cat/4400.jpg,cat
Cat/4407.jpg,cat
Cat/4408.jpg,cat
Cat/4411.jpg,cat
Cat/4415.jpg,cat
Cat/4416.jpg,cat
Cat/442.jpg,cat
Cat/4425.jpg,cat
Cat/4426.jpg,cat
Cat/4428.jpg,cat
Cat/4429.jpg,cat
Cat/443.jpg,cat
Cat/4430.jpg,cat
Cat/4431.jpg,cat
Cat/4439.jpg,cat
Cat/4442.jpg,cat
Cat/4443.jpg,cat
Cat/4444.jpg,cat
Cat/4447.jpg,cat
Cat/445.jpg,cat
Cat/4450.jpg,cat
Cat/4452.jpg,cat
Cat/4453.jpg,cat
Cat/4454.jpg,cat
Cat/4455.jpg,cat
Cat/4456.jpg,cat
Cat/4457.jpg,cat
Cat/4458.jpg,cat
Cat/446.jpg,cat
Cat/4465.jpg,cat
Cat/4467.jpg,cat
Cat/4471.jpg,cat
Cat/4473.jpg,cat
Cat/4475.jpg,cat
Cat/4478.jpg,cat
Cat/448.jpg,cat
Cat/4481.jpg,cat
Cat/4483.jpg,cat
Cat/4485.jpg,cat
Cat/4492.jpg,cat
Cat/4494.jpg,cat
Cat/4496.jpg,cat
Cat/4497.jpg,cat
Cat/4498.jpg,cat
Cat/4499.jpg,cat
Cat/450.jpg,cat
Cat/4503.jpg,cat
Cat/4507.jpg,cat
Cat/4509.jpg,cat
Cat/451.jpg,cat
Cat/4511.jpg,cat
Cat/4515.jpg,cat
Cat/4516.jpg,cat
Cat/452.jpg,cat
Cat/4523.jpg,cat
Cat/4524.jpg,cat
Cat/4529.jpg,cat
Cat/4530.jpg,cat
Cat/4533.jpg,cat
Cat/4534.jpg,cat
Cat/4536.jpg,cat
Cat/4538.jpg,cat
Cat/4539.jpg,cat
Cat/454.jpg,cat
Cat/4543.jpg,cat
Cat/4544.jpg,cat
Cat/4545.jpg,cat
Cat/4546.jpg,cat
Cat/4551.jpg,cat
Cat/4555.jpg,cat
Cat/4562.jpg,cat
Cat/4569.jpg,cat
Cat/4576.jpg,cat
Cat/4577.jpg,cat
Cat/458.jpg,cat
Cat/4581.jpg,cat
Cat/4585.jpg,cat
Cat/4586.jpg,cat
Cat/4587.jpg,cat
Cat/4591.jpg,cat
Cat/4593.jpg,cat
Cat/4594.jpg,cat
Cat/4595.jpg,cat
Cat/4596.jpg,cat
Cat/4597.jpg,cat
Cat/4600.jpg,cat
Cat/4603.jpg,cat
Cat/4608.jpg,cat
Cat/4609.jpg,cat
Cat/461.jpg,cat
Cat/4615.jpg,cat
Cat/4617.jpg,cat
Cat/4619.jpg,cat
Cat/4621.jpg,cat
Cat/4626.jpg,cat
Cat/4627.jpg,cat
Cat/4629.jpg,cat
Cat/4630.jpg,cat
Cat/4633.jpg,cat
Cat/4634.jpg,cat
Cat/4635.jpg,cat
Cat/4637.jpg,cat
Cat/464.jpg,cat
Cat/4641.jpg,cat
Cat/4642.jpg,cat
Cat/4643.jpg,cat
Cat/4644.jpg,cat
Cat/4645.jpg,cat
Cat/4646.jpg,cat
Cat/4648.jpg,cat
Cat/4654.jpg,cat
Cat/4656.jpg,cat
Cat/4660.jpg,cat
Cat/4669.jpg,cat
Cat/467.jpg,cat
Cat/4671.jpg,cat
Cat/4674.jpg,cat
Cat/4675.jpg,cat
Cat/4679.jpg,cat
Cat/468.jpg,cat
Cat/4681.jpg,cat
Cat/4682.jpg,cat
Cat/4683.jpg,cat
Cat/4686.jpg,cat
Cat/4690.jpg,cat
Cat/4692.jpg,cat
Cat/4693.jpg,cat
Cat/4694.jpg,cat
Cat/4696.jpg,cat
Cat/4697.jpg,cat
Cat/47.jpg,cat
Cat/470.jpg,cat
Cat/4702.jpg,cat
Cat/4703.jpg,cat
Cat/4704.jpg,cat
Cat/4710.jpg,cat
Cat/4713.jpg,cat
Cat/4715.jpg,cat
Cat/4717.jpg,cat
Cat/4721.jpg,cat
Cat/4722.jpg,cat
Cat/4725.jpg,cat
Cat/4728.jpg,cat
Cat/4731.jpg,cat
Cat/4732.jpg,cat
Cat/4734.jpg,cat
Cat/4738.jpg,cat
Cat/4739.jpg,cat
Cat/4741.jpg,cat
Cat/4743.jpg,cat
Cat/4745.jpg,cat
Cat/4748.jpg,cat
Cat/4751.jpg,cat
Cat/4754.jpg,cat
Cat/4757.jpg,cat
Cat/476.jpg,cat
Cat/4760.jpg,cat
Cat/4766.jpg,cat
Cat/4767.jpg,cat
Cat/4768.jpg,cat
Cat/477.jpg,cat
Cat/4772.jpg,cat
Cat/4774.jpg,cat
Cat/4778.jpg,cat
Cat/478.jpg,cat
Cat/4783.jpg,cat
Cat/4784.jpg,cat
Cat/479.jpg,cat
Cat/4794.jpg,cat
Cat/4795.jpg,cat
Cat/4796.jpg,cat
Cat/4799.jpg,cat
Cat/480.jpg,cat
Cat/4802.jpg,cat
Cat/4805.jpg,cat
Cat/4806.jpg,cat
Cat/4809.jpg,cat
Cat/481.jpg,cat
Cat/4812.jpg,cat
Cat/4813.jpg,cat
Cat/4815.jpg,cat
Cat/4818.jpg,cat
Cat/4822.jpg,cat
Cat/4825.jpg,cat
Cat/4828.jpg,cat
Cat/4830.jpg,cat
Cat/4831.jpg,cat
Cat/4833.jpg,cat
Cat/4836.jpg,cat
Cat/4838.jpg,cat
Cat/4839.jpg,cat
Cat/484.jpg,cat
Cat/4842.jpg,cat
Cat/4845.jpg,cat
Cat/4848.jpg,cat
Cat/485.jpg,cat
Cat/4851.jpg,cat
Cat/4852.jpg,cat
Cat/4853.jpg,cat
Cat/4855.jpg,cat
Cat/4856.jpg,cat
Cat/4858.jpg,cat
Cat/486.jpg,cat
Cat/4860.jpg,cat
Cat/4864.jpg,cat
Cat/4866.jpg,cat
Cat/4871.jpg,cat
Cat/4875.jpg,cat
Cat/4877.jpg,cat
Cat/4878.jpg,cat
Cat/4879.jpg,cat
Cat/488.jpg,cat
Cat/4883.jpg,cat
Cat/4890.jpg,cat
Cat/4895.jpg,cat
Cat/4897.jpg,cat
Cat/4898.jpg,cat
Cat/4899.jpg,cat
Cat/4900.jpg,cat
Cat/4905.jpg,cat
Cat/4909.jpg,cat
Cat/491.jpg,cat
Cat/4910.jpg,cat
Cat/4911.jpg,cat
Cat/4912.jpg,cat
Cat/4914.jpg,cat
Cat/4917.jpg,cat
Cat/492.jpg,cat
Cat/4921.jpg,cat
Cat/4922.jpg,cat
Cat/4923.jpg,cat
Cat/4925.jpg,cat
Cat/4929.jpg,cat
Cat/493.jpg,cat
Cat/4931.jpg,cat
Cat/4934.jpg,cat
Cat/4937.jpg,cat
Cat/4943.jpg,cat
Cat/4947.jpg,cat
Cat/4949.jpg,cat
Cat/4952.jpg,cat
Cat/4954.jpg,cat
Cat/4956.jpg,cat
Cat/4959.jpg,cat
Cat/496.jpg,cat
Cat/4961.jpg,cat
Cat/4963.jpg,cat
Cat/4966.jpg,cat
Cat/4968.jpg,cat
Cat/497.jpg,cat
Cat/4974.jpg,cat
Cat/498.jpg,cat
Cat/4983.jpg,cat
Cat/4985.jpg,cat
Cat/4986.jpg,cat
Cat/4992.jpg,cat
Cat/4993.jpg,cat
Cat/4994.jpg,cat
Cat/4995.jpg,cat
Cat/4996.jpg,cat
Cat/4997.jpg,cat
Cat/5.jpg,cat
Cat/50.jpg,cat
Cat/5003.jpg,cat
Cat/5004.jpg,cat
Cat/5005.jpg,cat
Cat/5007.jpg,cat
Cat/5008.jpg,cat
Cat/5009.jpg,cat
Cat/5010.jpg,cat
Cat/5011.jpg,cat
Cat/5012.jpg,cat
Cat/5015.jpg,cat
Cat/5018.jpg,cat
Cat/5019.jpg,cat
Cat/502.jpg,cat
Cat/5020.jpg,cat
Cat/5021.jpg,cat
Cat/5024.jpg,cat
Cat/5025.jpg,cat
Cat/5027.jpg,cat
Cat/5029.jpg,cat
Cat/5032.jpg,cat
Cat/5034.jpg,cat
Cat/5036.jpg,cat
Cat/5038.jpg,cat
Cat/5039.jpg,cat
Cat/504.jpg,cat
Cat/5041.jpg,cat
Cat/5048.jpg,cat
Cat/5049.jpg,cat
Cat/5053.jpg,cat
Cat/5054.jpg,cat
Cat/5055.jpg,cat
Cat/5057.jpg,cat
Cat/5058.jpg,cat
Cat/5061.jpg,cat
Cat/5062.jpg,cat
Cat/5065.jpg,cat
Cat/5066.jpg,cat
Cat/5067.jpg,cat
Cat/5069.jpg,cat
Cat/5070.jpg,cat
Cat/5073.jpg,cat
Cat/5075.jpg,cat
Cat/5079.jpg,cat
Cat/508.jpg,cat
Cat/5081.jpg,cat
Cat/5082.jpg,cat
Cat/5091.jpg,cat
Cat/5095.jpg,cat
Cat/5099.jpg,cat
Cat/51.jpg,cat
Cat/5100.jpg,cat
Cat/5103.jpg,cat
Cat/5108.jpg,cat
Cat/5113.jpg,cat
Cat/5121.jpg,cat
Cat/5122.jpg,cat
Cat/5124.jpg,cat
Cat/5127.jpg,cat
Cat/513.jpg,cat
Cat/5130.jpg,cat
Cat/5132.jpg,cat
Cat/5133.jpg,cat
Cat/5134.jpg,cat
Cat/5137.jpg,cat
Cat/5139.jpg,cat
Cat/5142.jpg,cat
Cat/5144.jpg,cat
Cat/5148.jpg,cat
Cat/515.jpg,cat
Cat/5153.jpg,cat
Cat/5156.jpg,cat
Cat/5157.jpg,cat
Cat/516.jpg,cat
Cat/5161.jpg,cat
Cat/5164.jpg,cat
Cat/5167.jpg,cat
Cat/5169.jpg,cat
Cat/517.jpg,cat
Cat/5171.jpg,cat
Cat/5173.jpg,cat
Cat/5175.jpg,cat
Cat/5177.jpg,cat
Cat/5178.jpg,cat
Cat/518.jpg,cat
Cat/5180.jpg,cat
Cat/5181.jpg,cat
Cat/5185.jpg,cat
Cat/5189.jpg,cat
Cat/519.jpg,cat
Cat/5190.jpg,cat
Cat/5195.jpg,cat
Cat/5199.jpg,cat
Cat/52.jpg,cat
Cat/520.jpg,cat
Cat/5200.jpg,cat
Cat/5203.jpg,cat
Cat/5204.jpg,cat
Cat/5205.jpg,cat
Cat/5207.jpg,cat
Cat/5210.jpg,cat
Cat/5211.jpg,cat
Cat/5215.jpg,cat
Cat/5220.jpg,cat
Cat/5222.jpg,cat
Cat/5223.jpg,cat
Cat/5228.jpg,cat
Cat/5229.jpg,cat
Cat/5230.jpg,cat
Cat/5233.jpg,cat
Cat/5234.jpg,cat
Cat/5237.jpg,cat
Cat/5239.jpg,cat
Cat/5241.jpg,cat
Cat/5242.jpg,cat
Cat/5243.jpg,cat
Cat/5245.jpg,cat
Cat/5248.jpg,cat
Cat/5249.jpg,cat
Cat/5251.jpg,cat
Cat/5253.jpg,cat
Cat/5255.jpg,cat
Cat/5256.jpg,cat
Cat/5258.jpg,cat
Cat/5259.jpg,cat
Cat/526.jpg,cat
Cat/5260.jpg,cat
Cat/5261.jpg,cat
Cat/5263.jpg,cat
Cat/5271.jpg,cat
Cat/5274.jpg,cat
Cat/5276.jpg,cat
Cat/5280.jpg,cat
Cat/5281.jpg,cat
Cat/5283.jpg,cat
Cat/529.jpg,cat
Cat/5290.jpg,cat
Cat/5298.jpg,cat
Cat/5299.jpg,cat
Cat/530.jpg,cat
Cat/5302.jpg,cat
Cat/5304.jpg,cat
Cat/5305.jpg,cat
Cat/5306.jpg,cat
Cat/5307.jpg,cat
Cat/531.jpg,cat
Cat/5311.jpg,cat
Cat/5312.jpg,cat
Cat/5313.jpg,cat
Cat/5315.jpg,cat
Cat/5320.jpg,cat
Cat/5322.jpg,cat
Cat/5326.jpg,cat
Cat/5328.jpg,cat
Cat/5330.jpg,cat
Cat/5332.jpg,cat
Cat/5333.jpg,cat
Cat/5334.jpg,cat
Cat/5335.jpg,cat
Cat/5336.jpg,cat
Cat/5338.jpg,cat
Cat/5340.jpg,cat
Cat/5341.jpg,cat
Cat/5342.jpg,cat
Cat/5346.jpg,cat
Cat/5347.jpg,cat
Cat/5348.jpg,cat
Cat/535.jpg,cat
Cat/5350.jpg,cat
Cat/5353.jpg,cat
Cat/5354.jpg,cat
Cat/5355.jpg,cat
Cat/5356.jpg,cat
Cat/5358.jpg,cat
Cat/5359.jpg,cat
Cat/5360.jpg,cat
Cat/5363.jpg,cat
Cat/5364.jpg,cat
Cat/5365.jpg,cat
Cat/5366.jpg,cat
Cat/5368.jpg,cat
Cat/5370.jpg,cat
Cat/5371.jpg,cat
Cat/5372.jpg,cat
Cat/5374.jpg,cat
Cat/5376.jpg,cat
Cat/5379.jpg,cat
Cat/5380.jpg,cat
Cat/5382.jpg,cat
Cat/5385.jpg,cat
Cat/5388.jpg,cat
Cat/5392.jpg,cat
Cat/5394.jpg,cat
Cat/5396.jpg,cat
Cat/5403.jpg,cat
Cat/5405.jpg,cat
Cat/5408.jpg,cat
Cat/5409.jpg,cat
Cat/541.jpg,cat
Cat/5414.jpg,cat
Cat/5415.jpg,cat
Cat/5416.jpg,cat
Cat/5417.jpg,cat
Cat/5419.jpg,cat
Cat/5425.jpg,cat
Cat/5426.jpg,cat
Cat/543.jpg,cat
Cat/5431.jpg,cat
Cat/5432.jpg,cat
Cat/5433.jpg,cat
Cat/5437.jpg,cat
Cat/5438.jpg,cat
Cat/5439.jpg,cat
Cat/5442.jpg,cat
Cat/5443.jpg,cat
Cat/5444.jpg,cat
Cat/5445.jpg,cat
Cat/5448.jpg,cat
Cat/5449.jpg,cat
Cat/545.jpg,cat
Cat/5455.jpg,cat
Cat/5457.jpg,cat
Cat/5459.jpg,cat
Cat/5460.jpg,cat
Cat/5461.jpg,cat
Cat/5462.jpg,cat
Cat/5463.jpg,cat
Cat/5468.jpg,cat
Cat/5469.jpg,cat
Cat/5471.jpg,cat
Cat/5472.jpg,cat
Cat/5474.jpg,cat
Cat/5475.jpg,cat
Cat/5479.jpg,cat
Cat/5481.jpg,cat
Cat/5484.jpg,cat
Cat/5486.jpg,cat
Cat/5488.jpg,cat
Cat/549.jpg,cat
Cat/5490.jpg,cat
Cat/5491.jpg,cat
Cat/550.jpg,cat
Cat/5500.jpg,cat
Cat/5504.jpg,cat
Cat/5505.jpg,cat
Cat/5506.jpg,cat
Cat/5507.jpg,cat
Cat/5509.jpg,cat
Cat/5517.jpg,cat
Cat/5521.jpg,cat
Cat/5524.jpg,cat
Cat/5525.jpg,cat
Cat/5529.jpg,cat
Cat/5530.jpg,cat
Cat/5532.jpg,cat
Cat/5534.jpg,cat
Cat/5535.jpg,cat
Cat/5536.jpg,cat
Cat/554.jpg,cat
Cat/5541.jpg,cat
Cat/5542.jpg,cat
Cat/5544.jpg,cat
Cat/5545.jpg,cat
Cat/5546.jpg,cat
Cat/5547.jpg,cat
Cat/5549.jpg,cat
Cat/555.jpg,cat
Cat/5551.jpg,cat
Cat/5552.jpg,cat
Cat/5556.jpg,cat
Cat/5557.jpg,cat
Cat/5561.jpg,cat
Cat/5568.jpg,cat
Cat/5570.jpg,cat
Cat/5571.jpg,cat
Cat/5574.jpg,cat
Cat/5575.jpg,cat
Cat/5577.jpg,cat
Cat/5580.jpg,cat
Cat/5582.jpg,cat
Cat/5583.jpg,cat
Cat/5586.jpg,cat
Cat/5589.jpg,cat
Cat/559.jpg,cat
Cat/5590.jpg,cat
Cat/5594.jpg,cat
Cat/5598.jpg,cat
Cat/5615.jpg,cat
Cat/5622.jpg,cat
Cat/5623.jpg,cat
Cat/5624.jpg,cat
Cat/5626.jpg,cat
Cat/5628.jpg,cat
Cat/5631.jpg,cat
Cat/5633.jpg,cat
Cat/5636.jpg,cat
Cat/564.jpg,cat
Cat/5643.jpg,cat
Cat/5645.jpg,cat
Cat/565.jpg,cat
Cat/5652.jpg,cat
Cat/5654.jpg,cat
Cat/5657.jpg,cat
Cat/5658.jpg,cat
Cat/5659.jpg,cat
Cat/5660.jpg,cat
Cat/5663.jpg,cat
Cat/5665.jpg,cat
Cat/5667.jpg,cat
Cat/5668.jpg,cat
Cat/5669.jpg,cat
Cat/5671.jpg,cat
Cat/5676.jpg,cat
Cat/5677.jpg,cat
Cat/5679.jpg,cat
Cat/5682.jpg,cat
Cat/5685.jpg,cat
Cat/5686.jpg,cat
Cat/5688.jpg,cat
Cat/5691.jpg,cat
Cat/5693.jpg,cat
Cat/5697.jpg,cat
Cat/5698.jpg,cat
Cat/5699.jpg,cat
Cat/5700.jpg,cat
Cat/5701.jpg,cat
Cat/5702.jpg,cat
Cat/5704.jpg,cat
Cat/5710.jpg,cat
Cat/5713.jpg,cat
Cat/5716.jpg,cat
Cat/5718.jpg,cat
Cat/5719.jpg,cat
Cat/5723.jpg,cat
Cat/5724.jpg,cat
Cat/5726.jpg,cat
Cat/5727.jpg,cat
Cat/5728.jpg,cat
Cat/5729.jpg,cat
Cat/573.jpg,cat
Cat/5730.jpg,cat
Cat/5731.jpg,cat
Cat/5735.jpg,cat
Cat/5736.jpg,cat
Cat/5737.jpg,cat
Cat/5740.jpg,cat
Cat/5741.jpg,cat
Cat/5743.jpg,cat
Cat/5744.jpg,cat
Cat/5745.jpg,cat
Cat/5746.jpg,cat
Cat/5749.jpg,cat
Cat/575.jpg,cat
Cat/5751.jpg,cat
Cat/5754.jpg,cat
Cat/5756.jpg,cat
Cat/5758.jpg,cat
Cat/576.jpg,cat
Cat/5761.jpg,cat
Cat/5762.jpg,cat
Cat/5778.jpg,cat
Cat/578.jpg,cat
Cat/5782.jpg,cat
Cat/5783.jpg,cat
Cat/5785.jpg,cat
Cat/5787.jpg,cat
Cat/579.jpg,cat
Cat/5790.jpg,cat
Cat/5792.jpg,cat
Cat/5793.jpg,cat
Cat/5799.jpg,cat
Cat/5801.jpg,cat
Cat/5802.jpg,cat
Cat/5803.jpg,cat
Cat/5805.jpg,cat
Cat/5806.jpg,cat
Cat/5808.jpg,cat
Cat/5812.jpg,cat
Cat/5814.jpg,cat
Cat/5815.jpg,cat
Cat/5819.jpg,cat
Cat/5823.jpg,cat
Cat/5825.jpg,cat
Cat/5828.jpg,cat
Cat/5829.jpg,cat
Cat/5832.jpg,cat
Cat/5836.jpg,cat
Cat/584.jpg,cat
Cat/5840.jpg,cat
Cat/5841.jpg,cat
Cat/5844.jpg,cat
Cat/5845.jpg,cat
Cat/5846.jpg,cat
Cat/5847.jpg,cat
Cat/5848.jpg,cat
Cat/585.jpg,cat
Cat/5850.jpg,cat
Cat/5853.jpg,cat
Cat/5854.jpg,cat
Cat/5855.jpg,cat
Cat/5858.jpg,cat
Cat/5861.jpg,cat
Cat/5864.jpg,cat
Cat/587.jpg,cat
Cat/5874.jpg,cat
Cat/5875.jpg,cat
Cat/5876.jpg,cat
Cat/5877.jpg,cat
Cat/5879.jpg,cat
Cat/588.jpg,cat
Cat/5884.jpg,cat
Cat/5886.jpg,cat
Cat/5887.jpg,cat
Cat/5888.jpg,cat
Cat/5891.jpg,cat
Cat/5892.jpg,cat
Cat/5895.jpg,cat
Cat/5896.jpg,cat
Cat/59.jpg,cat
Cat/590.jpg,cat
Cat/5900.jpg,cat
Cat/5904.jpg,cat
Cat/591.jpg,cat
Cat/5911.jpg,cat
Cat/5915.jpg,cat
Cat/5918.jpg,cat
Cat/5919.jpg,cat
Cat/592.jpg,cat
Cat/5929.jpg,cat
Cat/593.jpg,cat
Cat/5930.jpg,cat
Cat/5931.jpg,cat
Cat/5933.jpg,cat
Cat/5935.jpg,cat
Cat/5939.jpg,cat
Cat/594.jpg,cat
Cat/5942.jpg,cat
Cat/5943.jpg,cat
Cat/5945.jpg,cat
Cat/5947.jpg,cat
Cat/5948.jpg,cat
Cat/5949.jpg,cat
Cat/5951.jpg,cat
Cat/5954.jpg,cat
Cat/5959.jpg,cat
Cat/5960.jpg,cat
Cat/5961.jpg,cat
Cat/5963.jpg,cat
Cat/5965.jpg,cat
Cat/5969.jpg,cat
Cat/597.jpg,cat
Cat/5970.jpg,cat
Cat/5972.jpg,cat
Cat/5974.jpg,cat
Cat/5979.jpg,cat
Cat/5981.jpg,cat
Cat/5982.jpg,cat
Cat/5983.jpg,cat
Cat/5986.jpg,cat
Cat/5987.jpg,cat
Cat/5988.jpg,cat
Cat/5995.jpg,cat
Cat/5996.jpg,cat
Cat/5997.jpg,cat
Cat/6.jpg,cat
Cat/60.jpg,cat
Cat/6000.jpg,cat
Cat/6002.jpg,cat
Cat/6004.jpg,cat
Cat/6008.jpg,cat
Cat/6015.jpg,cat
Cat/6018.jpg,cat
Cat/6019.jpg,cat
Cat/602.jpg,cat
Cat/6021.jpg,cat
Cat/6022.jpg,cat
Cat/6024.jpg,cat
Cat/6026.jpg,cat
Cat/6027.jpg,cat
Cat/6034.jpg,cat
Cat/6036.jpg,cat
Cat/6039.jpg,cat
Cat/6040.jpg,cat
Cat/6041.jpg,cat
Cat/6044.jpg,cat
Cat/6047.jpg,cat
Cat/6048.jpg,cat
Cat/605.jpg,cat
Cat/6050.jpg,cat
Cat/6051.jpg,cat
Cat/6052.jpg,cat
Cat/6054.jpg,cat
Cat/6055.jpg,cat
Cat/6056.jpg,cat
Cat/6057.jpg,cat
Cat/6058.jpg,cat
Cat/6059.jpg,cat
Cat/606.jpg,cat
Cat/6061.jpg,cat
Cat/6065.jpg,cat
Cat/6066.jpg,cat
Cat/6067.jpg,cat
Cat/6069.jpg,cat
Cat/607.jpg,cat
Cat/6070.jpg,cat
Cat/6072.jpg,cat
Cat/6074.jpg,cat
Cat/6075.jpg,cat
Cat/6078.jpg,cat
Cat/6079.jpg,cat
Cat/608.jpg,cat
Cat/6083.jpg,cat
Cat/6084.jpg,cat
Cat/6089.jpg,cat
Cat/6090.jpg,cat
Cat/6091.jpg,cat
Cat/6093.jpg,cat
Cat/6094.jpg,cat
Cat/61.jpg,cat
Cat/6104.jpg,cat
Cat/6106.jpg,cat
Cat/6108.jpg,cat
Cat/611.jpg,cat
Cat/6110.jpg,cat
Cat/6111.jpg,cat
Cat/6112.jpg,cat
Cat/6113.jpg,cat
Cat/6116.jpg,cat
Cat/6118.jpg,cat
Cat/6119.jpg,cat
Cat/6122.jpg,cat
Cat/6125.jpg,cat
Cat/6128.jpg,cat
Cat/6130.jpg,cat
Cat/6132.jpg,cat
Cat/6133.jpg,cat
Cat/6136.jpg,cat
Cat/6137.jpg,cat
Cat/6139.jpg,cat
Cat/6140.jpg,cat
Cat/6142.jpg,cat
Cat/6143.jpg,cat
Cat/6147.jpg,cat
Cat/6149.jpg,cat
Cat/6153.jpg,cat
Cat/6157.jpg,cat
Cat/6158.jpg,cat
Cat/616.jpg,cat
Cat/6160.jpg,cat
Cat/6163.jpg,cat
Cat/6166.jpg,cat
Cat/6168.jpg,cat
Cat/6169.jpg,cat
Cat/6171.jpg,cat
Cat/6174.jpg,cat
Cat/6176.jpg,cat
Cat/6177.jpg,cat
Cat/6179.jpg,cat
Cat/6181.jpg,cat
Cat/6183.jpg,cat
Cat/6185.jpg,cat
Cat/6187.jpg,cat
Cat/6189.jpg,cat
Cat/6191.jpg,cat
Cat/6192.jpg,cat
Cat/6194.jpg,cat
Cat/6196.jpg,cat
Cat/6197.jpg,cat
Cat/6198.jpg,cat
Cat/6199.jpg,cat
Cat/6200.jpg,cat
Cat/6201.jpg,cat
Cat/6202.jpg,cat
Cat/6203.jpg,cat
Cat/6205.jpg,cat
Cat/6206.jpg,cat
Cat/6207.jpg,cat
Cat/621.jpg,cat
Cat/6210.jpg,cat
Cat/6211.jpg,cat
Cat/6212.jpg,cat
Cat/6218.jpg,cat
Cat/6219.jpg,cat
Cat/6220.jpg,cat
Cat/6221.jpg,cat
Cat/6223.jpg,cat
Cat/6225.jpg,cat
Cat/6228.jpg,cat
Cat/6229.jpg,cat
Cat/623.jpg,cat
Cat/6232.jpg,cat
Cat/6234.jpg,cat
Cat/6236.jpg,cat
Cat/6238.jpg,cat
Cat/6239.jpg,cat
Cat/6242.jpg,cat
Cat/6245.jpg,cat
Cat/6246.jpg,cat
Cat/6248.jpg,cat
Cat/6251.jpg,cat
Cat/6255.jpg,cat
Cat/626.jpg,cat
Cat/6260.jpg,cat
Cat/6262.jpg,cat
Cat/6264.jpg,cat
Cat/6265.jpg,cat
Cat/6272.jpg,cat
Cat/6274.jpg,cat
Cat/6277.jpg,cat
Cat/6278.jpg,cat
Cat/6280.jpg,cat
Cat/6288.jpg,cat
Cat/6289.jpg,cat
Cat/6294.jpg,cat
Cat/6297.jpg,cat
Cat/6298.jpg,cat
Cat/6299.jpg,cat
Cat/63.jpg,cat
Cat/6301.jpg,cat
Cat/6304.jpg,cat
Cat/6306.jpg,cat
Cat/6307.jpg,cat
Cat/6311.jpg,cat
Cat/6314.jpg,cat
Cat/6315.jpg,cat
Cat/6319.jpg,cat
Cat/632.jpg,cat
Cat/6321.jpg,cat
Cat/6323.jpg,cat
Cat/6326.jpg,cat
Cat/6329.jpg,cat
Cat/6330.jpg,cat
Cat/6335.jpg,cat
Cat/6338.jpg,cat
Cat/6339.jpg,cat
Cat/6340.jpg,cat
Cat/6343.jpg,cat
Cat/6344.jpg,cat
Cat/6345.jpg,cat
Cat/6348.jpg,cat
Cat/6354.jpg,cat
Cat/6355.jpg,cat
Cat/6357.jpg,cat
Cat/6359.jpg,cat
Cat/6361.jpg,cat
Cat/6362.jpg,cat
Cat/6363.jpg,cat
Cat/6364.jpg,cat
Cat/6368.jpg,cat
Cat/6370.jpg,cat
Cat/6372.jpg,cat
Cat/6373.jpg,cat
Cat/6374.jpg,cat
Cat/6376.jpg,cat
Cat/6377.jpg,cat
Cat/6380.jpg,cat
Cat/6382.jpg,cat
Cat/6383.jpg,cat
Cat/6385.jpg,cat
Cat/6388.jpg,cat
Cat/639.jpg,cat
Cat/6390.jpg,cat
Cat/6391.jpg,cat
Cat/6395.jpg,cat
Cat/6396.jpg,cat
Cat/6400.jpg,cat
Cat/6409.jpg,cat
Cat/6410.jpg,cat
Cat/6416.jpg,cat
Cat/642.jpg,cat
Cat/6420.jpg,cat
Cat/6423.jpg,cat
Cat/6425.jpg,cat
Cat/6426.jpg,cat
Cat/6427.jpg,cat
Cat/6428.jpg,cat
Cat/6430.jpg,cat
Cat/6431.jpg,cat
Cat/6438.jpg,cat
Cat/644.jpg,cat
Cat/6444.jpg,cat
Cat/6447.jpg,cat
Cat/6449.jpg,cat
Cat/6453.jpg,cat
Cat/6456.jpg,cat
Cat/6457.jpg,cat
Cat/6458.jpg,cat
Cat/6459.jpg,cat
Cat/6462.jpg,cat
Cat/6464.jpg,cat
Cat/6470.jpg,cat
Cat/6471.jpg,cat
Cat/6472.jpg,cat
Cat/6477.jpg,cat
Cat/6479.jpg,cat
Cat/648.jpg,cat
Cat/6480.jpg,cat
Cat/6483.jpg,cat
Cat/6487.jpg,cat
Cat/6489.jpg,cat
Cat/6492.jpg,cat
Cat/6495.jpg,cat
Cat/6496.jpg,cat
Cat/6497.jpg,cat
Cat/65.jpg,cat
Cat/650.jpg,cat
Cat/6500.jpg,cat
Cat/6502.jpg,cat
Cat/6503.jpg,cat
Cat/6507.jpg,cat
Cat/6509.jpg,cat
Cat/6511.jpg,cat
Cat/6513.jpg,cat
Cat/6514.jpg,cat
Cat/6518.jpg,cat
Cat/6520.jpg,cat
Cat/6521.jpg,cat
Cat/6522.jpg,cat
Cat/6523.jpg,cat
Cat/6524.jpg,cat
Cat/6528.jpg,cat
Cat/6529.jpg,cat
Cat/653.jpg,cat
Cat/6530.jpg,cat
Cat/6532.jpg,cat
Cat/6534.jpg,cat
Cat/6536.jpg,cat
Cat/6537.jpg,cat
Cat/6538.jpg,cat
Cat/6539.jpg,cat
Cat/654.jpg,cat
Cat/6540.jpg,cat
Cat/6541.jpg,cat
Cat/6542.jpg,cat
Cat/6544.jpg,cat
Cat/6548.jpg,cat
Cat/6549.jpg,cat
Cat/6552.jpg,cat
Cat/6557.jpg,cat
Cat/6559.jpg,cat
Cat/6564.jpg,cat
Cat/6566.jpg,cat
Cat/6568.jpg,cat
Cat/6569.jpg,cat
Cat/657.jpg,cat
Cat/6570.jpg,cat
Cat/6571.jpg,cat
Cat/6572.jpg,cat
Cat/6576.jpg,cat
Cat/6577.jpg,cat
Cat/658.jpg,cat
Cat/6586.jpg,cat
Cat/6589.jpg,cat
Cat/6590.jpg,cat
Cat/6594.jpg,cat
Cat/66.jpg,cat
Cat/6601.jpg,cat
Cat/6602.jpg,cat
Cat/6603.jpg,cat
Cat/6605.jpg,cat
Cat/6606.jpg,cat
Cat/6607.jpg,cat
Cat/661.jpg,cat
Cat/6610.jpg,cat
Cat/6614.jpg,cat
Cat/6620.jpg,cat
Cat/6622.jpg,cat
Cat/6627.jpg,cat
Cat/6628.jpg,cat
Cat/6629.jpg,cat
Cat/6632.jpg,cat
Cat/6634.jpg,cat
Cat/6636.jpg,cat
Cat/6639.jpg,cat
Cat/664.jpg,cat
Cat/6642.jpg,cat
Cat/6644.jpg,cat
Cat/6645.jpg,cat
Cat/6647.jpg,cat
Cat/6649.jpg,cat
Cat/665.jpg,cat
Cat/6650.jpg,cat
Cat/6652.jpg,cat
Cat/6653.jpg,cat
Cat/6657.jpg,cat
Cat/6663.jpg,cat
Cat/6665.jpg,cat
Cat/6667.jpg,cat
Cat/6669.jpg,cat
Cat/6671.jpg,cat
Cat/6673.jpg,cat
Cat/6676.jpg,cat
Cat/6677.jpg,cat
Cat/668.jpg,cat
Cat/6682.jpg,cat
Cat/6685.jpg,cat
Cat/6686.jpg,cat
Cat/6688.jpg,cat
Cat/6689.jpg,cat
Cat/669.jpg,cat
Cat/6692.jpg,cat
Cat/6693.jpg,cat
Cat/6697.jpg,cat
Cat/6698.jpg,cat
Cat/6699.jpg,cat
Cat/67.jpg,cat
Cat/670.jpg,cat
Cat/6702.jpg,cat
Cat/6708.jpg,cat
Cat/6713.jpg,cat
Cat/6717.jpg,cat
Cat/6720.jpg,cat
Cat/6723.jpg,cat
Cat/6724.jpg,cat
Cat/6725.jpg,cat
Cat/6726.jpg,cat
Cat/6728.jpg,cat
Cat/673.jpg,cat
Cat/6730.jpg,cat
Cat/6731.jpg,cat
Cat/6732.jpg,cat
Cat/6733.jpg,cat
Cat/6735.jpg,cat
Cat/6736.jpg,cat
Cat/6739.jpg,cat
Cat/674.jpg,cat
Cat/6740.jpg,cat
Cat/6741.jpg,cat
Cat/6743.jpg,cat
Cat/6746.jpg,cat
Cat/6749.jpg,cat
Cat/675.jpg,cat
Cat/6750.jpg,cat
Cat/6751.jpg,cat
Cat/6752.jpg,cat
Cat/6753.jpg,cat
Cat/6757.jpg,cat
Cat/6762.jpg,cat
Cat/6764.jpg,cat
Cat/6765.jpg,cat
Cat/6767.jpg,cat
Cat/6768.jpg,cat
Cat/6770.jpg,cat
Cat/6771.jpg,cat
Cat/6776.jpg,cat
Cat/6777.jpg,cat
Cat/6778.jpg,cat
Cat/6779.jpg,cat
Cat/6782.jpg,cat
Cat/6783.jpg,cat
Cat/6788.jpg,cat
Cat/679.jpg,cat
Cat/6791.jpg,cat
Cat/6794.jpg,cat
Cat/6797.jpg,cat
Cat/6799.jpg,cat
Cat/68.jpg,cat
Cat/6805.jpg,cat
Cat/6806.jpg,cat
Cat/6807.jpg,cat
Cat/681.jpg,cat
Cat/6810.jpg,cat
Cat/6811.jpg,cat
Cat/6813.jpg,cat
Cat/6814.jpg,cat
Cat/6822.jpg,cat
Cat/6827.jpg,cat
Cat/6829.jpg,cat
Cat/6832.jpg,cat
Cat/6837.jpg,cat
Cat/6838.jpg,cat
Cat/684.jpg,cat
Cat/6842.jpg,cat
Cat/6844.jpg,cat
Cat/6846.jpg,cat
Cat/6847.jpg,cat
Cat/6849.jpg,cat
Cat/685.jpg,cat
Cat/6851.jpg,cat
Cat/6852.jpg,cat
Cat/6853.jpg,cat
Cat/6854.jpg,cat
Cat/6855.jpg,cat
Cat/6861.jpg,cat
Cat/6862.jpg,cat
Cat/6868.jpg,cat
Cat/6869.jpg,cat
Cat/6871.jpg,cat
Cat/6872.jpg,cat
Cat/6875.jpg,cat
Cat/6876.jpg,cat
Cat/6878.jpg,cat
Cat/688.jpg,cat
Cat/6881.jpg,cat
Cat/6882.jpg,cat
Cat/6887.jpg,cat
Cat/6890.jpg,cat
Cat/6891.jpg,cat
Cat/6892.jpg,cat
Cat/6895.jpg,cat
Cat/6896.jpg,cat
Cat/6897.jpg,cat
Cat/6898.jpg,cat
Cat/6900.jpg,cat
Cat/6905.jpg,cat
Cat/6908.jpg,cat
Cat/6910.jpg,cat
Cat/6913.jpg,cat
Cat/6915.jpg,cat
Cat/6917.jpg,cat
Cat/692.jpg,cat
Cat/6921.jpg,cat
Cat/6922.jpg,cat
Cat/6924.jpg,cat
Cat/6925.jpg,cat
Cat/6927.jpg,cat
Cat/6928.jpg,cat
Cat/693.jpg,cat
Cat/6931.jpg,cat
Cat/6933.jpg,cat
Cat/6936.jpg,cat
Cat/6942.jpg,cat
Cat/6943.jpg,cat
Cat/6945.jpg,cat
Cat/6947.jpg,cat
Cat/6952.jpg,cat
Cat/6953.jpg,cat
Cat/6954.jpg,cat
Cat/6955.jpg,cat
Cat/6957.jpg,cat
Cat/696.jpg,cat
Cat/6961.jpg,cat
Cat/6964.jpg,cat
Cat/6965.jpg,cat
Cat/6969.jpg,cat
Cat/697.jpg,cat
Cat/6972.jpg,cat
Cat/6974.jpg,cat
Cat/698.jpg,cat
Cat/6980.jpg,cat
Cat/6983.jpg,cat
Cat/6984.jpg,cat
Cat/6985.jpg,cat
Cat/6987.jpg,cat
Cat/699.jpg,cat
Cat/6990.jpg,cat
Cat/6993.jpg,cat
Cat/6995.jpg,cat
Cat/70.jpg,cat
Cat/7000.jpg,cat
Cat/7001.jpg,cat
Cat/7003.jpg,cat
Cat/7006.jpg,cat
Cat/7008.jpg,cat
Cat/7009.jpg,cat
Cat/701.jpg,cat
Cat/7010.jpg,cat
Cat/7012.jpg,cat
Cat/7013.jpg,cat
Cat/7017.jpg,cat
Cat/7022.jpg,cat
Cat/7023.jpg,cat
Cat/7024.jpg,cat
Cat/7026.jpg,cat
Cat/7029.jpg,cat
Cat/7034.jpg,cat
Cat/7037.jpg,cat
Cat/7038.jpg,cat
Cat/7039.jpg,cat
Cat/7041.jpg,cat
Cat/7043.jpg,cat
Cat/7044.jpg,cat
Cat/7045.jpg,cat
Cat/7046.jpg,cat
Cat/7047.jpg,cat
Cat/705.jpg,cat
Cat/7053.jpg,cat
Cat/7059.jpg,cat
Cat/706.jpg,cat
Cat/7062.jpg,cat
Cat/7065.jpg,cat
Cat/7067.jpg,cat
Cat/707.jpg,cat
Cat/7073.jpg,cat
Cat/708.jpg,cat
Cat/7081.jpg,cat
Cat/7082.jpg,cat
Cat/7086.jpg,cat
Cat/7087.jpg,cat
Cat/7089.jpg,cat
Cat/709.jpg,cat
Cat/7099.jpg,cat
Cat/7100.jpg,cat
Cat/7102.jpg,cat
Cat/7103.jpg,cat
Cat/7105.jpg,cat
Cat/7106.jpg,cat
Cat/7108.jpg,cat
Cat/7109.jpg,cat
Cat/7110.jpg,cat
Cat/7114.jpg,cat
Cat/7117.jpg,cat
Cat/7119.jpg,cat
Cat/7120.jpg,cat
Cat/7121.jpg,cat
Cat/7122.jpg,cat
Cat/7125.jpg,cat
Cat/7126.jpg,cat
Cat/7129.jpg,cat
Cat/713.jpg,cat
Cat/7130.jpg,cat
Cat/7131.jpg,cat
Cat/7132.jpg,cat
Cat/7134.jpg,cat
Cat/7137.jpg,cat
Cat/7145.jpg,cat
Cat/7147.jpg,cat
Cat/715.jpg,cat
Cat/7150.jpg,cat
Cat/7151.jpg,cat
Cat/7152.jpg,cat
Cat/7155.jpg,cat
Cat/7158.jpg,cat
Cat/7162.jpg,cat
Cat/7169.jpg,cat
Cat/7170.jpg,cat
Cat/7171.jpg,cat
Cat/7172.jpg,cat
Cat/7173.jpg,cat
Cat/7176.jpg,cat
Cat/718.jpg,cat
Cat/7180.jpg,cat
Cat/7181.jpg,cat
Cat/7182.jpg,cat
Cat/7185.jpg,cat
Cat/7186.jpg,cat
Cat/7194.jpg,cat
Cat/7195.jpg,cat
Cat/7196.jpg,cat
Cat/7201.jpg,cat
Cat/7203.jpg,cat
Cat/7206.jpg,cat
Cat/7208.jpg,cat
Cat/7210.jpg,cat
Cat/7212.jpg,cat
Cat/7213.jpg,cat
Cat/7215.jpg,cat
Cat/7225.jpg,cat
Cat/7226.jpg,cat
Cat/723.jpg,cat
Cat/7232.jpg,cat
Cat/7235.jpg,cat
Cat/7236.jpg,cat
Cat/7240.jpg,cat
Cat/7241.jpg,cat
Cat/7243.jpg,cat
Cat/7251.jpg,cat
Cat/7255.jpg,cat
Cat/7257.jpg,cat
Cat/7261.jpg,cat
Cat/7266.jpg,cat
Cat/7269.jpg,cat
Cat/7271.jpg,cat
Cat/7274.jpg,cat
Cat/7282.jpg,cat
Cat/7285.jpg,cat
Cat/7290.jpg,cat
Cat/7291.jpg,cat
Cat/7292.jpg,cat
Cat/7293.jpg,cat
Cat/7294.jpg,cat
Cat/7295.jpg,cat
Cat/7297.jpg,cat
Cat/7299.jpg,cat
Cat/7300.jpg,cat
Cat/7301.jpg,cat
Cat/7303.jpg,cat
Cat/7304.jpg,cat
Cat/7306.jpg,cat
Cat/731.jpg,cat
Cat/7311.jpg,cat
Cat/7314.jpg,cat
Cat/7325.jpg,cat
Cat/733.jpg,cat
Cat/7333.jpg,cat
Cat/7336.jpg,cat
Cat/7337.jpg,cat
Cat/7338.jpg,cat
Cat/7342.jpg,cat
Cat/735.jpg,cat
Cat/7350.jpg,cat
Cat/7352.jpg,cat
Cat/736.jpg,cat
Cat/7360.jpg,cat
Cat/7362.jpg,cat
Cat/7363.jpg,cat
Cat/7364.jpg,cat
Cat/7372.jpg,cat
Cat/7373.jpg,cat
Cat/7374.jpg,cat
Cat/7377.jpg,cat
Cat/7381.jpg,cat
Cat/7382.jpg,cat
Cat/7384.jpg,cat
Cat/7386.jpg,cat
Cat/7387.jpg,cat
Cat/7388.jpg,cat
Cat/739.jpg,cat
Cat/7391.jpg,cat
Cat/7392.jpg,cat
Cat/7395.jpg,cat
Cat/7396.jpg,cat
Cat/7401.jpg,cat
Cat/7402.jpg,cat
Cat/7403.jpg,cat
Cat/7407.jpg,cat
Cat/741.jpg,cat
Cat/7413.jpg,cat
Cat/7417.jpg,cat
Cat/7419.jpg,cat
Cat/7424.jpg,cat
Cat/7425.jpg,cat
Cat/7426.jpg,cat
Cat/7427.jpg,cat
Cat/7428.jpg,cat
Cat/7429.jpg,cat
Cat/7430.jpg,cat
Cat/7432.jpg,cat
Cat/7435.jpg,cat
Cat/7437.jpg,cat
Cat/7439.jpg,cat
Cat/744.jpg,cat
Cat/7440.jpg,cat
Cat/7443.jpg,cat
Cat/7444.jpg,cat
Cat/7445.jpg,cat
Cat/7446.jpg,cat
Cat/7447.jpg,cat
Cat/7448.jpg,cat
Cat/7449.jpg,cat
Cat/7453.jpg,cat
Cat/7456.jpg,cat
Cat/7458.jpg,cat
Cat/7459.jpg,cat
Cat/7464.jpg,cat
Cat/7465.jpg,cat
Cat/7466.jpg,cat
Cat/7468.jpg,cat
Cat/7469.jpg,cat
Cat/747.jpg,cat
Cat/7471.jpg,cat
Cat/7472.jpg,cat
Cat/7473.jpg,cat
Cat/7475.jpg,cat
Cat/7476.jpg,cat
Cat/7478.jpg,cat
Cat/748.jpg,cat
Cat/7480.jpg,cat
Cat/7484.jpg,cat
Cat/7485.jpg,cat
Cat/7490.jpg,cat
Cat/7491.jpg,cat
Cat/7496.jpg,cat
Cat/7499.jpg,cat
Cat/75.jpg,cat
Cat/7501.jpg,cat
Cat/7504.jpg,cat
Cat/7505.jpg,cat
Cat/7515.jpg,cat
Cat/7517.jpg,cat
Cat/7518.jpg,cat
Cat/7519.jpg,cat
Cat/7521.jpg,cat
Cat/7526.jpg,cat
Cat/7527.jpg,cat
Cat/7529.jpg,cat
Cat/7530.jpg,cat
Cat/7532.jpg,cat
Cat/7533.jpg,cat
Cat/7534.jpg,cat
Cat/7535.jpg,cat
Cat/7536.jpg,cat
Cat/7539.jpg,cat
Cat/754.jpg,cat
Cat/7544.jpg,cat
Cat/7546.jpg,cat
Cat/755.jpg,cat
Cat/7551.jpg,cat
Cat/7552.jpg,cat
Cat/7559.jpg,cat
Cat/7564.jpg,cat
Cat/7568.jpg,cat
Cat/7569.jpg,cat
Cat/7572.jpg,cat
Cat/7574.jpg,cat
Cat/7575.jpg,cat
Cat/7578.jpg,cat
Cat/7579.jpg,cat
Cat/7580.jpg,cat
Cat/7581.jpg,cat
Cat/7583.jpg,cat
Cat/7585.jpg,cat
Cat/7587.jpg,cat
Cat/7588.jpg,cat
Cat/7589.jpg,cat
Cat/7594.jpg,cat
Cat/7596.jpg,cat
Cat/7597.jpg,cat
Cat/7599.jpg,cat
Cat/76.jpg,cat
Cat/7600.jpg,cat
Cat/7607.jpg,cat
Cat/7609.jpg,cat
Cat/7610.jpg,cat
Cat/7611.jpg,cat
Cat/7612.jpg,cat
Cat/7614.jpg,cat
Cat/7615.jpg,cat
Cat/7617.jpg,cat
Cat/7621.jpg,cat
Cat/7626.jpg,cat
Cat/7627.jpg,cat
Cat/763.jpg,cat
Cat/7632.jpg,cat
Cat/7638.jpg,cat
Cat/7644.jpg,cat
Cat/7647.jpg,cat
Cat/7650.jpg,cat
Cat/7653.jpg,cat
Cat/7654.jpg,cat
Cat/7655.jpg,cat
Cat/7656.jpg,cat
Cat/7659.jpg,cat
Cat/7660.jpg,cat
Cat/7663.jpg,cat
Cat/7666.jpg,cat
Cat/7668.jpg,cat
Cat/767.jpg,cat
Cat/7682.jpg,cat
Cat/7683.jpg,cat
Cat/7685.jpg,cat
Cat/7686.jpg,cat
Cat/7687.jpg,cat
Cat/7691.jpg,cat
Cat/7692.jpg,cat
Cat/7704.jpg,cat
Cat/7705.jpg,cat
Cat/7714.jpg,cat
Cat/7715.jpg,cat
Cat/772.jpg,cat
Cat/7720.jpg,cat
Cat/7725.jpg,cat
Cat/7728.jpg,cat
Cat/773.jpg,cat
Cat/7730.jpg,cat
Cat/7733.jpg,cat
Cat/7734.jpg,cat
Cat/7735.jpg,cat
Cat/7736.jpg,cat
Cat/7738.jpg,cat
Cat/7739.jpg,cat
Cat/774.jpg,cat
Cat/7740.jpg,cat
Cat/7741.jpg,cat
Cat/7743.jpg,cat
Cat/7745.jpg,cat
Cat/7747.jpg,cat
Cat/7748.jpg,cat
Cat/775.jpg,cat
Cat/7753.jpg,cat
Cat/7763.jpg,cat
Cat/7764.jpg,cat
Cat/7766.jpg,cat
Cat/7769.jpg,cat
Cat/777.jpg,cat
Cat/7773.jpg,cat
Cat/7774.jpg,cat
Cat/7780.jpg,cat
Cat/7781.jpg,cat
Cat/7782.jpg,cat
Cat/7784.jpg,cat
Cat/7788.jpg,cat
Cat/7789.jpg,cat
Cat/779.jpg,cat
Cat/7794.jpg,cat
Cat/7795.jpg,cat
Cat/7797.jpg,cat
Cat/7798.jpg,cat
Cat/780.jpg,cat
Cat/7800.jpg,cat
Cat/7801.jpg,cat
Cat/7805.jpg,cat
Cat/7807.jpg,cat
Cat/7808.jpg,cat
Cat/7809.jpg,cat
Cat/781.jpg,cat
Cat/7810.jpg,cat
Cat/7813.jpg,cat
Cat/7814.jpg,cat
Cat/7818.jpg,cat
Cat/7819.jpg,cat
Cat/782.jpg,cat
Cat/7820.jpg,cat
Cat/7822.jpg,cat
Cat/7824.jpg,cat
Cat/7828.jpg,cat
Cat/7831.jpg,cat
Cat/7832.jpg,cat
Cat/7833.jpg,cat
Cat/7834.jpg,cat
Cat/7838.jpg,cat
Cat/7840.jpg,cat
Cat/7843.jpg,cat
Cat/7844.jpg,cat
Cat/7845.jpg,cat
Cat/7846.jpg,cat
Cat/7848.jpg,cat
Cat/785.jpg,cat
Cat/7851.jpg,cat
Cat/7856.jpg,cat
Cat/7858.jpg,cat
Cat/7859.jpg,cat
Cat/786.jpg,cat
Cat/7861.jpg,cat
Cat/7867.jpg,cat
Cat/7868.jpg,cat
Cat/7871.jpg,cat
Cat/7875.jpg,cat
Cat/788.jpg,cat
Cat/7880.jpg,cat
Cat/7883.jpg,cat
Cat/7884.jpg,cat
Cat/7887.jpg,cat
Cat/7890.jpg,cat
Cat/7893.jpg,cat
Cat/7896.jpg,cat
Cat/7897.jpg,cat
Cat/7899.jpg,cat
Cat/7900.jpg,cat
Cat/7901.jpg,cat
Cat/7902.jpg,cat
Cat/7903.jpg,cat
Cat/7905.jpg,cat
Cat/7908.jpg,cat
Cat/7910.jpg,cat
Cat/7914.jpg,cat
Cat/7916.jpg,cat
Cat/7917.jpg,cat
Cat/792.jpg,cat
Cat/7920.jpg,cat
Cat/7921.jpg,cat
Cat/7923.jpg,cat
Cat/7925.jpg,cat
Cat/7926.jpg,cat
Cat/7928.jpg,cat
Cat/7930.jpg,cat
Cat/7931.jpg,cat
Cat/7933.jpg,cat
Cat/7934.jpg,cat
Cat/7936.jpg,cat
Cat/7941.jpg,cat
Cat/7943.jpg,cat
Cat/7947.jpg,cat
Cat/7957.jpg,cat
Cat/7959.jpg,cat
Cat/7961.jpg,cat
Cat/7962.jpg,cat
Cat/7964.jpg,cat
Cat/7965.jpg,cat
Cat/797.jpg,cat
Cat/7975.jpg,cat
Cat/7980.jpg,cat
Cat/7982.jpg,cat
Cat/7985.jpg,cat
Cat/7988.jpg,cat
Cat/7990.jpg,cat
Cat/7997.jpg,cat
Cat/8.jpg,cat
Cat/80.jpg,cat
Cat/800.jpg,cat
Cat/8002.jpg,cat
Cat/8005.jpg,cat
Cat/8007.jpg,cat
Cat/8008.jpg,cat
Cat/8009.jpg,cat
Cat/8012.jpg,cat
Cat/8013.jpg,cat
Cat/8014.jpg,cat
Cat/8016.jpg,cat
Cat/8017.jpg,cat
Cat/802.jpg,cat
Cat/8021.jpg,cat
Cat/8023.jpg,cat
Cat/8024.jpg,cat
Cat/8025.jpg,cat
Cat/8027.jpg,cat
Cat/8030.jpg,cat
Cat/8032.jpg,cat
Cat/8033.jpg,cat
Cat/8037.jpg,cat
Cat/8038.jpg,cat
Cat/8039.jpg,cat
Cat/804.jpg,cat
Cat/8040.jpg,cat
Cat/8047.jpg,cat
Cat/8048.jpg,cat
Cat/8050.jpg,cat
Cat/8052.jpg,cat
Cat/8053.jpg,cat
Cat/8055.jpg,cat
Cat/806.jpg,cat
Cat/8061.jpg,cat
Cat/8062.jpg,cat
Cat/8064.jpg,cat
Cat/8068.jpg,cat
Cat/8070.jpg,cat
Cat/8072.jpg,cat
Cat/8074.jpg,cat
Cat/8077.jpg,cat
Cat/8079.jpg,cat
Cat/8088.jpg,cat
Cat/8090.jpg,cat
Cat/8091.jpg,cat
Cat/8094.jpg,cat
Cat/8096.jpg,cat
Cat/8097.jpg,cat
Cat/8098.jpg,cat
Cat/8100.jpg,cat
Cat/8101.jpg,cat
Cat/8102.jpg,cat
Cat/8106.jpg,cat
Cat/8107.jpg,cat
Cat/8109.jpg,cat
Cat/8110.jpg,cat
Cat/8113.jpg,cat
Cat/8114.jpg,cat
Cat/8116.jpg,cat
Cat/8119.jpg,cat
Cat/812.jpg,cat
Cat/8122.jpg,cat
Cat/8124.jpg,cat
Cat/8127.jpg,cat
Cat/8129.jpg,cat
Cat/8131.jpg,cat
Cat/8132.jpg,cat
Cat/8133.jpg,cat
Cat/8134.jpg,cat
Cat/8136.jpg,cat
Cat/8138.jpg,cat
Cat/8139.jpg,cat
Cat/814.jpg,cat
Cat/8143.jpg,cat
Cat/8144.jpg,cat
Cat/8145.jpg,cat
Cat/8150.jpg,cat
Cat/8156.jpg,cat
Cat/8161.jpg,cat
Cat/8162.jpg,cat
Cat/8164.jpg,cat
Cat/8167.jpg,cat
Cat/8172.jpg,cat
Cat/8175.jpg,cat
Cat/8176.jpg,cat
Cat/818.jpg,cat
Cat/8181.jpg,cat
Cat/8183.jpg,cat
Cat/8185.jpg,cat
Cat/8193.jpg,cat
Cat/8195.jpg,cat
Cat/8196.jpg,cat
Cat/8197.jpg,cat
Cat/820.jpg,cat
Cat/8200.jpg,cat
Cat/8202.jpg,cat
Cat/8205.jpg,cat
Cat/8206.jpg,cat
Cat/8222.jpg,cat
Cat/8223.jpg,cat
Cat/8224.jpg,cat
Cat/8227.jpg,cat
Cat/8228.jpg,cat
Cat/8229.jpg,cat
Cat/8230.jpg,cat
Cat/8232.jpg,cat
Cat/8234.jpg,cat
Cat/8236.jpg,cat
Cat/8237.jpg,cat
Cat/824.jpg,cat
Cat/8240.jpg,cat
Cat/8247.jpg,cat
Cat/8261.jpg,cat
Cat/8262.jpg,cat
Cat/8263.jpg,cat
Cat/8265.jpg,cat
Cat/8266.jpg,cat
Cat/8268.jpg,cat
Cat/827.jpg,cat
Cat/8271.jpg,cat
Cat/8272.jpg,cat
Cat/8273.jpg,cat
Cat/8276.jpg,cat
Cat/8279.jpg,cat
Cat/8281.jpg,cat
Cat/8282.jpg,cat
Cat/8289.jpg,cat
Cat/8291.jpg,cat
Cat/8294.jpg,cat
Cat/8298.jpg,cat
Cat/8299.jpg,cat
Cat/8300.jpg,cat
Cat/8301.jpg,cat
Cat/8306.jpg,cat
Cat/8308.jpg,cat
Cat/8309.jpg,cat
Cat/8312.jpg,cat
Cat/8313.jpg,cat
Cat/8317.jpg,cat
Cat/832.jpg,cat
Cat/8324.jpg,cat
Cat/8326.jpg,cat
Cat/8328.jpg,cat
Cat/8329.jpg,cat
Cat/833.jpg,cat
Cat/8331.jpg,cat
Cat/8333.jpg,cat
Cat/8334.jpg,cat
Cat/8339.jpg,cat
Cat/834.jpg,cat
Cat/8340.jpg,cat
Cat/8341.jpg,cat
Cat/8342.jpg,cat
Cat/8346.jpg,cat
Cat/8348.jpg,cat
Cat/8350.jpg,cat
Cat/8352.jpg,cat
Cat/8356.jpg,cat
Cat/8358.jpg,cat
Cat/8359.jpg,cat
Cat/8360.jpg,cat
Cat/8363.jpg,cat
Cat/8365.jpg,cat
Cat/837.jpg,cat
Cat/8372.jpg,cat
Cat/8374.jpg,cat
Cat/8375.jpg,cat
Cat/8376.jpg,cat
Cat/8379.jpg,cat
Cat/8382.jpg,cat
Cat/8384.jpg,cat
Cat/8387.jpg,cat
Cat/8388.jpg,cat
Cat/8391.jpg,cat
Cat/8393.jpg,cat
Cat/8398.jpg,cat
Cat/84.jpg,cat
Cat/840.jpg,cat
Cat/8404.jpg,cat
Cat/8406.jpg,cat
Cat/8408.jpg,cat
Cat/8409.jpg,cat
Cat/8410.jpg,cat
Cat/8411.jpg,cat
Cat/8413.jpg,cat
Cat/8422.jpg,cat
Cat/8424.jpg,cat
Cat/8428.jpg,cat
Cat/8429.jpg,cat
Cat/8430.jpg,cat
Cat/8433.jpg,cat
Cat/8437.jpg,cat
Cat/8438.jpg,cat
Cat/844.jpg,cat
Cat/8441.jpg,cat
Cat/8444.jpg,cat
Cat/8446.jpg,cat
Cat/8447.jpg,cat
Cat/8452.jpg,cat
Cat/8453.jpg,cat
Cat/8454.jpg,cat
Cat/846.jpg,cat
Cat/8460.jpg,cat
Cat/8464.jpg,cat
Cat/8466.jpg,cat
Cat/8470.jpg,cat
Cat/8476.jpg,cat
Cat/8478.jpg,cat
Cat/8481.jpg,cat
Cat/8487.jpg,cat
Cat/8488.jpg,cat
Cat/8489.jpg,cat
Cat/8491.jpg,cat
Cat/8493.jpg,cat
Cat/8497.jpg,cat
Cat/8499.jpg,cat
Cat/85.jpg,cat
Cat/8500.jpg,cat
Cat/8502.jpg,cat
Cat/8506.jpg,cat
Cat/8508.jpg,cat
Cat/8511.jpg,cat
Cat/8512.jpg,cat
Cat/8517.jpg,cat
Cat/8518.jpg,cat
Cat/8519.jpg,cat
Cat/8520.jpg,cat
Cat/8522.jpg,cat
Cat/8523.jpg,cat
Cat/8526.jpg,cat
Cat/8527.jpg,cat
Cat/8531.jpg,cat
Cat/8534.jpg,cat
Cat/8537.jpg,cat
Cat/8543.jpg,cat
Cat/8544.jpg,cat
Cat/8546.jpg,cat
Cat/855.jpg,cat
Cat/8550.jpg,cat
Cat/8553.jpg,cat
Cat/8554.jpg,cat
Cat/8557.jpg,cat
Cat/8561.jpg,cat
Cat/8564.jpg,cat
Cat/8566.jpg,cat
Cat/8567.jpg,cat
Cat/857.jpg,cat
Cat/8579.jpg,cat
Cat/8580.jpg,cat
Cat/8583.jpg,cat
Cat/8584.jpg,cat
Cat/8589.jpg,cat
Cat/8592.jpg,cat
Cat/8593.jpg,cat
Cat/8595.jpg,cat
Cat/8599.jpg,cat
Cat/86.jpg,cat
Cat/8600.jpg,cat
Cat/8602.jpg,cat
Cat/8603.jpg,cat
Cat/8610.jpg,cat
Cat/8612.jpg,cat
Cat/8621.jpg,cat
Cat/8623.jpg,cat
Cat/8624.jpg,cat
Cat/8633.jpg,cat
Cat/8637.jpg,cat
Cat/864.jpg,cat
Cat/8641.jpg,cat
Cat/8642.jpg,cat
Cat/8643.jpg,cat
Cat/8644.jpg,cat
Cat/8646.jpg,cat
Cat/8651.jpg,cat
Cat/8655.jpg,cat
Cat/8659.jpg,cat
Cat/866.jpg,cat
Cat/8662.jpg,cat
Cat/8663.jpg,cat
Cat/8664.jpg,cat
Cat/8668.jpg,cat
Cat/867.jpg,cat
Cat/8672.jpg,cat
Cat/8674.jpg,cat
Cat/8675.jpg,cat
Cat/8676.jpg,cat
Cat/8677.jpg,cat
Cat/8682.jpg,cat
Cat/8685.jpg,cat
Cat/8690.jpg,cat
Cat/8695.jpg,cat
Cat/87.jpg,cat
Cat/8700.jpg,cat
Cat/8702.jpg,cat
Cat/8703.jpg,cat
Cat/8704.jpg,cat
Cat/8705.jpg,cat
Cat/8707.jpg,cat
Cat/871.jpg,cat
Cat/8710.jpg,cat
Cat/8714.jpg,cat
Cat/8719.jpg,cat
Cat/8720.jpg,cat
Cat/8724.jpg,cat
Cat/8726.jpg,cat
Cat/8730.jpg,cat
Cat/8731.jpg,cat
Cat/8732.jpg,cat
Cat/8734.jpg,cat
Cat/8735.jpg,cat
Cat/8736.jpg,cat
Cat/8739.jpg,cat
Cat/874.jpg,cat
Cat/8741.jpg,cat
Cat/8742.jpg,cat
Cat/8747.jpg,cat
Cat/8749.jpg,cat
Cat/875.jpg,cat
Cat/8755.jpg,cat
Cat/8756.jpg,cat
Cat/8764.jpg,cat
Cat/8766.jpg,cat
Cat/8767.jpg,cat
Cat/8769.jpg,cat
Cat/8774.jpg,cat
Cat/8777.jpg,cat
Cat/8778.jpg,cat
Cat/878.jpg,cat
Cat/8781.jpg,cat
Cat/8782.jpg,cat
Cat/8784.jpg,cat
Cat/8785.jpg,cat
Cat/8787.jpg,cat
Cat/8788.jpg,cat
Cat/8789.jpg,cat
Cat/8790.jpg,cat
Cat/8793.jpg,cat
Cat/8794.jpg,cat
Cat/8795.jpg,cat
Cat/8796.jpg,cat
Cat/8797.jpg,cat
Cat/8798.jpg,cat
Cat/8799.jpg,cat
Cat/880.jpg,cat
Cat/8800.jpg,cat
Cat/8801.jpg,cat
Cat/8804.jpg,cat
Cat/8806.jpg,cat
Cat/881.jpg,cat
Cat/8813.jpg,cat
Cat/8821.jpg,cat
Cat/8823.jpg,cat
Cat/8825.jpg,cat
Cat/8827.jpg,cat
Cat/8828.jpg,cat
Cat/883.jpg,cat
Cat/8830.jpg,cat
Cat/8831.jpg,cat
Cat/8834.jpg,cat
Cat/8838.jpg,cat
Cat/8841.jpg,cat
Cat/8842.jpg,cat
Cat/8843.jpg,cat
Cat/8844.jpg,cat
Cat/8851.jpg,cat
Cat/8852.jpg,cat
Cat/8853.jpg,cat
Cat/8855.jpg,cat
Cat/8859.jpg,cat
Cat/8860.jpg,cat
Cat/8861.jpg,cat
Cat/8863.jpg,cat
Cat/8870.jpg,cat
Cat/8871.jpg,cat
Cat/8873.jpg,cat
Cat/8874.jpg,cat
Cat/8876.jpg,cat
Cat/8878.jpg,cat
Cat/8883.jpg,cat
Cat/8885.jpg,cat
Cat/8887.jpg,cat
Cat/8888.jpg,cat
Cat/8889.jpg,cat
Cat/8890.jpg,cat
Cat/8891.jpg,cat
Cat/8899.jpg,cat
Cat/8905.jpg,cat
Cat/8907.jpg,cat
Cat/8909.jpg,cat
Cat/891.jpg,cat
Cat/8917.jpg,cat
Cat/8919.jpg,cat
Cat/8927.jpg,cat
Cat/8930.jpg,cat
Cat/8933.jpg,cat
Cat/8935.jpg,cat
Cat/8936.jpg,cat
Cat/8944.jpg,cat
Cat/8945.jpg,cat
Cat/8946.jpg,cat
Cat/8947.jpg,cat
Cat/8948.jpg,cat
Cat/8949.jpg,cat
Cat/8951.jpg,cat
Cat/8955.jpg,cat
Cat/8959.jpg,cat
Cat/896.jpg,cat
Cat/8960.jpg,cat
Cat/8961.jpg,cat
Cat/8962.jpg,cat
Cat/8963.jpg,cat
Cat/8964.jpg,cat
Cat/8967.jpg,cat
Cat/897.jpg,cat
Cat/8970.jpg,cat
Cat/8972.jpg,cat
Cat/8974.jpg,cat
Cat/8977.jpg,cat
Cat/8979.jpg,cat
Cat/898.jpg,cat
Cat/8983.jpg,cat
Cat/8986.jpg,cat
Cat/8988.jpg,cat
Cat/8989.jpg,cat
Cat/899.jpg,cat
Cat/8992.jpg,cat
Cat/8997.jpg,cat
Cat/8999.jpg,cat
Cat/9002.jpg,cat
Cat/9007.jpg,cat
Cat/9010.jpg,cat
Cat/9011.jpg,cat
Cat/9015.jpg,cat
Cat/9017.jpg,cat
Cat/9018.jpg,cat
Cat/9019.jpg,cat
Cat/902.jpg,cat
Cat/9022.jpg,cat
Cat/9023.jpg,cat
Cat/9024.jpg,cat
Cat/9027.jpg,cat
Cat/9030.jpg,cat
Cat/9031.jpg,cat
Cat/9033.jpg,cat
Cat/9037.jpg,cat
Cat/9038.jpg,cat
Cat/9039.jpg,cat
Cat/904.jpg,cat
Cat/9042.jpg,cat
Cat/9043.jpg,cat
Cat/9049.jpg,cat
Cat/905.jpg,cat
Cat/9051.jpg,cat
Cat/9053.jpg,cat
Cat/9058.jpg,cat
Cat/9059.jpg,cat
Cat/9063.jpg,cat
Cat/9065.jpg,cat
Cat/9068.jpg,cat
Cat/9070.jpg,cat
Cat/9072.jpg,cat
Cat/9077.jpg,cat
Cat/9078.jpg,cat
Cat/9079.jpg,cat
Cat/908.jpg,cat
Cat/9080.jpg,cat
Cat/9081.jpg,cat
Cat/9082.jpg,cat
Cat/9085.jpg,cat
Cat/9089.jpg,cat
Cat/9090.jpg,cat
Cat/9091.jpg,cat
Cat/9092.jpg,cat
Cat/9093.jpg,cat
Cat/9096.jpg,cat
Cat/9098.jpg,cat
Cat/9099.jpg,cat
Cat/91.jpg,cat
Cat/9101.jpg,cat
Cat/9102.jpg,cat
Cat/9103.jpg,cat
Cat/9107.jpg,cat
Cat/9109.jpg,cat
Cat/911.jpg,cat
Cat/9110.jpg,cat
Cat/9113.jpg,cat
Cat/9115.jpg,cat
Cat/9119.jpg,cat
Cat/9120.jpg,cat
Cat/9122.jpg,cat
Cat/9123.jpg,cat
Cat/9126.jpg,cat
Cat/9128.jpg,cat
Cat/913.jpg,cat
Cat/9134.jpg,cat
Cat/9138.jpg,cat
Cat/914.jpg,cat
Cat/9141.jpg,cat
Cat/9142.jpg,cat
Cat/9145.jpg,cat
Cat/9147.jpg,cat
Cat/9148.jpg,cat
Cat/9151.jpg,cat
Cat/9153.jpg,cat
Cat/9158.jpg,cat
Cat/9164.jpg,cat
Cat/9166.jpg,cat
Cat/9168.jpg,cat
Cat/9170.jpg,cat
Cat/9171.jpg,cat
Cat/9174.jpg,cat
Cat/9177.jpg,cat
Cat/9178.jpg,cat
Cat/918.jpg,cat
Cat/9180.jpg,cat
Cat/9183.jpg,cat
Cat/9184.jpg,cat
Cat/9188.jpg,cat
Cat/9201.jpg,cat
Cat/9204.jpg,cat
Cat/9208.jpg,cat
Cat/9209.jpg,cat
Cat/9215.jpg,cat
Cat/9219.jpg,cat
Cat/922.jpg,cat
Cat/9221.jpg,cat
Cat/9222.jpg,cat
Cat/9224.jpg,cat
Cat/9228.jpg,cat
Cat/923.jpg,cat
Cat/9232.jpg,cat
Cat/9234.jpg,cat
Cat/9235.jpg,cat
Cat/9239.jpg,cat
Cat/9244.jpg,cat
Cat/9247.jpg,cat
Cat/9248.jpg,cat
Cat/9249.jpg,cat
Cat/9250.jpg,cat
Cat/9252.jpg,cat
Cat/9255.jpg,cat
Cat/9256.jpg,cat
Cat/9258.jpg,cat
Cat/9259.jpg,cat
Cat/9262.jpg,cat
Cat/9265.jpg,cat
Cat/9272.jpg,cat
Cat/9273.jpg,cat
Cat/9276.jpg,cat
Cat/9277.jpg,cat
Cat/9278.jpg,cat
Cat/9279.jpg,cat
Cat/928.jpg,cat
Cat/9281.jpg,cat
Cat/9282.jpg,cat
Cat/9283.jpg,cat
Cat/9286.jpg,cat
Cat/9287.jpg,cat
Cat/9290.jpg,cat
Cat/9293.jpg,cat
Cat/9294.jpg,cat
Cat/9296.jpg,cat
Cat/9297.jpg,cat
Cat/9299.jpg,cat
Cat/9300.jpg,cat
Cat/9301.jpg,cat
Cat/9302.jpg,cat
Cat/9306.jpg,cat
Cat/9308.jpg,cat
Cat/9312.jpg,cat
Cat/9315.jpg,cat
Cat/9316.jpg,cat
Cat/9317.jpg,cat
Cat/932.jpg,cat
Cat/933.jpg,cat
Cat/9331.jpg,cat
Cat/9332.jpg,cat
Cat/9333.jpg,cat
Cat/9341.jpg,cat
Cat/9342.jpg,cat
Cat/9343.jpg,cat
Cat/9345.jpg,cat
Cat/9346.jpg,cat
Cat/9347.jpg,cat
Cat/935.jpg,cat
Cat/9353.jpg,cat
Cat/9358.jpg,cat
Cat/9366.jpg,cat
Cat/9368.jpg,cat
Cat/9369.jpg,cat
Cat/9376.jpg,cat
Cat/9379.jpg,cat
Cat/9382.jpg,cat
Cat/9383.jpg,cat
Cat/9384.jpg,cat
Cat/9385.jpg,cat
Cat/9387.jpg,cat
Cat/939.jpg,cat
Cat/9390.jpg,cat
Cat/9391.jpg,cat
Cat/9396.jpg,cat
Cat/9397.jpg,cat
Cat/9399.jpg,cat
Cat/94.jpg,cat
Cat/940.jpg,cat
Cat/9407.jpg,cat
Cat/9410.jpg,cat
Cat/9412.jpg,cat
Cat/9414.jpg,cat
Cat/9416.jpg,cat
Cat/9418.jpg,cat
Cat/9419.jpg,cat
Cat/9420.jpg,cat
Cat/9422.jpg,cat
Cat/9423.jpg,cat
Cat/9424.jpg,cat
Cat/9425.jpg,cat
Cat/9426.jpg,cat
Cat/943.jpg,cat
Cat/9431.jpg,cat
Cat/9432.jpg,cat
Cat/9437.jpg,cat
Cat/9439.jpg,cat
Cat/9441.jpg,cat
Cat/9443.jpg,cat
Cat/9444.jpg,cat
Cat/9447.jpg,cat
Cat/9448.jpg,cat
Cat/9449.jpg,cat
Cat/945.jpg,cat
Cat/9450.jpg,cat
Cat/9451.jpg,cat
Cat/9452.jpg,cat
Cat/9454.jpg,cat
Cat/9456.jpg,cat
Cat/9458.jpg,cat
Cat/946.jpg,cat
Cat/9463.jpg,cat
Cat/9466.jpg,cat
Cat/9468.jpg,cat
Cat/9470.jpg,cat
Cat/9471.jpg,cat
Cat/9474.jpg,cat
Cat/9475.jpg,cat
Cat/9476.jpg,cat
Cat/9477.jpg,cat
Cat/9478.jpg,cat
Cat/948.jpg,cat
Cat/9488.jpg,cat
Cat/9489.jpg,cat
Cat/9491.jpg,cat
Cat/9492.jpg,cat
Cat/9497.jpg,cat
Cat/9498.jpg,cat
Cat/9500.jpg,cat
Cat/9505.jpg,cat
Cat/9506.jpg,cat
Cat/9509.jpg,cat
Cat/951.jpg,cat
Cat/9510.jpg,cat
Cat/9513.jpg,cat
Cat/9514.jpg,cat
Cat/9517.jpg,cat
Cat/9520.jpg,cat
Cat/9521.jpg,cat
Cat/9524.jpg,cat
Cat/9525.jpg,cat
Cat/9528.jpg,cat
Cat/953.jpg,cat
Cat/9531.jpg,cat
Cat/9536.jpg,cat
Cat/9537.jpg,cat
Cat/9541.jpg,cat
Cat/9545.jpg,cat
Cat/9550.jpg,cat
Cat/9551.jpg,cat
Cat/9552.jpg,cat
Cat/9553.jpg,cat
Cat/9554.jpg,cat
Cat/9556.jpg,cat
Cat/9559.jpg,cat
Cat/9560.jpg,cat
Cat/9561.jpg,cat
Cat/9564.jpg,cat
Cat/9565.jpg,cat
Cat/9567.jpg,cat
Cat/9568.jpg,cat
Cat/957.jpg,cat
Cat/9571.jpg,cat
Cat/9574.jpg,cat
Cat/9576.jpg,cat
Cat/9578.jpg,cat
Cat/958.jpg,cat
Cat/9584.jpg,cat
Cat/9590.jpg,cat
Cat/9598.jpg,cat
Cat/96.jpg,cat
Cat/9601.jpg,cat
Cat/9606.jpg,cat
Cat/9607.jpg,cat
Cat/9609.jpg,cat
Cat/961.jpg,cat
Cat/9612.jpg,cat
Cat/9613.jpg,cat
Cat/9615.jpg,cat
Cat/9618.jpg,cat
Cat/9620.jpg,cat
Cat/9623.jpg,cat
Cat/9624.jpg,cat
Cat/9629.jpg,cat
Cat/9631.jpg,cat
Cat/9633.jpg,cat
Cat/9634.jpg,cat
Cat/9637.jpg,cat
Cat/9639.jpg,cat
Cat/9641.jpg,cat
Cat/9642.jpg,cat
Cat/9649.jpg,cat
Cat/965.jpg,cat
Cat/9651.jpg,cat
Cat/9654.jpg,cat
Cat/9655.jpg,cat
Cat/9656.jpg,cat
Cat/966.jpg,cat
Cat/9661.jpg,cat
Cat/9662.jpg,cat
Cat/9663.jpg,cat
Cat/967.jpg,cat
Cat/9674.jpg,cat
Cat/9675.jpg,cat
Cat/9677.jpg,cat
Cat/9679.jpg,cat
Cat/968.jpg,cat
Cat/9680.jpg,cat
Cat/9681.jpg,cat
Cat/9686.jpg,cat
Cat/9689.jpg,cat
Cat/969.jpg,cat
Cat/9690.jpg,cat
Cat/9691.jpg,cat
Cat/9693.jpg,cat
Cat/9694.jpg,cat
Cat/9697.jpg,cat
Cat/9701.jpg,cat
Cat/9702.jpg,cat
Cat/9703.jpg,cat
Cat/9704.jpg,cat
Cat/971.jpg,cat
Cat/9713.jpg,cat
Cat/9714.jpg,cat
Cat/9716.jpg,cat
Cat/9722.jpg,cat
Cat/9724.jpg,cat
Cat/9725.jpg,cat
Cat/9729.jpg,cat
Cat/973.jpg,cat
Cat/9734.jpg,cat
Cat/974.jpg,cat
Cat/9740.jpg,cat
Cat/9741.jpg,cat
Cat/9745.jpg,cat
Cat/975.jpg,cat
Cat/9757.jpg,cat
Cat/9758.jpg,cat
Cat/9759.jpg,cat
Cat/9766.jpg,cat
Cat/9771.jpg,cat
Cat/9772.jpg,cat
Cat/9776.jpg,cat
Cat/9777.jpg,cat
Cat/9778.jpg,cat
Cat/9781.jpg,cat
Cat/9782.jpg,cat
Cat/9783.jpg,cat
Cat/9784.jpg,cat
Cat/9789.jpg,cat
Cat/9790.jpg,cat
Cat/9793.jpg,cat
Cat/9794.jpg,cat
Cat/9797.jpg,cat
Cat/9798.jpg,cat
Cat/98.jpg,cat
Cat/980.jpg,cat
Cat/9800.jpg,cat
Cat/9801.jpg,cat
Cat/9807.jpg,cat
Cat/9808.jpg,cat
Cat/9810.jpg,cat
Cat/9812.jpg,cat
Cat/982.jpg,cat
Cat/9821.jpg,cat
Cat/9822.jpg,cat
Cat/9823.jpg,cat
Cat/9824.jpg,cat
Cat/9825.jpg,cat
Cat/9829.jpg,cat
Cat/9830.jpg,cat
Cat/9831.jpg,cat
Cat/9833.jpg,cat
Cat/9835.jpg,cat
Cat/9837.jpg,cat
Cat/9838.jpg,cat
Cat/984.jpg,cat
Cat/9840.jpg,cat
Cat/9842.jpg,cat
Cat/9844.jpg,cat
Cat/9845.jpg,cat
Cat/9851.jpg,cat
Cat/9853.jpg,cat
Cat/9854.jpg,cat
Cat/9858.jpg,cat
Cat/9862.jpg,cat
Cat/9863.jpg,cat
Cat/9864.jpg,cat
Cat/9866.jpg,cat
Cat/9867.jpg,cat
Cat/9872.jpg,cat
Cat/9874.jpg,cat
Cat/9875.jpg,cat
Cat/9876.jpg,cat
Cat/9877.jpg,cat
Cat/988.jpg,cat
Cat/9880.jpg,cat
Cat/9887.jpg,cat
Cat/9889.jpg,cat
Cat/9890.jpg,cat
Cat/9893.jpg,cat
Cat/9895.jpg,cat
Cat/9898.jpg,cat
Cat/99.jpg,cat
Cat/9900.jpg,cat
Cat/9904.jpg,cat
Cat/9905.jpg,cat
Cat/9913.jpg,cat
Cat/9916.jpg,cat
Cat/9918.jpg,cat
Cat/992.jpg,cat
Cat/9920.jpg,cat
Cat/9923.jpg,cat
Cat/9924.jpg,cat
Cat/9926.jpg,cat
Cat/9929.jpg,cat
Cat/9935.jpg,cat
Cat/9936.jpg,cat
Cat/9937.jpg,cat
Cat/9940.jpg,cat
Cat/9941.jpg,cat
Cat/9944.jpg,cat
Cat/9945.jpg,cat
Cat/9946.jpg,cat
Cat/9948.jpg,cat
Cat/9952.jpg,cat
Cat/9957.jpg,cat
Cat/9960.jpg,cat
Cat/9971.jpg,cat
Cat/9974.jpg,cat
Cat/9975.jpg,cat
Cat/9987.jpg,cat
Cat/9989.jpg,cat
Cat/9991.jpg,cat
Cat/9993.jpg,cat
Cat/9998.jpg,cat
Dog/10001.jpg,dog
Dog/10005.jpg,dog
Dog/10006.jpg,dog
Dog/10007.jpg,dog
Dog/10011.jpg,dog
Dog/10012.jpg,dog
Dog/10013.jpg,dog
Dog/10015.jpg,dog
Dog/10016.jpg,dog
Dog/10019.jpg,dog
Dog/1002.jpg,dog
Dog/10021.jpg,dog
Dog/10022.jpg,dog
Dog/10026.jpg,dog
Dog/10027.jpg,dog
Dog/10028.jpg,dog
Dog/10030.jpg,dog
Dog/10033.jpg,dog
Dog/10035.jpg,dog
Dog/10039.jpg,dog
Dog/1004.jpg,dog
Dog/10041.jpg,dog
Dog/10043.jpg,dog
Dog/10045.jpg,dog
Dog/10046.jpg,dog
Dog/10049.jpg,dog
Dog/10054.jpg,dog
Dog/10055.jpg,dog
Dog/10057.jpg,dog
Dog/10059.jpg,dog
Dog/10061.jpg,dog
Dog/10065.jpg,dog
Dog/10066.jpg,dog
Dog/10069.jpg,dog
Dog/10074.jpg,dog
Dog/10076.jpg,dog
Dog/10078.jpg,dog
Dog/10080.jpg,dog
Dog/10081.jpg,dog
Dog/10083.jpg,dog
Dog/10089.jpg,dog
Dog/10091.jpg,dog
Dog/10092.jpg,dog
Dog/10093.jpg,dog
Dog/10097.jpg,dog
Dog/10098.jpg,dog
Dog/10106.jpg,dog
Dog/10109.jpg,dog
Dog/10110.jpg,dog
Dog/10111.jpg,dog
Dog/10112.jpg,dog
Dog/10119.jpg,dog
Dog/10121.jpg,dog
Dog/10123.jpg,dog
Dog/10124.jpg,dog
Dog/10125.jpg,dog
Dog/10131.jpg,dog
Dog/10139.jpg,dog
Dog/10143.jpg,dog
Dog/10144.jpg,dog
Dog/10145.jpg,dog
Dog/10146.jpg,dog
Dog/10147.jpg,dog
Dog/10148.jpg,dog
Dog/10153.jpg,dog
Dog/10156.jpg,dog
Dog/10157.jpg,dog
Dog/10161.jpg,dog
Dog/10164.jpg,dog
Dog/10170.jpg,dog
Dog/10175.jpg,dog
Dog/10179.jpg,dog
Dog/1018.jpg,dog
Dog/10180.jpg,dog
Dog/10181.jpg,dog
Dog/10182.jpg,dog
Dog/10184.jpg,dog
Dog/10186.jpg,dog
Dog/10188.jpg,dog
Dog/10189.jpg,dog
Dog/10190.jpg,dog
Dog/10191.jpg,dog
Dog/10194.jpg,dog
Dog/10198.jpg,dog
Dog/102.jpg,dog
Dog/1020.jpg,dog
Dog/10201.jpg,dog
Dog/10202.jpg,dog
Dog/10203.jpg,dog
Dog/10204.jpg,dog
Dog/10205.jpg,dog
Dog/10207.jpg,dog
Dog/10208.jpg,dog
Dog/10211.jpg,dog
Dog/10216.jpg,dog
Dog/10217.jpg,dog
Dog/10218.jpg,dog
Dog/10219.jpg,dog
Dog/1022.jpg,dog
Dog/10220.jpg,dog
Dog/10222.jpg,dog
Dog/10226.jpg,dog
Dog/10228.jpg,dog
Dog/10230.jpg,dog
Dog/10231.jpg,dog
Dog/10232.jpg,dog
Dog/10233.jpg,dog
Dog/10239.jpg,dog
Dog/10242.jpg,dog
Dog/10243.jpg,dog
Dog/10244.jpg,dog
Dog/10246.jpg,dog
Dog/1025.jpg,dog
Dog/10253.jpg,dog
Dog/10255.jpg,dog
Dog/10256.jpg,dog
Dog/10257.jpg,dog
Dog/10258.jpg,dog
Dog/1026.jpg,dog
Dog/10265.jpg,dog
Dog/10267.jpg,dog
Dog/10269.jpg,dog
Dog/1027.jpg,dog
Dog/10270.jpg,dog
Dog/10272.jpg,dog
Dog/10274.jpg,dog
Dog/1028.jpg,dog
Dog/10284.jpg,dog
Dog/10290.jpg,dog
Dog/10292.jpg,dog
Dog/10293.jpg,dog
Dog/10294.jpg,dog
Dog/10295.jpg,dog
Dog/10296.jpg,dog
Dog/10298.jpg,dog
Dog/10299.jpg,dog
Dog/103.jpg,dog
Dog/1030.jpg,dog
Dog/10304.jpg,dog
Dog/10305.jpg,dog
Dog/10307.jpg,dog
Dog/10314.jpg,dog
Dog/10315.jpg,dog
Dog/10318.jpg,dog
Dog/10323.jpg,dog
Dog/10327.jpg,dog
Dog/10328.jpg,dog
Dog/10331.jpg,dog
Dog/10334.jpg,dog
Dog/10335.jpg,dog
Dog/10338.jpg,dog
Dog/10339.jpg,dog
Dog/1034.jpg,dog
Dog/10340.jpg,dog
Dog/10341.jpg,dog
Dog/10343.jpg,dog
Dog/10345.jpg,dog
Dog/10347.jpg,dog
Dog/10348.jpg,dog
Dog/10353.jpg,dog
Dog/10354.jpg,dog
Dog/10355.jpg,dog
Dog/10356.jpg,dog
Dog/10358.jpg,dog
Dog/1036.jpg,dog
Dog/10361.jpg,dog
Dog/10362.jpg,dog
Dog/10365.jpg,dog
Dog/10366.jpg,dog
Dog/10367.jpg,dog
Dog/10373.jpg,dog
Dog/10377.jpg,dog
Dog/10378.jpg,dog
Dog/10380.jpg,dog
Dog/10381.jpg,dog
Dog/10384.jpg,dog
Dog/10385.jpg,dog
Dog/10387.jpg,dog
Dog/10389.jpg,dog
Dog/1039.jpg,dog
Dog/10393.jpg,dog
Dog/10394.jpg,dog
Dog/10395.jpg,dog
Dog/10397.jpg,dog
Dog/10398.jpg,dog
Dog/10406.jpg,dog
Dog/10413.jpg,dog
Dog/10414.jpg,dog
Dog/10418.jpg,dog
Dog/10419.jpg,dog
Dog/10420.jpg,dog
Dog/10421.jpg,dog
Dog/10425.jpg,dog
Dog/10429.jpg,dog
Dog/1043.jpg,dog
Dog/10434.jpg,dog
Dog/10435.jpg,dog
Dog/10436.jpg,dog
Dog/10437.jpg,dog
Dog/10438.jpg,dog
Dog/10439.jpg,dog
Dog/10441.jpg,dog
Dog/10443.jpg,dog
Dog/10445.jpg,dog
Dog/10446.jpg,dog
Dog/10447.jpg,dog
Dog/1045.jpg,dog
Dog/10451.jpg,dog
Dog/10454.jpg,dog
Dog/10455.jpg,dog
Dog/10456.jpg,dog
Dog/10464.jpg,dog
Dog/10468.jpg,dog
Dog/10470.jpg,dog
Dog/10472.jpg,dog
Dog/10474.jpg,dog
Dog/10478.jpg,dog
Dog/10479.jpg,dog
Dog/10480.jpg,dog
Dog/10482.jpg,dog
Dog/10487.jpg,dog
Dog/1049.jpg,dog
Dog/10498.jpg,dog
Dog/105.jpg,dog
Dog/10501.jpg,dog
Dog/10502.jpg,dog
Dog/10505.jpg,dog
Dog/10511.jpg,dog
Dog/10518.jpg,dog
Dog/10519.jpg,dog
Dog/10522.jpg,dog
Dog/10524.jpg,dog
Dog/10526.jpg,dog
Dog/10528.jpg,dog
Dog/10529.jpg,dog
Dog/1053.jpg,dog
Dog/10530.jpg,dog
Dog/10534.jpg,dog
Dog/10535.jpg,dog
Dog/10536.jpg,dog
Dog/1054.jpg,dog
Dog/10546.jpg,dog
Dog/10547.jpg,dog
Dog/10549.jpg,dog
Dog/1055.jpg,dog
Dog/10552.jpg,dog
Dog/10554.jpg,dog
Dog/10556.jpg,dog
Dog/10560.jpg,dog
Dog/10561.jpg,dog
Dog/10562.jpg,dog
Dog/10564.jpg,dog
Dog/10566.jpg,dog
Dog/1057.jpg,dog
Dog/10570.jpg,dog
Dog/10571.jpg,dog
Dog/10572.jpg,dog
Dog/10573.jpg,dog
Dog/10574.jpg,dog
Dog/10575.jpg,dog
Dog/10578.jpg,dog
Dog/10581.jpg,dog
Dog/10586.jpg,dog
Dog/10593.jpg,dog
Dog/10595.jpg,dog
Dog/10598.jpg,dog
Dog/1060.jpg,dog
Dog/10603.jpg,dog
Dog/10604.jpg,dog
Dog/10605.jpg,dog
Dog/10608.jpg,dog
Dog/10609.jpg,dog
Dog/10611.jpg,dog
Dog/10612.jpg,dog
Dog/10614.jpg,dog
Dog/10615.jpg,dog
Dog/10626.jpg,dog
Dog/10628.jpg,dog
Dog/10632.jpg,dog
Dog/10633.jpg,dog
Dog/10634.jpg,dog
Dog/10638.jpg,dog
Dog/10642.jpg,dog
Dog/10643.jpg,dog
Dog/10647.jpg,dog
Dog/1065.jpg,dog
Dog/10652.jpg,dog
Dog/10654.jpg,dog
Dog/10659.jpg,dog
Dog/1066.jpg,dog
Dog/10661.jpg,dog
Dog/10662.jpg,dog
Dog/10664.jpg,dog
Dog/10666.jpg,dog
Dog/10668.jpg,dog
Dog/10670.jpg,dog
Dog/10672.jpg,dog
Dog/10675.jpg,dog
Dog/10676.jpg,dog
Dog/10678.jpg,dog
Dog/10680.jpg,dog
Dog/10682.jpg,dog
Dog/10689.jpg,dog
Dog/1069.jpg,dog
Dog/10693.jpg,dog
Dog/10695.jpg,dog
Dog/10699.jpg,dog
Dog/1070.jpg,dog
Dog/10701.jpg,dog
Dog/10703.jpg,dog
Dog/10704.jpg,dog
Dog/10709.jpg,dog
Dog/1071.jpg,dog
Dog/10710.jpg,dog
Dog/10713.jpg,dog
Dog/10719.jpg,dog
Dog/10722.jpg,dog
Dog/10723.jpg,dog
Dog/10726.jpg,dog
Dog/10728.jpg,dog
Dog/10731.jpg,dog
Dog/10733.jpg,dog
Dog/10739.jpg,dog
Dog/10740.jpg,dog
Dog/10741.jpg,dog
Dog/10745.jpg,dog
Dog/10746.jpg,dog
Dog/10749.jpg,dog
Dog/10754.jpg,dog
Dog/10757.jpg,dog
Dog/10758.jpg,dog
Dog/10759.jpg,dog
Dog/10761.jpg,dog
Dog/10762.jpg,dog
Dog/10765.jpg,dog
Dog/10774.jpg,dog
Dog/10775.jpg,dog
Dog/10777.jpg,dog
Dog/10781.jpg,dog
Dog/10784.jpg,dog
Dog/10785.jpg,dog
Dog/10786.jpg,dog
Dog/10787.jpg,dog
Dog/10788.jpg,dog
Dog/10790.jpg,dog
Dog/10791.jpg,dog
Dog/10792.jpg,dog
Dog/10794.jpg,dog
Dog/10796.jpg,dog
Dog/1080.jpg,dog
Dog/10800.jpg,dog
Dog/10802.jpg,dog
Dog/10808.jpg,dog
Dog/10810.jpg,dog
Dog/10816.jpg,dog
Dog/10817.jpg,dog
Dog/10818.jpg,dog
Dog/10822.jpg,dog
Dog/10823.jpg,dog
Dog/10825.jpg,dog
Dog/10827.jpg,dog
Dog/10828.jpg,dog
Dog/10830.jpg,dog
Dog/10831.jpg,dog
Dog/10835.jpg,dog
Dog/10837.jpg,dog
Dog/10838.jpg,dog
Dog/10839.jpg,dog
Dog/10840.jpg,dog
Dog/10841.jpg,dog
Dog/10842.jpg,dog
Dog/10843.jpg,dog
Dog/10848.jpg,dog
Dog/1085.jpg,dog
Dog/10853.jpg,dog
Dog/10854.jpg,dog
Dog/10855.jpg,dog
Dog/10858.jpg,dog
Dog/10859.jpg,dog
Dog/10860.jpg,dog
Dog/10862.jpg,dog
Dog/10868.jpg,dog
Dog/10869.jpg,dog
Dog/1087.jpg,dog
Dog/10871.jpg,dog
Dog/10873.jpg,dog
Dog/10875.jpg,dog
Dog/10876.jpg,dog
Dog/10883.jpg,dog
Dog/10884.jpg,dog
Dog/10886.jpg,dog
Dog/10887.jpg,dog
Dog/10888.jpg,dog
Dog/10891.jpg,dog
Dog/10893.jpg,dog
Dog/10896.jpg,dog
Dog/10898.jpg,dog
Dog/10899.jpg,dog
Dog/10900.jpg,dog
Dog/10902.jpg,dog
Dog/10906.jpg,dog
Dog/10909.jpg,dog
Dog/10911.jpg,dog
Dog/10912.jpg,dog
Dog/10914.jpg,dog
Dog/10915.jpg,dog
Dog/1092.jpg,dog
Dog/10924.jpg,dog
Dog/10925.jpg,dog
Dog/10927.jpg,dog
Dog/10929.jpg,dog
Dog/10930.jpg,dog
Dog/10931.jpg,dog
Dog/10934.jpg,dog
Dog/10937.jpg,dog
Dog/1094.jpg,dog
Dog/10943.jpg,dog
Dog/10948.jpg,dog
Dog/10952.jpg,dog
Dog/10954.jpg,dog
Dog/10957.jpg,dog
Dog/10958.jpg,dog
Dog/10959.jpg,dog
Dog/1096.jpg,dog
Dog/10960.jpg,dog
Dog/10962.jpg,dog
Dog/10963.jpg,dog
Dog/10965.jpg,dog
Dog/10969.jpg,dog
Dog/1097.jpg,dog
Dog/10970.jpg,dog
Dog/10974.jpg,dog
Dog/10975.jpg,dog
Dog/10978.jpg,dog
Dog/10982.jpg,dog
Dog/10986.jpg,dog
Dog/10988.jpg,dog
Dog/1099.jpg,dog
Dog/10992.jpg,dog
Dog/10994.jpg,dog
Dog/10998.jpg,dog
Dog/10999.jpg,dog
Dog/110.jpg,dog
Dog/1100.jpg,dog
Dog/11001.jpg,dog
Dog/11002.jpg,dog
Dog/11010.jpg,dog
Dog/11014.jpg,dog
Dog/11017.jpg,dog
Dog/11018.jpg,dog
Dog/11019.jpg,dog
Dog/11024.jpg,dog
Dog/11025.jpg,dog
Dog/11027.jpg,dog
Dog/11029.jpg,dog
Dog/11031.jpg,dog
Dog/11032.jpg,dog
Dog/11035.jpg,dog
Dog/11037.jpg,dog
Dog/11038.jpg,dog
Dog/1104.jpg,dog
Dog/11044.jpg,dog
Dog/11045.jpg,dog
Dog/11053.jpg,dog
Dog/11054.jpg,dog
Dog/11056.jpg,dog
Dog/1106.jpg,dog
Dog/11064.jpg,dog
Dog/11071.jpg,dog
Dog/11075.jpg,dog
Dog/11079.jpg,dog
Dog/1108.jpg,dog
Dog/11080.jpg,dog
Dog/11088.jpg,dog
Dog/11090.jpg,dog
Dog/11091.jpg,dog
Dog/11092.jpg,dog
Dog/11095.jpg,dog
Dog/11099.jpg,dog
Dog/1110.jpg,dog
Dog/11102.jpg,dog
Dog/11104.jpg,dog
Dog/11107.jpg,dog
Dog/1111.jpg,dog
Dog/11116.jpg,dog
Dog/11117.jpg,dog
Dog/11118.jpg,dog
Dog/11121.jpg,dog
Dog/11127.jpg,dog
Dog/11128.jpg,dog
Dog/1113.jpg,dog
Dog/11130.jpg,dog
Dog/11133.jpg,dog
Dog/11136.jpg,dog
Dog/11148.jpg,dog
Dog/11151.jpg,dog
Dog/11155.jpg,dog
Dog/11156.jpg,dog
Dog/11157.jpg,dog
Dog/1116.jpg,dog
Dog/11161.jpg,dog
Dog/11166.jpg,dog
Dog/11167.jpg,dog
Dog/11168.jpg,dog
Dog/11169.jpg,dog
Dog/11172.jpg,dog
Dog/11175.jpg,dog
Dog/11178.jpg,dog
Dog/11179.jpg,dog
Dog/11183.jpg,dog
Dog/11188.jpg,dog
Dog/11189.jpg,dog
Dog/11192.jpg,dog
Dog/11195.jpg,dog
Dog/11196.jpg,dog
Dog/11197.jpg,dog
Dog/1120.jpg,dog
Dog/11202.jpg,dog
Dog/11205.jpg,dog
Dog/11206.jpg,dog
Dog/11209.jpg,dog
Dog/11211.jpg,dog
Dog/11215.jpg,dog
Dog/11216.jpg,dog
Dog/11219.jpg,dog
Dog/11222.jpg,dog
Dog/11227.jpg,dog
Dog/11229.jpg,dog
Dog/11233.jpg,dog
Dog/11235.jpg,dog
Dog/11236.jpg,dog
Dog/11239.jpg,dog
Dog/11244.jpg,dog
Dog/11245.jpg,dog
Dog/11247.jpg,dog
Dog/11248.jpg,dog
Dog/11249.jpg,dog
Dog/11253.jpg,dog
Dog/11258.jpg,dog
Dog/11259.jpg,dog
Dog/11261.jpg,dog
Dog/11262.jpg,dog
Dog/11264.jpg,dog
Dog/11266.jpg,dog
Dog/11268.jpg,dog
Dog/11269.jpg,dog
Dog/11270.jpg,dog
Dog/11272.jpg,dog
Dog/11274.jpg,dog
Dog/11277.jpg,dog
Dog/11279.jpg,dog
Dog/1128.jpg,dog
Dog/11280.jpg,dog
Dog/11281.jpg,dog
Dog/11284.jpg,dog
Dog/11286.jpg,dog
Dog/11288.jpg,dog
Dog/11293.jpg,dog
Dog/11301.jpg,dog
Dog/11303.jpg,dog
Dog/11304.jpg,dog
Dog/11309.jpg,dog
Dog/11311.jpg,dog
Dog/11315.jpg,dog
Dog/11317.jpg,dog
Dog/11318.jpg,dog
Dog/11321.jpg,dog
Dog/11323.jpg,dog
Dog/11327.jpg,dog
Dog/11330.jpg,dog
Dog/11332.jpg,dog
Dog/11333.jpg,dog
Dog/11335.jpg,dog
Dog/11339.jpg,dog
Dog/11346.jpg,dog
Dog/11347.jpg,dog
Dog/11348.jpg,dog
Dog/11351.jpg,dog
Dog/11352.jpg,dog
Dog/11353.jpg,dog
Dog/11354.jpg,dog
Dog/11355.jpg,dog
Dog/11357.jpg,dog
Dog/11359.jpg,dog
Dog/11362.jpg,dog
Dog/11363.jpg,dog
Dog/11365.jpg,dog
Dog/11367.jpg,dog
Dog/1137.jpg,dog
Dog/11370.jpg,dog
Dog/11373.jpg,dog
Dog/11379.jpg,dog
Dog/11380.jpg,dog
Dog/11382.jpg,dog
Dog/11386.jpg,dog
Dog/11390.jpg,dog
Dog/11392.jpg,dog
Dog/11393.jpg,dog
Dog/11396.jpg,dog
Dog/11403.jpg,dog
Dog/11406.jpg,dog
Dog/11408.jpg,dog
Dog/11410.jpg,dog
Dog/11411.jpg,dog
Dog/11419.jpg,dog
Dog/1142.jpg,dog
Dog/11421.jpg,dog
Dog/11424.jpg,dog
Dog/11426.jpg,dog
Dog/11427.jpg,dog
Dog/11429.jpg,dog
Dog/11431.jpg,dog
Dog/11432.jpg,dog
Dog/11434.jpg,dog
Dog/11439.jpg,dog
Dog/11442.jpg,dog
Dog/11443.jpg,dog
Dog/11448.jpg,dog
Dog/11449.jpg,dog
Dog/11450.jpg,dog
Dog/11453.jpg,dog
Dog/11460.jpg,dog
Dog/11462.jpg,dog
Dog/11468.jpg,dog
Dog/11471.jpg,dog
Dog/11473.jpg,dog
Dog/11477.jpg,dog
Dog/11482.jpg,dog
Dog/11485.jpg,dog
Dog/11487.jpg,dog
Dog/11488.jpg,dog
Dog/11491.jpg,dog
Dog/11493.jpg,dog
Dog/11495.jpg,dog
Dog/11498.jpg,dog
Dog/11499.jpg,dog
Dog/1150.jpg,dog
Dog/11500.jpg,dog
Dog/11501.jpg,dog
Dog/11503.jpg,dog
Dog/11505.jpg,dog
Dog/11506.jpg,dog
Dog/11509.jpg,dog
Dog/11510.jpg,dog
Dog/11512.jpg,dog
Dog/11513.jpg,dog
Dog/11514.jpg,dog
Dog/11517.jpg,dog
Dog/1152.jpg,dog
Dog/11523.jpg,dog
Dog/11525.jpg,dog
Dog/11526.jpg,dog
Dog/11527.jpg,dog
Dog/1153.jpg,dog
Dog/11532.jpg,dog
Dog/11534.jpg,dog
Dog/11537.jpg,dog
Dog/11539.jpg,dog
Dog/1154.jpg,dog
Dog/11541.jpg,dog
Dog/11543.jpg,dog
Dog/11544.jpg,dog
Dog/11547.jpg,dog
Dog/11548.jpg,dog
Dog/11549.jpg,dog
Dog/1155.jpg,dog
Dog/11550.jpg,dog
Dog/11551.jpg,dog
Dog/11557.jpg,dog
Dog/11560.jpg,dog
Dog/11567.jpg,dog
Dog/11569.jpg,dog
Dog/11570.jpg,dog
Dog/11571.jpg,dog
Dog/11572.jpg,dog
Dog/11573.jpg,dog
Dog/11574.jpg,dog
Dog/11575.jpg,dog
Dog/11576.jpg,dog
Dog/11578.jpg,dog
Dog/11579.jpg,dog
Dog/1158.jpg,dog
Dog/11580.jpg,dog
Dog/11582.jpg,dog
Dog/11585.jpg,dog
Dog/11586.jpg,dog
Dog/11587.jpg,dog
Dog/11591.jpg,dog
Dog/11596.jpg,dog
Dog/11597.jpg,dog
Dog/116.jpg,dog
Dog/11600.jpg,dog
Dog/11604.jpg,dog
Dog/11606.jpg,dog
Dog/11607.jpg,dog
Dog/11611.jpg,dog
Dog/11612.jpg,dog
Dog/11614.jpg,dog
Dog/11617.jpg,dog
Dog/11622.jpg,dog
Dog/11625.jpg,dog
Dog/11628.jpg,dog
Dog/11632.jpg,dog
Dog/11635.jpg,dog
Dog/11636.jpg,dog
Dog/11639.jpg,dog
Dog/11640.jpg,dog
Dog/11642.jpg,dog
Dog/11643.jpg,dog
Dog/11649.jpg,dog
Dog/11650.jpg,dog
Dog/11651.jpg,dog
Dog/11660.jpg,dog
Dog/11665.jpg,dog
Dog/11666.jpg,dog
Dog/11667.jpg,dog
Dog/11668.jpg,dog
Dog/11671.jpg,dog
Dog/11677.jpg,dog
Dog/1168.jpg,dog
Dog/11683.jpg,dog
Dog/11688.jpg,dog
Dog/11689.jpg,dog
Dog/11690.jpg,dog
Dog/11691.jpg,dog
Dog/11699.jpg,dog
Dog/11700.jpg,dog
Dog/11708.jpg,dog
Dog/11709.jpg,dog
Dog/11716.jpg,dog
Dog/1172.jpg,dog
Dog/11720.jpg,dog
Dog/11722.jpg,dog
Dog/11723.jpg,dog
Dog/11725.jpg,dog
Dog/11726.jpg,dog
Dog/11728.jpg,dog
Dog/11729.jpg,dog
Dog/1173.jpg,dog
Dog/11736.jpg,dog
Dog/11738.jpg,dog
Dog/11739.jpg,dog
Dog/11749.jpg,dog
Dog/11751.jpg,dog
Dog/11752.jpg,dog
Dog/11754.jpg,dog
Dog/11755.jpg,dog
Dog/11756.jpg,dog
Dog/11757.jpg,dog
Dog/11758.jpg,dog
Dog/11760.jpg,dog
Dog/11761.jpg,dog
Dog/11763.jpg,dog
Dog/11764.jpg,dog
Dog/11769.jpg,dog
Dog/11775.jpg,dog
Dog/11776.jpg,dog
Dog/11778.jpg,dog
Dog/1178.jpg,dog
Dog/11781.jpg,dog
Dog/11783.jpg,dog
Dog/11787.jpg,dog
Dog/11789.jpg,dog
Dog/1179.jpg,dog
Dog/11790.jpg,dog
Dog/11793.jpg,dog
Dog/11795.jpg,dog
Dog/11796.jpg,dog
Dog/11797.jpg,dog
Dog/11798.jpg,dog
Dog/1180.jpg,dog
Dog/11800.jpg,dog
Dog/11801.jpg,dog
Dog/11802.jpg,dog
Dog/11808.jpg,dog
Dog/1181.jpg,dog
Dog/11810.jpg,dog
Dog/11812.jpg,dog
Dog/11816.jpg,dog
Dog/11817.jpg,dog
Dog/11819.jpg,dog
Dog/1182.jpg,dog
Dog/11827.jpg,dog
Dog/1183.jpg,dog
Dog/11830.jpg,dog
Dog/11832.jpg,dog
Dog/11834.jpg,dog
Dog/11835.jpg,dog
Dog/11838.jpg,dog
Dog/1184.jpg,dog
Dog/11840.jpg,dog
Dog/11844.jpg,dog
Dog/11847.jpg,dog
Dog/11848.jpg,dog
Dog/11849.jpg,dog
Dog/1185.jpg,dog
Dog/11850.jpg,dog
Dog/11851.jpg,dog
Dog/11852.jpg,dog
Dog/11853.jpg,dog
Dog/11856.jpg,dog
Dog/11859.jpg,dog
Dog/11861.jpg,dog
Dog/11864.jpg,dog
Dog/11865.jpg,dog
Dog/11867.jpg,dog
Dog/11868.jpg,dog
Dog/11878.jpg,dog
Dog/1188.jpg,dog
Dog/11881.jpg,dog
Dog/11883.jpg,dog
Dog/11884.jpg,dog
Dog/11885.jpg,dog
Dog/1189.jpg,dog
Dog/11890.jpg,dog
Dog/11893.jpg,dog
Dog/11898.jpg,dog
Dog/119.jpg,dog
Dog/11904.jpg,dog
Dog/11905.jpg,dog
Dog/11908.jpg,dog
Dog/1191.jpg,dog
Dog/11910.jpg,dog
Dog/11914.jpg,dog
Dog/11917.jpg,dog
Dog/11918.jpg,dog
Dog/11919.jpg,dog
Dog/11923.jpg,dog
Dog/11924.jpg,dog
Dog/11925.jpg,dog
Dog/11926.jpg,dog
Dog/11927.jpg,dog
Dog/1193.jpg,dog
Dog/11934.jpg,dog
Dog/11936.jpg,dog
Dog/11937.jpg,dog
Dog/11939.jpg,dog
Dog/11940.jpg,dog
Dog/11941.jpg,dog
Dog/11943.jpg,dog
Dog/11945.jpg,dog
Dog/11946.jpg,dog
Dog/11947.jpg,dog
Dog/11949.jpg,dog
Dog/1195.jpg,dog
Dog/11954.jpg,dog
Dog/11956.jpg,dog
Dog/11962.jpg,dog
Dog/11965.jpg,dog
Dog/11967.jpg,dog
Dog/1197.jpg,dog
Dog/11970.jpg,dog
Dog/11974.jpg,dog
Dog/11975.jpg,dog
Dog/11977.jpg,dog
Dog/11986.jpg,dog
Dog/1199.jpg,dog
Dog/11990.jpg,dog
Dog/11993.jpg,dog
Dog/11995.jpg,dog
Dog/11997.jpg,dog
Dog/11998.jpg,dog
Dog/120.jpg,dog
Dog/1200.jpg,dog
Dog/12000.jpg,dog
Dog/12001.jpg,dog
Dog/12003.jpg,dog
Dog/12012.jpg,dog
Dog/12013.jpg,dog
Dog/12014.jpg,dog
Dog/12016.jpg,dog
Dog/12017.jpg,dog
Dog/1202.jpg,dog
Dog/12021.jpg,dog
Dog/12023.jpg,dog
Dog/12025.jpg,dog
Dog/12026.jpg,dog
Dog/1203.jpg,dog
Dog/12033.jpg,dog
Dog/12039.jpg,dog
Dog/12043.jpg,dog
Dog/12044.jpg,dog
Dog/12045.jpg,dog
Dog/12049.jpg,dog
Dog/12050.jpg,dog
Dog/12053.jpg,dog
Dog/12058.jpg,dog
Dog/12061.jpg,dog
Dog/12062.jpg,dog
Dog/12065.jpg,dog
Dog/12067.jpg,dog
Dog/12069.jpg,dog
Dog/1207.jpg,dog
Dog/12075.jpg,dog
Dog/12078.jpg,dog
Dog/1208.jpg,dog
Dog/12080.jpg,dog
Dog/1209.jpg,dog
Dog/12093.jpg,dog
Dog/12094.jpg,dog
Dog/12096.jpg,dog
Dog/12097.jpg,dog
Dog/12099.jpg,dog
Dog/12102.jpg,dog
Dog/12103.jpg,dog
Dog/12104.jpg,dog
Dog/12105.jpg,dog
Dog/12106.jpg,dog
Dog/12109.jpg,dog
Dog/12111.jpg,dog
Dog/12117.jpg,dog
Dog/12118.jpg,dog
Dog/12120.jpg,dog
Dog/12121.jpg,dog
Dog/12123.jpg,dog
Dog/12124.jpg,dog
Dog/12128.jpg,dog
Dog/1213.jpg,dog
Dog/12130.jpg,dog
Dog/12134.jpg,dog
Dog/12136.jpg,dog
Dog/12138.jpg,dog
Dog/12139.jpg,dog
Dog/1214.jpg,dog
Dog/12143.jpg,dog
Dog/12144.jpg,dog
Dog/12145.jpg,dog
Dog/12147.jpg,dog
Dog/12151.jpg,dog
Dog/12152.jpg,dog
Dog/12154.jpg,dog
Dog/12155.jpg,dog
Dog/12162.jpg,dog
Dog/12163.jpg,dog
Dog/12164.jpg,dog
Dog/12166.jpg,dog
Dog/12170.jpg,dog
Dog/12171.jpg,dog
Dog/12177.jpg,dog
Dog/12178.jpg,dog
Dog/12186.jpg,dog
Dog/12188.jpg,dog
Dog/12196.jpg,dog
Dog/12198.jpg,dog
Dog/12199.jpg,dog
Dog/122.jpg,dog
Dog/12201.jpg,dog
Dog/12209.jpg,dog
Dog/12210.jpg,dog
Dog/12214.jpg,dog
Dog/12215.jpg,dog
Dog/12220.jpg,dog
Dog/12221.jpg,dog
Dog/12223.jpg,dog
Dog/12224.jpg,dog
Dog/12225.jpg,dog
Dog/12226.jpg,dog
Dog/12227.jpg,dog
Dog/1223.jpg,dog
Dog/12231.jpg,dog
Dog/12233.jpg,dog
Dog/12235.jpg,dog
Dog/12243.jpg,dog
Dog/12245.jpg,dog
Dog/12248.jpg,dog
Dog/12251.jpg,dog
Dog/12252.jpg,dog
Dog/12253.jpg,dog
Dog/12254.jpg,dog
Dog/12260.jpg,dog
Dog/12264.jpg,dog
Dog/12266.jpg,dog
Dog/12269.jpg,dog
Dog/12270.jpg,dog
Dog/12272.jpg,dog
Dog/12274.jpg,dog
Dog/12275.jpg,dog
Dog/12277.jpg,dog
Dog/12280.jpg,dog
Dog/12283.jpg,dog
Dog/12285.jpg,dog
Dog/12288.jpg,dog
Dog/1229.jpg,dog
Dog/12290.jpg,dog
Dog/12291.jpg,dog
Dog/12293.jpg,dog
Dog/12294.jpg,dog
Dog/12295.jpg,dog
Dog/12296.jpg,dog
Dog/12297.jpg,dog
Dog/12299.jpg,dog
Dog/12304.jpg,dog
Dog/12305.jpg,dog
Dog/12307.jpg,dog
Dog/12308.jpg,dog
Dog/1231.jpg,dog
Dog/12311.jpg,dog
Dog/12312.jpg,dog
Dog/12313.jpg,dog
Dog/12314.jpg,dog
Dog/12316.jpg,dog
Dog/12317.jpg,dog
Dog/12319.jpg,dog
Dog/1232.jpg,dog
Dog/12320.jpg,dog
Dog/12321.jpg,dog
Dog/12322.jpg,dog
Dog/12323.jpg,dog
Dog/12324.jpg,dog
Dog/12325.jpg,dog
Dog/12326.jpg,dog
Dog/12328.jpg,dog
Dog/12330.jpg,dog
Dog/12331.jpg,dog
Dog/12335.jpg,dog
Dog/1234.jpg,dog
Dog/12341.jpg,dog
Dog/12343.jpg,dog
Dog/12347.jpg,dog
Dog/12351.jpg,dog
Dog/12352.jpg,dog
Dog/12359.jpg,dog
Dog/12361.jpg,dog
Dog/12367.jpg,dog
Dog/12374.jpg,dog
Dog/12375.jpg,dog
Dog/12384.jpg,dog
Dog/1239.jpg,dog
Dog/12393.jpg,dog
Dog/12395.jpg,dog
Dog/12396.jpg,dog
Dog/12397.jpg,dog
Dog/12398.jpg,dog
Dog/12399.jpg,dog
Dog/1240.jpg,dog
Dog/12400.jpg,dog
Dog/12402.jpg,dog
Dog/12408.jpg,dog
Dog/12409.jpg,dog
Dog/1241.jpg,dog
Dog/12412.jpg,dog
Dog/12414.jpg,dog
Dog/12416.jpg,dog
Dog/12418.jpg,dog
Dog/12419.jpg,dog
Dog/12420.jpg,dog
Dog/12421.jpg,dog
Dog/12422.jpg,dog
Dog/12424.jpg,dog
Dog/12430.jpg,dog
Dog/12433.jpg,dog
Dog/12435.jpg,dog
Dog/12436.jpg,dog
Dog/12437.jpg,dog
Dog/12443.jpg,dog
Dog/12447.jpg,dog
Dog/12452.jpg,dog
Dog/12454.jpg,dog
Dog/12459.jpg,dog
Dog/12465.jpg,dog
Dog/12467.jpg,dog
Dog/12468.jpg,dog
Dog/12469.jpg,dog
Dog/12473.jpg,dog
Dog/12482.jpg,dog
Dog/12484.jpg,dog
Dog/12486.jpg,dog
Dog/12488.jpg,dog
Dog/12491.jpg,dog
Dog/12492.jpg,dog
Dog/12493.jpg,dog
Dog/12494.jpg,dog
Dog/12495.jpg,dog
Dog/125.jpg,dog
Dog/1254.jpg,dog
Dog/1255.jpg,dog
Dog/1256.jpg,dog
Dog/1260.jpg,dog
Dog/1262.jpg,dog
Dog/1263.jpg,dog
Dog/1264.jpg,dog
Dog/1265.jpg,dog
Dog/1266.jpg,dog
Dog/1267.jpg,dog
Dog/1272.jpg,dog
Dog/1275.jpg,dog
Dog/1276.jpg,dog
Dog/1278.jpg,dog
Dog/1286.jpg,dog
Dog/1289.jpg,dog
Dog/1292.jpg,dog
Dog/1293.jpg,dog
Dog/1297.jpg,dog
Dog/1301.jpg,dog
Dog/1302.jpg,dog
Dog/1303.jpg,dog
Dog/1306.jpg,dog
Dog/1311.jpg,dog
Dog/1312.jpg,dog
Dog/1313.jpg,dog
Dog/1314.jpg,dog
Dog/1315.jpg,dog
Dog/1319.jpg,dog
Dog/1321.jpg,dog
Dog/1326.jpg,dog
Dog/1327.jpg,dog
Dog/1331.jpg,dog
Dog/1332.jpg,dog
Dog/1333.jpg,dog
Dog/1336.jpg,dog
Dog/1340.jpg,dog
Dog/1341.jpg,dog
Dog/1342.jpg,dog
Dog/1344.jpg,dog
Dog/1346.jpg,dog
Dog/1348.jpg,dog
Dog/135.jpg,dog
Dog/1352.jpg,dog
Dog/1354.jpg,dog
Dog/1355.jpg,dog
Dog/1357.jpg,dog
Dog/1358.jpg,dog
Dog/1359.jpg,dog
Dog/1360.jpg,dog
Dog/1364.jpg,dog
Dog/1365.jpg,dog
Dog/1366.jpg,dog
Dog/1370.jpg,dog
Dog/1373.jpg,dog
Dog/1375.jpg,dog
Dog/1376.jpg,dog
Dog/138.jpg,dog
Dog/1383.jpg,dog
Dog/1388.jpg,dog
Dog/1390.jpg,dog
Dog/1393.jpg,dog
Dog/1394.jpg,dog
Dog/1395.jpg,dog
Dog/1396.jpg,dog
Dog/1398.jpg,dog
Dog/14.jpg,dog
Dog/1402.jpg,dog
Dog/1403.jpg,dog
Dog/1404.jpg,dog
Dog/1406.jpg,dog
Dog/1407.jpg,dog
Dog/1408.jpg,dog
Dog/1409.jpg,dog
Dog/1411.jpg,dog
Dog/1413.jpg,dog
Dog/1414.jpg,dog
Dog/1415.jpg,dog
Dog/1420.jpg,dog
Dog/1422.jpg,dog
Dog/1423.jpg,dog
Dog/1425.jpg,dog
Dog/1428.jpg,dog
Dog/1429.jpg,dog
Dog/1435.jpg,dog
Dog/1441.jpg,dog
Dog/1444.jpg,dog
Dog/1446.jpg,dog
Dog/1448.jpg,dog
Dog/1449.jpg,dog
Dog/1450.jpg,dog
Dog/1451.jpg,dog
Dog/1455.jpg,dog
Dog/1456.jpg,dog
Dog/1457.jpg,dog
Dog/1462.jpg,dog
Dog/1468.jpg,dog
Dog/1470.jpg,dog
Dog/1472.jpg,dog
Dog/1473.jpg,dog
Dog/1474.jpg,dog
Dog/1479.jpg,dog
Dog/1483.jpg,dog
Dog/1487.jpg,dog
Dog/1488.jpg,dog
Dog/149.jpg,dog
Dog/1490.jpg,dog
Dog/1493.jpg,dog
Dog/1495.jpg,dog
Dog/1497.jpg,dog
Dog/1498.jpg,dog
Dog/15.jpg,dog
Dog/1500.jpg,dog
Dog/1501.jpg,dog
Dog/1504.jpg,dog
Dog/1510.jpg,dog
Dog/1511.jpg,dog
Dog/1513.jpg,dog
Dog/1514.jpg,dog
Dog/1517.jpg,dog
Dog/1521.jpg,dog
Dog/1528.jpg,dog
Dog/1529.jpg,dog
Dog/1534.jpg,dog
Dog/1543.jpg,dog
Dog/1544.jpg,dog
Dog/1545.jpg,dog
Dog/1546.jpg,dog
Dog/1547.jpg,dog
Dog/1548.jpg,dog
Dog/1549.jpg,dog
Dog/155.jpg,dog
Dog/1552.jpg,dog
Dog/1556.jpg,dog
Dog/1558.jpg,dog
Dog/1561.jpg,dog
Dog/1579.jpg,dog
Dog/158.jpg,dog
Dog/1581.jpg,dog
Dog/1585.jpg,dog
Dog/1587.jpg,dog
Dog/1589.jpg,dog
Dog/1591.jpg,dog
Dog/1595.jpg,dog
Dog/160.jpg,dog
Dog/1600.jpg,dog
Dog/1604.jpg,dog
Dog/1608.jpg,dog
Dog/1611.jpg,dog
Dog/1613.jpg,dog
Dog/1614.jpg,dog
Dog/1615.jpg,dog
Dog/1616.jpg,dog
Dog/1617.jpg,dog
Dog/1618.jpg,dog
Dog/1619.jpg,dog
Dog/1624.jpg,dog
Dog/163.jpg,dog
Dog/1630.jpg,dog
Dog/1631.jpg,dog
Dog/1632.jpg,dog
Dog/1634.jpg,dog
Dog/164.jpg,dog
Dog/1641.jpg,dog
Dog/1643.jpg,dog
Dog/1646.jpg,dog
Dog/1648.jpg,dog
Dog/165.jpg,dog
Dog/1651.jpg,dog
Dog/1654.jpg,dog
Dog/1655.jpg,dog
Dog/1657.jpg,dog
Dog/166.jpg,dog
Dog/1660.jpg,dog
Dog/1673.jpg,dog
Dog/1676.jpg,dog
Dog/1677.jpg,dog
Dog/1686.jpg,dog
Dog/1688.jpg,dog
Dog/169.jpg,dog
Dog/1690.jpg,dog
Dog/1691.jpg,dog
Dog/1694.jpg,dog
Dog/1698.jpg,dog
Dog/1701.jpg,dog
Dog/1703.jpg,dog
Dog/1707.jpg,dog
Dog/1709.jpg,dog
Dog/1710.jpg,dog
Dog/1711.jpg,dog
Dog/1714.jpg,dog
Dog/1715.jpg,dog
Dog/1717.jpg,dog
Dog/1718.jpg,dog
Dog/172.jpg,dog
Dog/1720.jpg,dog
Dog/1721.jpg,dog
Dog/1723.jpg,dog
Dog/1726.jpg,dog
Dog/1733.jpg,dog
Dog/1734.jpg,dog
Dog/1735.jpg,dog
Dog/1736.jpg,dog
Dog/1738.jpg,dog
Dog/174.jpg,dog
Dog/1740.jpg,dog
Dog/175.jpg,dog
Dog/1750.jpg,dog
Dog/1751.jpg,dog
Dog/1753.jpg,dog
Dog/1755.jpg,dog
Dog/1756.jpg,dog
Dog/1759.jpg,dog
Dog/176.jpg,dog
Dog/1760.jpg,dog
Dog/1761.jpg,dog
Dog/1762.jpg,dog
Dog/1763.jpg,dog
Dog/1767.jpg,dog
Dog/1768.jpg,dog
Dog/1769.jpg,dog
Dog/1771.jpg,dog
Dog/1774.jpg,dog
Dog/1777.jpg,dog
Dog/1778.jpg,dog
Dog/178.jpg,dog
Dog/1782.jpg,dog
Dog/1783.jpg,dog
Dog/1793.jpg,dog
Dog/1794.jpg,dog
Dog/1796.jpg,dog
Dog/1799.jpg,dog
Dog/180.jpg,dog
Dog/1800.jpg,dog
Dog/1808.jpg,dog
Dog/1810.jpg,dog
Dog/1812.jpg,dog
Dog/1815.jpg,dog
Dog/1816.jpg,dog
Dog/1821.jpg,dog
Dog/1822.jpg,dog
Dog/1826.jpg,dog
Dog/1827.jpg,dog
Dog/1828.jpg,dog
Dog/1832.jpg,dog
Dog/1834.jpg,dog
Dog/1836.jpg,dog
Dog/1837.jpg,dog
Dog/1839.jpg,dog
Dog/185.jpg,dog
Dog/1850.jpg,dog
Dog/1851.jpg,dog
Dog/1852.jpg,dog
Dog/1856.jpg,dog
Dog/1858.jpg,dog
Dog/1859.jpg,dog
Dog/186.jpg,dog
Dog/1860.jpg,dog
Dog/1861.jpg,dog
Dog/1863.jpg,dog
Dog/1864.jpg,dog
Dog/1865.jpg,dog
Dog/1866.jpg,dog
Dog/187.jpg,dog
Dog/1870.jpg,dog
Dog/1871.jpg,dog
Dog/1872.jpg,dog
Dog/1873.jpg,dog
Dog/1875.jpg,dog
Dog/1877.jpg,dog
Dog/188.jpg,dog
Dog/1882.jpg,dog
Dog/1884.jpg,dog
Dog/1887.jpg,dog
Dog/1888.jpg,dog
Dog/1890.jpg,dog
Dog/1892.jpg,dog
Dog/1893.jpg,dog
Dog/1894.jpg,dog
Dog/1895.jpg,dog
Dog/1896.jpg,dog
Dog/1898.jpg,dog
Dog/1899.jpg,dog
Dog/1900.jpg,dog
Dog/1901.jpg,dog
Dog/1902.jpg,dog
Dog/1903.jpg,dog
Dog/1904.jpg,dog
Dog/1912.jpg,dog
Dog/1913.jpg,dog
Dog/1915.jpg,dog
Dog/1923.jpg,dog
Dog/1925.jpg,dog
Dog/1931.jpg,dog
Dog/1933.jpg,dog
Dog/1937.jpg,dog
Dog/1938.jpg,dog
Dog/1945.jpg,dog
Dog/1947.jpg,dog
Dog/195.jpg,dog
Dog/1951.jpg,dog
Dog/1952.jpg,dog
Dog/1954.jpg,dog
Dog/1955.jpg,dog
Dog/1959.jpg,dog
Dog/1960.jpg,dog
Dog/1961.jpg,dog
Dog/1962.jpg,dog
Dog/1963.jpg,dog
Dog/1966.jpg,dog
Dog/1970.jpg,dog
Dog/1971.jpg,dog
Dog/1974.jpg,dog
Dog/1975.jpg,dog
Dog/1979.jpg,dog
Dog/1980.jpg,dog
Dog/1981.jpg,dog
Dog/1985.jpg,dog
Dog/1986.jpg,dog
Dog/1988.jpg,dog
Dog/1990.jpg,dog
Dog/1991.jpg,dog
Dog/1992.jpg,dog
Dog/1993.jpg,dog
Dog/1996.jpg,dog
Dog/1997.jpg,dog
Dog/1998.jpg,dog
Dog/20.jpg,dog
Dog/200.jpg,dog
Dog/2000.jpg,dog
Dog/2002.jpg,dog
Dog/2003.jpg,dog
Dog/2008.jpg,dog
Dog/2012.jpg,dog
Dog/2014.jpg,dog
Dog/2015.jpg,dog
Dog/2018.jpg,dog
Dog/2020.jpg,dog
Dog/2021.jpg,dog
Dog/2023.jpg,dog
Dog/2026.jpg,dog
Dog/2028.jpg,dog
Dog/2031.jpg,dog
Dog/2032.jpg,dog
Dog/2033.jpg,dog
Dog/2034.jpg,dog
Dog/2035.jpg,dog
Dog/2038.jpg,dog
Dog/2039.jpg,dog
Dog/2041.jpg,dog
Dog/2043.jpg,dog
Dog/2046.jpg,dog
Dog/2047.jpg,dog
Dog/2048.jpg,dog
Dog/2053.jpg,dog
Dog/2054.jpg,dog
Dog/2055.jpg,dog
Dog/2057.jpg,dog
Dog/2062.jpg,dog
Dog/2068.jpg,dog
Dog/207.jpg,dog
Dog/2070.jpg,dog
Dog/2072.jpg,dog
Dog/2073.jpg,dog
Dog/2078.jpg,dog
Dog/2079.jpg,dog
Dog/208.jpg,dog
Dog/2081.jpg,dog
Dog/2082.jpg,dog
Dog/2087.jpg,dog
Dog/209.jpg,dog
Dog/2091.jpg,dog
Dog/2092.jpg,dog
Dog/2093.jpg,dog
Dog/2094.jpg,dog
Dog/2105.jpg,dog
Dog/2106.jpg,dog
Dog/2108.jpg,dog
Dog/211.jpg,dog
Dog/2110.jpg,dog
Dog/2112.jpg,dog
Dog/2113.jpg,dog
Dog/2115.jpg,dog
Dog/2116.jpg,dog
Dog/2117.jpg,dog
Dog/2118.jpg,dog
Dog/2123.jpg,dog
Dog/2125.jpg,dog
Dog/2127.jpg,dog
Dog/2128.jpg,dog
Dog/2131.jpg,dog
Dog/2136.jpg,dog
Dog/214.jpg,dog
Dog/2140.jpg,dog
Dog/2143.jpg,dog
Dog/2144.jpg,dog
Dog/2145.jpg,dog
Dog/2146.jpg,dog
Dog/2148.jpg,dog
Dog/215.jpg,dog
Dog/2150.jpg,dog
Dog/2152.jpg,dog
Dog/2157.jpg,dog
Dog/2164.jpg,dog
Dog/2168.jpg,dog
Dog/2170.jpg,dog
Dog/2178.jpg,dog
Dog/2185.jpg,dog
Dog/2187.jpg,dog
Dog/2188.jpg,dog
Dog/2190.jpg,dog
Dog/2191.jpg,dog
Dog/2195.jpg,dog
Dog/2196.jpg,dog
Dog/2198.jpg,dog
Dog/2199.jpg,dog
Dog/22.jpg,dog
Dog/2201.jpg,dog
Dog/2202.jpg,dog
Dog/2206.jpg,dog
Dog/2207.jpg,dog
Dog/2214.jpg,dog
Dog/2217.jpg,dog
Dog/2219.jpg,dog
Dog/222.jpg,dog
Dog/2222.jpg,dog
Dog/2223.jpg,dog
Dog/2228.jpg,dog
Dog/2229.jpg,dog
Dog/223.jpg,dog
Dog/2232.jpg,dog
Dog/2233.jpg,dog
Dog/2235.jpg,dog
Dog/2239.jpg,dog
Dog/2241.jpg,dog
Dog/2245.jpg,dog
Dog/2247.jpg,dog
Dog/2249.jpg,dog
Dog/2254.jpg,dog
Dog/226.jpg,dog
Dog/2263.jpg,dog
Dog/2264.jpg,dog
Dog/2267.jpg,dog
Dog/2269.jpg,dog
Dog/2273.jpg,dog
Dog/2277.jpg,dog
Dog/2279.jpg,dog
Dog/228.jpg,dog
Dog/2280.jpg,dog
Dog/2281.jpg,dog
Dog/2282.jpg,dog
Dog/2285.jpg,dog
Dog/2286.jpg,dog
Dog/2287.jpg,dog
Dog/2288.jpg,dog
Dog/2290.jpg,dog
Dog/2291.jpg,dog
Dog/2294.jpg,dog
Dog/2295.jpg,dog
Dog/2298.jpg,dog
Dog/23.jpg,dog
Dog/230.jpg,dog
Dog/2305.jpg,dog
Dog/2306.jpg,dog
Dog/2309.jpg,dog
Dog/231.jpg,dog
Dog/2310.jpg,dog
Dog/2311.jpg,dog
Dog/2316.jpg,dog
Dog/2319.jpg,dog
Dog/2323.jpg,dog
Dog/2326.jpg,dog
Dog/2328.jpg,dog
Dog/2329.jpg,dog
Dog/233.jpg,dog
Dog/2331.jpg,dog
Dog/2335.jpg,dog
Dog/2338.jpg,dog
Dog/2340.jpg,dog
Dog/2342.jpg,dog
Dog/2346.jpg,dog
Dog/2347.jpg,dog
Dog/2348.jpg,dog
Dog/2352.jpg,dog
Dog/2358.jpg,dog
Dog/2365.jpg,dog
Dog/2370.jpg,dog
Dog/2372.jpg,dog
Dog/2374.jpg,dog
Dog/2375.jpg,dog
Dog/2376.jpg,dog
Dog/2378.jpg,dog
Dog/2382.jpg,dog
Dog/2385.jpg,dog
Dog/2388.jpg,dog
Dog/2393.jpg,dog
Dog/2399.jpg,dog
Dog/240.jpg,dog
Dog/2401.jpg,dog
Dog/2403.jpg,dog
Dog/2409.jpg,dog
Dog/2413.jpg,dog
Dog/2415.jpg,dog
Dog/2428.jpg,dog
Dog/2431.jpg,dog
Dog/2433.jpg,dog
Dog/2438.jpg,dog
Dog/2441.jpg,dog
Dog/2444.jpg,dog
Dog/2448.jpg,dog
Dog/245.jpg,dog
Dog/2451.jpg,dog
Dog/2453.jpg,dog
Dog/2461.jpg,dog
Dog/2462.jpg,dog
Dog/2464.jpg,dog
Dog/2465.jpg,dog
Dog/2470.jpg,dog
Dog/2473.jpg,dog
Dog/2475.jpg,dog
Dog/2477.jpg,dog
Dog/2481.jpg,dog
Dog/2482.jpg,dog
Dog/2483.jpg,dog
Dog/2485.jpg,dog
Dog/2487.jpg,dog
Dog/2488.jpg,dog
Dog/2491.jpg,dog
Dog/2492.jpg,dog
Dog/2493.jpg,dog
Dog/2496.jpg,dog
Dog/2498.jpg,dog
Dog/2499.jpg,dog
Dog/25.jpg,dog
Dog/2501.jpg,dog
Dog/2502.jpg,dog
Dog/2503.jpg,dog
Dog/2504.jpg,dog
Dog/2506.jpg,dog
Dog/2508.jpg,dog
Dog/2509.jpg,dog
Dog/251.jpg,dog
Dog/2510.jpg,dog
Dog/2512.jpg,dog
Dog/2517.jpg,dog
Dog/2519.jpg,dog
Dog/2527.jpg,dog
Dog/2529.jpg,dog
Dog/253.jpg,dog
Dog/2530.jpg,dog
Dog/2533.jpg,dog
Dog/2534.jpg,dog
Dog/2538.jpg,dog
Dog/2539.jpg,dog
Dog/2541.jpg,dog
Dog/2545.jpg,dog
Dog/2549.jpg,dog
Dog/255.jpg,dog
Dog/2552.jpg,dog
Dog/2553.jpg,dog
Dog/2554.jpg,dog
Dog/2557.jpg,dog
Dog/2559.jpg,dog
Dog/256.jpg,dog
Dog/2560.jpg,dog
Dog/2561.jpg,dog
Dog/2566.jpg,dog
Dog/2569.jpg,dog
Dog/2570.jpg,dog
Dog/2571.jpg,dog
Dog/2572.jpg,dog
Dog/2575.jpg,dog
Dog/2577.jpg,dog
Dog/2578.jpg,dog
Dog/2581.jpg,dog
Dog/2585.jpg,dog
Dog/2586.jpg,dog
Dog/2587.jpg,dog
Dog/2589.jpg,dog
Dog/259.jpg,dog
Dog/2590.jpg,dog
Dog/2591.jpg,dog
Dog/2592.jpg,dog
Dog/2593.jpg,dog
Dog/2594.jpg,dog
Dog/2596.jpg,dog
Dog/2597.jpg,dog
Dog/2600.jpg,dog
Dog/2601.jpg,dog
Dog/2602.jpg,dog
Dog/2604.jpg,dog
Dog/2609.jpg,dog
Dog/2610.jpg,dog
Dog/2611.jpg,dog
Dog/2613.jpg,dog
Dog/2615.jpg,dog
Dog/2619.jpg,dog
Dog/262.jpg,dog
Dog/2620.jpg,dog
Dog/2621.jpg,dog
Dog/2622.jpg,dog
Dog/2623.jpg,dog
Dog/2625.jpg,dog
Dog/2627.jpg,dog
Dog/2629.jpg,dog
Dog/263.jpg,dog
Dog/2632.jpg,dog
Dog/2633.jpg,dog
Dog/2635.jpg,dog
Dog/2637.jpg,dog
Dog/2639.jpg,dog
Dog/2643.jpg,dog
Dog/2647.jpg,dog
Dog/2648.jpg,dog
Dog/2649.jpg,dog
Dog/2650.jpg,dog
Dog/2651.jpg,dog
Dog/2653.jpg,dog
Dog/2654.jpg,dog
Dog/2657.jpg,dog
Dog/2658.jpg,dog
Dog/2661.jpg,dog
Dog/2664.jpg,dog
Dog/2665.jpg,dog
Dog/2666.jpg,dog
Dog/2667.jpg,dog
Dog/2670.jpg,dog
Dog/2673.jpg,dog
Dog/2677.jpg,dog
Dog/2679.jpg,dog
Dog/2688.jpg,dog
Dog/2690.jpg,dog
Dog/2691.jpg,dog
Dog/2692.jpg,dog
Dog/2693.jpg,dog
Dog/2694.jpg,dog
Dog/2695.jpg,dog
Dog/2697.jpg,dog
Dog/2700.jpg,dog
Dog/2702.jpg,dog
Dog/2705.jpg,dog
Dog/271.jpg,dog
Dog/2713.jpg,dog
Dog/2714.jpg,dog
Dog/2715.jpg,dog
Dog/272.jpg,dog
Dog/2720.jpg,dog
Dog/2725.jpg,dog
Dog/2726.jpg,dog
Dog/2730.jpg,dog
Dog/2735.jpg,dog
Dog/2737.jpg,dog
Dog/274.jpg,dog
Dog/2741.jpg,dog
Dog/2749.jpg,dog
Dog/275.jpg,dog
Dog/2750.jpg,dog
Dog/2758.jpg,dog
Dog/2759.jpg,dog
Dog/276.jpg,dog
Dog/2760.jpg,dog
Dog/2763.jpg,dog
Dog/2764.jpg,dog
Dog/2767.jpg,dog
Dog/277.jpg,dog
Dog/2771.jpg,dog
Dog/2772.jpg,dog
Dog/2774.jpg,dog
Dog/2776.jpg,dog
Dog/2781.jpg,dog
Dog/2782.jpg,dog
Dog/2786.jpg,dog
Dog/2789.jpg,dog
Dog/2790.jpg,dog
Dog/2791.jpg,dog
Dog/2792.jpg,dog
Dog/2794.jpg,dog
Dog/2795.jpg,dog
Dog/2796.jpg,dog
Dog/2799.jpg,dog
Dog/2801.jpg,dog
Dog/2802.jpg,dog
Dog/2806.jpg,dog
Dog/2807.jpg,dog
Dog/2809.jpg,dog
Dog/2810.jpg,dog
Dog/2815.jpg,dog
Dog/2816.jpg,dog
Dog/2817.jpg,dog
Dog/2818.jpg,dog
Dog/2820.jpg,dog
Dog/2822.jpg,dog
Dog/2831.jpg,dog
Dog/2838.jpg,dog
Dog/284.jpg,dog
Dog/2848.jpg,dog
Dog/285.jpg,dog
Dog/2850.jpg,dog
Dog/2853.jpg,dog
Dog/2854.jpg,dog
Dog/2861.jpg,dog
Dog/2863.jpg,dog
Dog/2864.jpg,dog
Dog/2866.jpg,dog
Dog/2869.jpg,dog
Dog/2870.jpg,dog
Dog/2874.jpg,dog
Dog/2875.jpg,dog
Dog/2879.jpg,dog
Dog/288.jpg,dog
Dog/2884.jpg,dog
Dog/2889.jpg,dog
Dog/289.jpg,dog
Dog/2891.jpg,dog
Dog/2893.jpg,dog
Dog/2898.jpg,dog
Dog/2899.jpg,dog
Dog/29.jpg,dog
Dog/2901.jpg,dog
Dog/2903.jpg,dog
Dog/2904.jpg,dog
Dog/291.jpg,dog
Dog/2913.jpg,dog
Dog/2915.jpg,dog
Dog/2917.jpg,dog
Dog/2918.jpg,dog
Dog/292.jpg,dog
Dog/2922.jpg,dog
Dog/2929.jpg,dog
Dog/2933.jpg,dog
Dog/2938.jpg,dog
Dog/2942.jpg,dog
Dog/2945.jpg,dog
Dog/2946.jpg,dog
Dog/2947.jpg,dog
Dog/2950.jpg,dog
Dog/2954.jpg,dog
Dog/2955.jpg,dog
Dog/2963.jpg,dog
Dog/2966.jpg,dog
Dog/2967.jpg,dog
Dog/2968.jpg,dog
Dog/2969.jpg,dog
Dog/2970.jpg,dog
Dog/2973.jpg,dog
Dog/2974.jpg,dog
Dog/2976.jpg,dog
Dog/2978.jpg,dog
Dog/2979.jpg,dog
Dog/2981.jpg,dog
Dog/2984.jpg,dog
Dog/2986.jpg,dog
Dog/2988.jpg,dog
Dog/2992.jpg,dog
Dog/2994.jpg,dog
Dog/2997.jpg,dog
Dog/2998.jpg,dog
Dog/3.jpg,dog
Dog/3002.jpg,dog
Dog/3003.jpg,dog
Dog/3006.jpg,dog
Dog/3009.jpg,dog
Dog/3010.jpg,dog
Dog/3011.jpg,dog
Dog/3014.jpg,dog
Dog/3021.jpg,dog
Dog/3022.jpg,dog
Dog/3024.jpg,dog
Dog/3026.jpg,dog
Dog/3027.jpg,dog
Dog/303.jpg,dog
Dog/3034.jpg,dog
Dog/3036.jpg,dog
Dog/3039.jpg,dog
Dog/3042.jpg,dog
Dog/3044.jpg,dog
Dog/3045.jpg,dog
Dog/3046.jpg,dog
Dog/3047.jpg,dog
Dog/3049.jpg,dog
Dog/3051.jpg,dog
Dog/3052.jpg,dog
Dog/3055.jpg,dog
Dog/3056.jpg,dog
Dog/3059.jpg,dog
Dog/3060.jpg,dog
Dog/3065.jpg,dog
Dog/3066.jpg,dog
Dog/3068.jpg,dog
Dog/3069.jpg,dog
Dog/3070.jpg,dog
Dog/3073.jpg,dog
Dog/3077.jpg,dog
Dog/3078.jpg,dog
Dog/3085.jpg,dog
Dog/3086.jpg,dog
Dog/3087.jpg,dog
Dog/3091.jpg,dog
Dog/3092.jpg,dog
Dog/3093.jpg,dog
Dog/3095.jpg,dog
Dog/3096.jpg,dog
Dog/31.jpg,dog
Dog/3100.jpg,dog
Dog/3102.jpg,dog
Dog/3104.jpg,dog
Dog/3106.jpg,dog
Dog/3107.jpg,dog
Dog/3109.jpg,dog
Dog/3110.jpg,dog
Dog/3113.jpg,dog
Dog/3115.jpg,dog
Dog/3119.jpg,dog
Dog/312.jpg,dog
Dog/3120.jpg,dog
Dog/3121.jpg,dog
Dog/3123.jpg,dog
Dog/3127.jpg,dog
Dog/3128.jpg,dog
Dog/3131.jpg,dog
Dog/3132.jpg,dog
Dog/3136.jpg,dog
Dog/3138.jpg,dog
Dog/3139.jpg,dog
Dog/3143.jpg,dog
Dog/3144.jpg,dog
Dog/3146.jpg,dog
Dog/3147.jpg,dog
Dog/315.jpg,dog
Dog/3151.jpg,dog
Dog/3153.jpg,dog
Dog/3155.jpg,dog
Dog/3156.jpg,dog
Dog/3157.jpg,dog
Dog/3158.jpg,dog
Dog/3165.jpg,dog
Dog/3168.jpg,dog
Dog/3169.jpg,dog
Dog/3173.jpg,dog
Dog/3177.jpg,dog
Dog/318.jpg,dog
Dog/3180.jpg,dog
Dog/3183.jpg,dog
Dog/3184.jpg,dog
Dog/3186.jpg,dog
Dog/3188.jpg,dog
Dog/319.jpg,dog
Dog/3191.jpg,dog
Dog/3192.jpg,dog
Dog/3193.jpg,dog
Dog/3198.jpg,dog
Dog/320.jpg,dog
Dog/3200.jpg,dog
Dog/3201.jpg,dog
Dog/3204.jpg,dog
Dog/3205.jpg,dog
Dog/3206.jpg,dog
Dog/3209.jpg,dog
Dog/321.jpg,dog
Dog/3211.jpg,dog
Dog/3216.jpg,dog
Dog/3219.jpg,dog
Dog/3221.jpg,dog
Dog/3222.jpg,dog
Dog/3224.jpg,dog
Dog/3226.jpg,dog
Dog/3227.jpg,dog
Dog/3228.jpg,dog
Dog/3229.jpg,dog
Dog/3232.jpg,dog
Dog/3233.jpg,dog
Dog/3236.jpg,dog
Dog/3239.jpg,dog
Dog/3240.jpg,dog
Dog/3242.jpg,dog
Dog/3244.jpg,dog
Dog/3247.jpg,dog
Dog/3249.jpg,dog
Dog/3250.jpg,dog
Dog/3252.jpg,dog
Dog/3253.jpg,dog
Dog/3254.jpg,dog
Dog/3255.jpg,dog
Dog/327.jpg,dog
Dog/3270.jpg,dog
Dog/3271.jpg,dog
Dog/3273.jpg,dog
Dog/3275.jpg,dog
Dog/3276.jpg,dog
Dog/3277.jpg,dog
Dog/3278.jpg,dog
Dog/3279.jpg,dog
Dog/3282.jpg,dog
Dog/3285.jpg,dog
Dog/3286.jpg,dog
Dog/3287.jpg,dog
Dog/3288.jpg,dog
Dog/3289.jpg,dog
Dog/329.jpg,dog
Dog/3291.jpg,dog
Dog/3292.jpg,dog
Dog/3293.jpg,dog
Dog/3296.jpg,dog
Dog/33.jpg,dog
Dog/3300.jpg,dog
Dog/3304.jpg,dog
Dog/331.jpg,dog
Dog/3312.jpg,dog
Dog/3316.jpg,dog
Dog/3317.jpg,dog
Dog/332.jpg,dog
Dog/3323.jpg,dog
Dog/3324.jpg,dog
Dog/3325.jpg,dog
Dog/3329.jpg,dog
Dog/333.jpg,dog
Dog/3330.jpg,dog
Dog/3332.jpg,dog
Dog/3336.jpg,dog
Dog/3338.jpg,dog
Dog/3339.jpg,dog
Dog/3340.jpg,dog
Dog/3341.jpg,dog
Dog/3342.jpg,dog
Dog/3343.jpg,dog
Dog/3345.jpg,dog
Dog/3346.jpg,dog
Dog/3349.jpg,dog
Dog/335.jpg,dog
Dog/3354.jpg,dog
Dog/3355.jpg,dog
Dog/3356.jpg,dog
Dog/3357.jpg,dog
Dog/3363.jpg,dog
Dog/3364.jpg,dog
Dog/3365.jpg,dog
Dog/3366.jpg,dog
Dog/3367.jpg,dog
Dog/3368.jpg,dog
Dog/3371.jpg,dog
Dog/3372.jpg,dog
Dog/3374.jpg,dog
Dog/3379.jpg,dog
Dog/338.jpg,dog
Dog/3380.jpg,dog
Dog/3381.jpg,dog
Dog/3383.jpg,dog
Dog/3384.jpg,dog
Dog/3387.jpg,dog
Dog/3388.jpg,dog
Dog/3391.jpg,dog
Dog/3392.jpg,dog
Dog/3396.jpg,dog
Dog/3398.jpg,dog
Dog/3399.jpg,dog
Dog/3402.jpg,dog
Dog/3413.jpg,dog
Dog/3414.jpg,dog
Dog/3415.jpg,dog
Dog/342.jpg,dog
Dog/3420.jpg,dog
Dog/3421.jpg,dog
Dog/3424.jpg,dog
Dog/3425.jpg,dog
Dog/3428.jpg,dog
Dog/3429.jpg,dog
Dog/3432.jpg,dog
Dog/3434.jpg,dog
Dog/3435.jpg,dog
Dog/3436.jpg,dog
Dog/3438.jpg,dog
Dog/3439.jpg,dog
Dog/3440.jpg,dog
Dog/3444.jpg,dog
Dog/3446.jpg,dog
Dog/3447.jpg,dog
Dog/3448.jpg,dog
Dog/3449.jpg,dog
Dog/345.jpg,dog
Dog/3452.jpg,dog
Dog/3457.jpg,dog
Dog/3458.jpg,dog
Dog/3459.jpg,dog
Dog/3460.jpg,dog
Dog/3463.jpg,dog
Dog/3465.jpg,dog
Dog/3466.jpg,dog
Dog/3474.jpg,dog
Dog/3475.jpg,dog
Dog/3476.jpg,dog
Dog/3477.jpg,dog
Dog/3479.jpg,dog
Dog/3480.jpg,dog
Dog/3481.jpg,dog
Dog/3483.jpg,dog
Dog/3484.jpg,dog
Dog/3485.jpg,dog
Dog/3486.jpg,dog
Dog/3490.jpg,dog
Dog/3492.jpg,dog
Dog/3493.jpg,dog
Dog/3497.jpg,dog
Dog/3499.jpg,dog
Dog/350.jpg,dog
Dog/3509.jpg,dog
Dog/351.jpg,dog
Dog/3510.jpg,dog
Dog/3513.jpg,dog
Dog/3514.jpg,dog
Dog/3524.jpg,dog
Dog/3528.jpg,dog
Dog/353.jpg,dog
Dog/3530.jpg,dog
Dog/3536.jpg,dog
Dog/3539.jpg,dog
Dog/354.jpg,dog
Dog/3541.jpg,dog
Dog/3543.jpg,dog
Dog/3544.jpg,dog
Dog/3546.jpg,dog
Dog/3568.jpg,dog
Dog/3570.jpg,dog
Dog/3572.jpg,dog
Dog/3573.jpg,dog
Dog/3578.jpg,dog
Dog/358.jpg,dog
Dog/3583.jpg,dog
Dog/3589.jpg,dog
Dog/359.jpg,dog
Dog/3590.jpg,dog
Dog/3591.jpg,dog
Dog/3593.jpg,dog
Dog/3597.jpg,dog
Dog/36.jpg,dog
Dog/3601.jpg,dog
Dog/3602.jpg,dog
Dog/3605.jpg,dog
Dog/3606.jpg,dog
Dog/3609.jpg,dog
Dog/3614.jpg,dog
Dog/3615.jpg,dog
Dog/3619.jpg,dog
Dog/362.jpg,dog
Dog/3623.jpg,dog
Dog/3625.jpg,dog
Dog/3627.jpg,dog
Dog/3628.jpg,dog
Dog/363.jpg,dog
Dog/3632.jpg,dog
Dog/3634.jpg,dog
Dog/3638.jpg,dog
Dog/3639.jpg,dog
Dog/3641.jpg,dog
Dog/3642.jpg,dog
Dog/3644.jpg,dog
Dog/3646.jpg,dog
Dog/3651.jpg,dog
Dog/3653.jpg,dog
Dog/3656.jpg,dog
Dog/366.jpg,dog
Dog/3660.jpg,dog
Dog/3662.jpg,dog
Dog/3666.jpg,dog
Dog/3668.jpg,dog
Dog/3669.jpg,dog
Dog/3671.jpg,dog
Dog/3672.jpg,dog
Dog/3674.jpg,dog
Dog/3676.jpg,dog
Dog/3677.jpg,dog
Dog/3678.jpg,dog
Dog/3680.jpg,dog
Dog/3681.jpg,dog
Dog/3687.jpg,dog
Dog/3690.jpg,dog
Dog/3696.jpg,dog
Dog/3697.jpg,dog
Dog/3698.jpg,dog
Dog/37.jpg,dog
Dog/3700.jpg,dog
Dog/3702.jpg,dog
Dog/3703.jpg,dog
Dog/3704.jpg,dog
Dog/3705.jpg,dog
Dog/3707.jpg,dog
Dog/3709.jpg,dog
Dog/3711.jpg,dog
Dog/3713.jpg,dog
Dog/3717.jpg,dog
Dog/3718.jpg,dog
Dog/3720.jpg,dog
Dog/3722.jpg,dog
Dog/3723.jpg,dog
Dog/3724.jpg,dog
Dog/3726.jpg,dog
Dog/3731.jpg,dog
Dog/3734.jpg,dog
Dog/3736.jpg,dog
Dog/3739.jpg,dog
Dog/374.jpg,dog
Dog/3742.jpg,dog
Dog/3744.jpg,dog
Dog/375.jpg,dog
Dog/3750.jpg,dog
Dog/3751.jpg,dog
Dog/3752.jpg,dog
Dog/3755.jpg,dog
Dog/3758.jpg,dog
Dog/3762.jpg,dog
Dog/3763.jpg,dog
Dog/3765.jpg,dog
Dog/3766.jpg,dog
Dog/3767.jpg,dog
Dog/377.jpg,dog
Dog/3774.jpg,dog
Dog/3778.jpg,dog
Dog/3780.jpg,dog
Dog/3782.jpg,dog
Dog/3787.jpg,dog
Dog/3792.jpg,dog
Dog/3793.jpg,dog
Dog/3794.jpg,dog
Dog/3796.jpg,dog
Dog/3798.jpg,dog
Dog/38.jpg,dog
Dog/3801.jpg,dog
Dog/3804.jpg,dog
Dog/3808.jpg,dog
Dog/381.jpg,dog
Dog/3811.jpg,dog
Dog/3813.jpg,dog
Dog/3814.jpg,dog
Dog/3818.jpg,dog
Dog/3820.jpg,dog
Dog/3821.jpg,dog
Dog/3822.jpg,dog
Dog/3823.jpg,dog
Dog/3824.jpg,dog
Dog/3825.jpg,dog
Dog/3826.jpg,dog
Dog/3828.jpg,dog
Dog/3829.jpg,dog
Dog/3830.jpg,dog
Dog/3835.jpg,dog
Dog/3836.jpg,dog
Dog/384.jpg,dog
Dog/3840.jpg,dog
Dog/3842.jpg,dog
Dog/3845.jpg,dog
Dog/3846.jpg,dog
Dog/3847.jpg,dog
Dog/3848.jpg,dog
Dog/3849.jpg,dog
Dog/385.jpg,dog
Dog/3851.jpg,dog
Dog/3854.jpg,dog
Dog/3856.jpg,dog
Dog/3859.jpg,dog
Dog/3860.jpg,dog
Dog/3862.jpg,dog
Dog/3863.jpg,dog
Dog/3865.jpg,dog
Dog/3867.jpg,dog
Dog/3868.jpg,dog
Dog/3872.jpg,dog
Dog/3873.jpg,dog
Dog/3876.jpg,dog
Dog/3878.jpg,dog
Dog/3879.jpg,dog
Dog/3880.jpg,dog
Dog/3882.jpg,dog
Dog/3883.jpg,dog
Dog/3886.jpg,dog
Dog/3887.jpg,dog
Dog/3889.jpg,dog
Dog/3890.jpg,dog
Dog/3893.jpg,dog
Dog/3897.jpg,dog
Dog/3898.jpg,dog
Dog/39.jpg,dog
Dog/3901.jpg,dog
Dog/3902.jpg,dog
Dog/3905.jpg,dog
Dog/3906.jpg,dog
Dog/3907.jpg,dog
Dog/391.jpg,dog
Dog/3911.jpg,dog
Dog/3912.jpg,dog
Dog/3914.jpg,dog
Dog/3920.jpg,dog
Dog/3928.jpg,dog
Dog/3929.jpg,dog
Dog/3931.jpg,dog
Dog/3935.jpg,dog
Dog/3937.jpg,dog
Dog/3938.jpg,dog
Dog/3939.jpg,dog
Dog/394.jpg,dog
Dog/3940.jpg,dog
Dog/3941.jpg,dog
Dog/3944.jpg,dog
Dog/3946.jpg,dog
Dog/395.jpg,dog
Dog/3951.jpg,dog
Dog/3954.jpg,dog
Dog/3962.jpg,dog
Dog/3963.jpg,dog
Dog/3965.jpg,dog
Dog/3968.jpg,dog
Dog/3969.jpg,dog
Dog/3970.jpg,dog
Dog/3972.jpg,dog
Dog/3978.jpg,dog
Dog/3981.jpg,dog
Dog/3985.jpg,dog
Dog/3987.jpg,dog
Dog/3989.jpg,dog
Dog/3994.jpg,dog
Dog/3997.jpg,dog
Dog/3998.jpg,dog
Dog/40.jpg,dog
Dog/4001.jpg,dog
Dog/4006.jpg,dog
Dog/4007.jpg,dog
Dog/4010.jpg,dog
Dog/4015.jpg,dog
Dog/4016.jpg,dog
Dog/4021.jpg,dog
Dog/4023.jpg,dog
Dog/4026.jpg,dog
Dog/4027.jpg,dog
Dog/4030.jpg,dog
Dog/4034.jpg,dog
Dog/4036.jpg,dog
Dog/4038.jpg,dog
Dog/404.jpg,dog
Dog/4047.jpg,dog
Dog/4049.jpg,dog
Dog/4056.jpg,dog
Dog/4058.jpg,dog
Dog/4060.jpg,dog
Dog/4064.jpg,dog
Dog/4068.jpg,dog
Dog/407.jpg,dog
Dog/4071.jpg,dog
Dog/4072.jpg,dog
Dog/4074.jpg,dog
Dog/4075.jpg,dog
Dog/4076.jpg,dog
Dog/4077.jpg,dog
Dog/4078.jpg,dog
Dog/4079.jpg,dog
Dog/408.jpg,dog
Dog/4082.jpg,dog
Dog/4083.jpg,dog
Dog/4084.jpg,dog
Dog/4089.jpg,dog
Dog/409.jpg,dog
Dog/4091.jpg,dog
Dog/4092.jpg,dog
Dog/4095.jpg,dog
Dog/4096.jpg,dog
Dog/4098.jpg,dog
Dog/4099.jpg,dog
Dog/4100.jpg,dog
Dog/4101.jpg,dog
Dog/4103.jpg,dog
Dog/4106.jpg,dog
Dog/4109.jpg,dog
Dog/411.jpg,dog
Dog/4110.jpg,dog
Dog/4115.jpg,dog
Dog/4118.jpg,dog
Dog/412.jpg,dog
Dog/4120.jpg,dog
Dog/4121.jpg,dog
Dog/4122.jpg,dog
Dog/4126.jpg,dog
Dog/4128.jpg,dog
Dog/4129.jpg,dog
Dog/4132.jpg,dog
Dog/4134.jpg,dog
Dog/4135.jpg,dog
Dog/4137.jpg,dog
Dog/4143.jpg,dog
Dog/4147.jpg,dog
Dog/4148.jpg,dog
Dog/4150.jpg,dog
Dog/4152.jpg,dog
Dog/4159.jpg,dog
Dog/4163.jpg,dog
Dog/4164.jpg,dog
Dog/4166.jpg,dog
Dog/417.jpg,dog
Dog/4171.jpg,dog
Dog/4177.jpg,dog
Dog/418.jpg,dog
Dog/4181.jpg,dog
Dog/4182.jpg,dog
Dog/4183.jpg,dog
Dog/4184.jpg,dog
Dog/4187.jpg,dog
Dog/4188.jpg,dog
Dog/419.jpg,dog
Dog/4193.jpg,dog
Dog/4194.jpg,dog
Dog/4197.jpg,dog
Dog/4198.jpg,dog
Dog/420.jpg,dog
Dog/4201.jpg,dog
Dog/4205.jpg,dog
Dog/4207.jpg,dog
Dog/4208.jpg,dog
Dog/421.jpg,dog
Dog/4216.jpg,dog
Dog/4219.jpg,dog
Dog/4221.jpg,dog
Dog/4227.jpg,dog
Dog/423.jpg,dog
Dog/4230.jpg,dog
Dog/4231.jpg,dog
Dog/4238.jpg,dog
Dog/4245.jpg,dog
Dog/4247.jpg,dog
Dog/4248.jpg,dog
Dog/4252.jpg,dog
Dog/4253.jpg,dog
Dog/4254.jpg,dog
Dog/4257.jpg,dog
Dog/4259.jpg,dog
Dog/426.jpg,dog
Dog/4263.jpg,dog
Dog/4267.jpg,dog
Dog/4269.jpg,dog
Dog/427.jpg,dog
Dog/4274.jpg,dog
Dog/4277.jpg,dog
Dog/4278.jpg,dog
Dog/428.jpg,dog
Dog/4280.jpg,dog
Dog/4285.jpg,dog
Dog/4287.jpg,dog
Dog/4288.jpg,dog
Dog/4289.jpg,dog
Dog/429.jpg,dog
Dog/4290.jpg,dog
Dog/4292.jpg,dog
Dog/4293.jpg,dog
Dog/4297.jpg,dog
Dog/4300.jpg,dog
Dog/4302.jpg,dog
Dog/4306.jpg,dog
Dog/4309.jpg,dog
Dog/431.jpg,dog
Dog/4310.jpg,dog
Dog/4312.jpg,dog
Dog/4313.jpg,dog
Dog/4314.jpg,dog
Dog/4317.jpg,dog
Dog/4318.jpg,dog
Dog/4319.jpg,dog
Dog/432.jpg,dog
Dog/4322.jpg,dog
Dog/4325.jpg,dog
Dog/4326.jpg,dog
Dog/4329.jpg,dog
Dog/4330.jpg,dog
Dog/4332.jpg,dog
Dog/4334.jpg,dog
Dog/4337.jpg,dog
Dog/434.jpg,dog
Dog/4347.jpg,dog
Dog/4348.jpg,dog
Dog/435.jpg,dog
Dog/4352.jpg,dog
Dog/4354.jpg,dog
Dog/4364.jpg,dog
Dog/4371.jpg,dog
Dog/4372.jpg,dog
Dog/4373.jpg,dog
Dog/4374.jpg,dog
Dog/4379.jpg,dog
Dog/438.jpg,dog
Dog/4380.jpg,dog
Dog/4381.jpg,dog
Dog/4382.jpg,dog
Dog/4383.jpg,dog
Dog/4384.jpg,dog
Dog/4387.jpg,dog
Dog/439.jpg,dog
Dog/4391.jpg,dog
Dog/4393.jpg,dog
Dog/4395.jpg,dog
Dog/440.jpg,dog
Dog/4400.jpg,dog
Dog/4407.jpg,dog
Dog/4409.jpg,dog
Dog/4414.jpg,dog
Dog/4416.jpg,dog
Dog/4417.jpg,dog
Dog/4419.jpg,dog
Dog/4421.jpg,dog
Dog/4427.jpg,dog
Dog/4428.jpg,dog
Dog/4429.jpg,dog
Dog/4432.jpg,dog
Dog/4433.jpg,dog
Dog/444.jpg,dog
Dog/4441.jpg,dog
Dog/4442.jpg,dog
Dog/4443.jpg,dog
Dog/4444.jpg,dog
Dog/4445.jpg,dog
Dog/4453.jpg,dog
Dog/4457.jpg,dog
Dog/4459.jpg,dog
Dog/4460.jpg,dog
Dog/4461.jpg,dog
Dog/4462.jpg,dog
Dog/4466.jpg,dog
Dog/4467.jpg,dog
Dog/4468.jpg,dog
Dog/4469.jpg,dog
Dog/4470.jpg,dog
Dog/4473.jpg,dog
Dog/4474.jpg,dog
Dog/4478.jpg,dog
Dog/4479.jpg,dog
Dog/4480.jpg,dog
Dog/4487.jpg,dog
Dog/4489.jpg,dog
Dog/449.jpg,dog
Dog/4492.jpg,dog
Dog/4498.jpg,dog
Dog/4500.jpg,dog
Dog/4501.jpg,dog
Dog/4507.jpg,dog
Dog/4509.jpg,dog
Dog/4510.jpg,dog
Dog/4514.jpg,dog
Dog/4515.jpg,dog
Dog/4519.jpg,dog
Dog/4521.jpg,dog
Dog/4522.jpg,dog
Dog/4523.jpg,dog
Dog/4524.jpg,dog
Dog/4530.jpg,dog
Dog/4535.jpg,dog
Dog/4540.jpg,dog
Dog/4542.jpg,dog
Dog/4546.jpg,dog
Dog/4548.jpg,dog
Dog/4549.jpg,dog
Dog/455.jpg,dog
Dog/4552.jpg,dog
Dog/4558.jpg,dog
Dog/4559.jpg,dog
Dog/4565.jpg,dog
Dog/4567.jpg,dog
Dog/4568.jpg,dog
Dog/4570.jpg,dog
Dog/4572.jpg,dog
Dog/4579.jpg,dog
Dog/458.jpg,dog
Dog/4582.jpg,dog
Dog/4583.jpg,dog
Dog/4593.jpg,dog
Dog/4599.jpg,dog
Dog/46.jpg,dog
Dog/4603.jpg,dog
Dog/4606.jpg,dog
Dog/4609.jpg,dog
Dog/461.jpg,dog
Dog/4617.jpg,dog
Dog/4618.jpg,dog
Dog/4619.jpg,dog
Dog/4620.jpg,dog
Dog/4624.jpg,dog
Dog/4625.jpg,dog
Dog/4631.jpg,dog
Dog/4632.jpg,dog
Dog/4634.jpg,dog
Dog/4637.jpg,dog
Dog/4639.jpg,dog
Dog/464.jpg,dog
Dog/4640.jpg,dog
Dog/4642.jpg,dog
Dog/4643.jpg,dog
Dog/4645.jpg,dog
Dog/4648.jpg,dog
Dog/465.jpg,dog
Dog/4650.jpg,dog
Dog/4652.jpg,dog
Dog/4658.jpg,dog
Dog/4659.jpg,dog
Dog/4663.jpg,dog
Dog/4664.jpg,dog
Dog/4671.jpg,dog
Dog/4672.jpg,dog
Dog/4675.jpg,dog
Dog/4680.jpg,dog
Dog/4682.jpg,dog
Dog/4683.jpg,dog
Dog/4684.jpg,dog
Dog/4687.jpg,dog
Dog/4688.jpg,dog
Dog/4691.jpg,dog
Dog/4693.jpg,dog
Dog/4696.jpg,dog
Dog/4697.jpg,dog
Dog/4699.jpg,dog
Dog/47.jpg,dog
Dog/4700.jpg,dog
Dog/4705.jpg,dog
Dog/471.jpg,dog
Dog/4710.jpg,dog
Dog/4714.jpg,dog
Dog/4715.jpg,dog
Dog/4716.jpg,dog
Dog/4717.jpg,dog
Dog/4718.jpg,dog
Dog/4719.jpg,dog
Dog/4723.jpg,dog
Dog/4725.jpg,dog
Dog/4733.jpg,dog
Dog/4737.jpg,dog
Dog/4738.jpg,dog
Dog/4739.jpg,dog
Dog/4740.jpg,dog
Dog/4741.jpg,dog
Dog/4747.jpg,dog
Dog/4750.jpg,dog
Dog/4753.jpg,dog
Dog/4756.jpg,dog
Dog/4758.jpg,dog
Dog/4759.jpg,dog
Dog/476.jpg,dog
Dog/4761.jpg,dog
Dog/4763.jpg,dog
Dog/4764.jpg,dog
Dog/4765.jpg,dog
Dog/4768.jpg,dog
Dog/4769.jpg,dog
Dog/4774.jpg,dog
Dog/4776.jpg,dog
Dog/4778.jpg,dog
Dog/478.jpg,dog
Dog/4785.jpg,dog
Dog/4787.jpg,dog
Dog/479.jpg,dog
Dog/4790.jpg,dog
Dog/4792.jpg,dog
Dog/4795.jpg,dog
Dog/4796.jpg,dog
Dog/4797.jpg,dog
Dog/4798.jpg,dog
Dog/4799.jpg,dog
Dog/4801.jpg,dog
Dog/4802.jpg,dog
Dog/4803.jpg,dog
Dog/4805.jpg,dog
Dog/4807.jpg,dog
Dog/4809.jpg,dog
Dog/481.jpg,dog
Dog/4817.jpg,dog
Dog/4818.jpg,dog
Dog/4819.jpg,dog
Dog/482.jpg,dog
Dog/4820.jpg,dog
Dog/4824.jpg,dog
Dog/4825.jpg,dog
Dog/4826.jpg,dog
Dog/4827.jpg,dog
Dog/4829.jpg,dog
Dog/483.jpg,dog
Dog/4830.jpg,dog
Dog/4831.jpg,dog
Dog/4836.jpg,dog
Dog/4838.jpg,dog
Dog/4839.jpg,dog
Dog/484.jpg,dog
Dog/4842.jpg,dog
Dog/4848.jpg,dog
Dog/4849.jpg,dog
Dog/485.jpg,dog
Dog/4850.jpg,dog
Dog/4851.jpg,dog
Dog/4854.jpg,dog
Dog/4856.jpg,dog
Dog/4859.jpg,dog
Dog/486.jpg,dog
Dog/4860.jpg,dog
Dog/4863.jpg,dog
Dog/4864.jpg,dog
Dog/4866.jpg,dog
Dog/4872.jpg,dog
Dog/4874.jpg,dog
Dog/4875.jpg,dog
Dog/4876.jpg,dog
Dog/4881.jpg,dog
Dog/4885.jpg,dog
Dog/4887.jpg,dog
Dog/4889.jpg,dog
Dog/4891.jpg,dog
Dog/4894.jpg,dog
Dog/4896.jpg,dog
Dog/4897.jpg,dog
Dog/490.jpg,dog
Dog/4901.jpg,dog
Dog/4902.jpg,dog
Dog/4903.jpg,dog
Dog/4906.jpg,dog
Dog/4909.jpg,dog
Dog/491.jpg,dog
Dog/492.jpg,dog
Dog/4920.jpg,dog
Dog/4921.jpg,dog
Dog/4925.jpg,dog
Dog/4926.jpg,dog
Dog/4927.jpg,dog
Dog/4932.jpg,dog
Dog/4933.jpg,dog
Dog/4934.jpg,dog
Dog/4937.jpg,dog
Dog/495.jpg,dog
Dog/4951.jpg,dog
Dog/4952.jpg,dog
Dog/4954.jpg,dog
Dog/4961.jpg,dog
Dog/4964.jpg,dog
Dog/4966.jpg,dog
Dog/4968.jpg,dog
Dog/4970.jpg,dog
Dog/4976.jpg,dog
Dog/4978.jpg,dog
Dog/498.jpg,dog
Dog/4984.jpg,dog
Dog/4988.jpg,dog
Dog/4990.jpg,dog
Dog/4996.jpg,dog
Dog/4997.jpg,dog
Dog/4998.jpg,dog
Dog/5.jpg,dog
Dog/5004.jpg,dog
Dog/5005.jpg,dog
Dog/5008.jpg,dog
Dog/5012.jpg,dog
Dog/5016.jpg,dog
Dog/5019.jpg,dog
Dog/5022.jpg,dog
Dog/5030.jpg,dog
Dog/5031.jpg,dog
Dog/5032.jpg,dog
Dog/5034.jpg,dog
Dog/5041.jpg,dog
Dog/5046.jpg,dog
Dog/505.jpg,dog
Dog/5050.jpg,dog
Dog/5051.jpg,dog
Dog/5052.jpg,dog
Dog/5057.jpg,dog
Dog/5059.jpg,dog
Dog/5060.jpg,dog
Dog/5061.jpg,dog
Dog/5064.jpg,dog
Dog/5065.jpg,dog
Dog/5069.jpg,dog
Dog/5070.jpg,dog
Dog/5071.jpg,dog
Dog/5073.jpg,dog
Dog/5075.jpg,dog
Dog/5078.jpg,dog
Dog/5080.jpg,dog
Dog/5081.jpg,dog
Dog/5082.jpg,dog
Dog/5085.jpg,dog
Dog/5089.jpg,dog
Dog/509.jpg,dog
Dog/5093.jpg,dog
Dog/5095.jpg,dog
Dog/5098.jpg,dog
Dog/5102.jpg,dog
Dog/5104.jpg,dog
Dog/5105.jpg,dog
Dog/5107.jpg,dog
Dog/5108.jpg,dog
Dog/5109.jpg,dog
Dog/511.jpg,dog
Dog/5110.jpg,dog
Dog/5114.jpg,dog
Dog/5116.jpg,dog
Dog/5117.jpg,dog
Dog/5118.jpg,dog
Dog/5122.jpg,dog
Dog/5123.jpg,dog
Dog/5125.jpg,dog
Dog/5126.jpg,dog
Dog/5128.jpg,dog
Dog/5131.jpg,dog
Dog/5132.jpg,dog
Dog/5136.jpg,dog
Dog/5137.jpg,dog
Dog/5140.jpg,dog
Dog/5141.jpg,dog
Dog/5143.jpg,dog
Dog/5144.jpg,dog
Dog/5152.jpg,dog
Dog/5156.jpg,dog
Dog/5157.jpg,dog
Dog/5158.jpg,dog
Dog/5161.jpg,dog
Dog/5163.jpg,dog
Dog/5164.jpg,dog
Dog/5165.jpg,dog
Dog/517.jpg,dog
Dog/5172.jpg,dog
Dog/5173.jpg,dog
Dog/5174.jpg,dog
Dog/5180.jpg,dog
Dog/5181.jpg,dog
Dog/5182.jpg,dog
Dog/5187.jpg,dog
Dog/5188.jpg,dog
Dog/519.jpg,dog
Dog/5191.jpg,dog
Dog/5194.jpg,dog
Dog/5196.jpg,dog
Dog/5198.jpg,dog
Dog/52.jpg,dog
Dog/5200.jpg,dog
Dog/5203.jpg,dog
Dog/5206.jpg,dog
Dog/5209.jpg,dog
Dog/521.jpg,dog
Dog/5210.jpg,dog
Dog/5211.jpg,dog
Dog/5212.jpg,dog
Dog/5213.jpg,dog
Dog/5214.jpg,dog
Dog/5218.jpg,dog
Dog/522.jpg,dog
Dog/5220.jpg,dog
Dog/5221.jpg,dog
Dog/5223.jpg,dog
Dog/5224.jpg,dog
Dog/5228.jpg,dog
Dog/5229.jpg,dog
Dog/5231.jpg,dog
Dog/5232.jpg,dog
Dog/524.jpg,dog
Dog/5242.jpg,dog
Dog/5244.jpg,dog
Dog/5252.jpg,dog
Dog/5253.jpg,dog
Dog/5255.jpg,dog
Dog/5260.jpg,dog
Dog/5262.jpg,dog
Dog/5263.jpg,dog
Dog/5266.jpg,dog
Dog/5267.jpg,dog
Dog/5273.jpg,dog
Dog/5275.jpg,dog
Dog/5278.jpg,dog
Dog/5281.jpg,dog
Dog/5282.jpg,dog
Dog/5284.jpg,dog
Dog/5287.jpg,dog
Dog/5290.jpg,dog
Dog/5292.jpg,dog
Dog/5293.jpg,dog
Dog/5299.jpg,dog
Dog/5302.jpg,dog
Dog/5307.jpg,dog
Dog/5308.jpg,dog
Dog/5312.jpg,dog
Dog/5320.jpg,dog
Dog/5326.jpg,dog
Dog/5330.jpg,dog
Dog/5331.jpg,dog
Dog/5335.jpg,dog
Dog/5336.jpg,dog
Dog/5341.jpg,dog
Dog/5343.jpg,dog
Dog/5349.jpg,dog
Dog/535.jpg,dog
Dog/5350.jpg,dog
Dog/5351.jpg,dog
Dog/5352.jpg,dog
Dog/5354.jpg,dog
Dog/5355.jpg,dog
Dog/5357.jpg,dog
Dog/536.jpg,dog
Dog/5361.jpg,dog
Dog/5364.jpg,dog
Dog/5365.jpg,dog
Dog/5368.jpg,dog
Dog/5371.jpg,dog
Dog/5372.jpg,dog
Dog/5373.jpg,dog
Dog/5375.jpg,dog
Dog/5376.jpg,dog
Dog/538.jpg,dog
Dog/5383.jpg,dog
Dog/5384.jpg,dog
Dog/5386.jpg,dog
Dog/5390.jpg,dog
Dog/5394.jpg,dog
Dog/5395.jpg,dog
Dog/5398.jpg,dog
Dog/5399.jpg,dog
Dog/5401.jpg,dog
Dog/5402.jpg,dog
Dog/5404.jpg,dog
Dog/5406.jpg,dog
Dog/5407.jpg,dog
Dog/5412.jpg,dog
Dog/5416.jpg,dog
Dog/542.jpg,dog
Dog/5423.jpg,dog
Dog/5426.jpg,dog
Dog/5427.jpg,dog
Dog/5429.jpg,dog
Dog/5430.jpg,dog
Dog/5431.jpg,dog
Dog/5434.jpg,dog
Dog/5435.jpg,dog
Dog/5436.jpg,dog
Dog/5439.jpg,dog
Dog/544.jpg,dog
Dog/5440.jpg,dog
Dog/5441.jpg,dog
Dog/5443.jpg,dog
Dog/5444.jpg,dog
Dog/5445.jpg,dog
Dog/5449.jpg,dog
Dog/545.jpg,dog
Dog/5450.jpg,dog
Dog/5452.jpg,dog
Dog/5455.jpg,dog
Dog/5456.jpg,dog
Dog/5459.jpg,dog
Dog/5460.jpg,dog
Dog/5465.jpg,dog
Dog/5473.jpg,dog
Dog/5475.jpg,dog
Dog/5476.jpg,dog
Dog/5477.jpg,dog
Dog/5478.jpg,dog
Dog/5479.jpg,dog
Dog/5480.jpg,dog
Dog/5482.jpg,dog
Dog/5486.jpg,dog
Dog/5487.jpg,dog
Dog/5488.jpg,dog
Dog/5489.jpg,dog
Dog/549.jpg,dog
Dog/5490.jpg,dog
Dog/5491.jpg,dog
Dog/5492.jpg,dog
Dog/5493.jpg,dog
Dog/5496.jpg,dog
Dog/5497.jpg,dog
Dog/5499.jpg,dog
Dog/55.jpg,dog
Dog/5500.jpg,dog
Dog/5502.jpg,dog
Dog/5505.jpg,dog
Dog/5506.jpg,dog
Dog/5507.jpg,dog
Dog/5509.jpg,dog
Dog/551.jpg,dog
Dog/5511.jpg,dog
Dog/5512.jpg,dog
Dog/5515.jpg,dog
Dog/5516.jpg,dog
Dog/5519.jpg,dog
Dog/552.jpg,dog
Dog/5523.jpg,dog
Dog/5525.jpg,dog
Dog/5529.jpg,dog
Dog/5535.jpg,dog
Dog/5541.jpg,dog
Dog/5543.jpg,dog
Dog/5545.jpg,dog
Dog/5546.jpg,dog
Dog/5547.jpg,dog
Dog/5549.jpg,dog
Dog/555.jpg,dog
Dog/5550.jpg,dog
Dog/5553.jpg,dog
Dog/5555.jpg,dog
Dog/5557.jpg,dog
Dog/5558.jpg,dog
Dog/5560.jpg,dog
Dog/5562.jpg,dog
Dog/557.jpg,dog
Dog/5570.jpg,dog
Dog/5572.jpg,dog
Dog/5577.jpg,dog
Dog/5585.jpg,dog
Dog/5587.jpg,dog
Dog/559.jpg,dog
Dog/5590.jpg,dog
Dog/5592.jpg,dog
Dog/5593.jpg,dog
Dog/5601.jpg,dog
Dog/5602.jpg,dog
Dog/5603.jpg,dog
Dog/5606.jpg,dog
Dog/5608.jpg,dog
Dog/5612.jpg,dog
Dog/5614.jpg,dog
Dog/5619.jpg,dog
Dog/5624.jpg,dog
Dog/5625.jpg,dog
Dog/5627.jpg,dog
Dog/5629.jpg,dog
Dog/5632.jpg,dog
Dog/5635.jpg,dog
Dog/5638.jpg,dog
Dog/5639.jpg,dog
Dog/564.jpg,dog
Dog/5640.jpg,dog
Dog/5642.jpg,dog
Dog/5646.jpg,dog
Dog/5648.jpg,dog
Dog/5649.jpg,dog
Dog/5650.jpg,dog
Dog/5651.jpg,dog
Dog/5655.jpg,dog
Dog/5657.jpg,dog
Dog/5658.jpg,dog
Dog/5659.jpg,dog
Dog/5661.jpg,dog
Dog/5663.jpg,dog
Dog/5664.jpg,dog
Dog/567.jpg,dog
Dog/5671.jpg,dog
Dog/5673.jpg,dog
Dog/5674.jpg,dog
Dog/5675.jpg,dog
Dog/5681.jpg,dog
Dog/5682.jpg,dog
Dog/5686.jpg,dog
Dog/5690.jpg,dog
Dog/5691.jpg,dog
Dog/5694.jpg,dog
Dog/5695.jpg,dog
Dog/5696.jpg,dog
Dog/57.jpg,dog
Dog/5705.jpg,dog
Dog/5706.jpg,dog
Dog/5707.jpg,dog
Dog/5708.jpg,dog
Dog/5709.jpg,dog
Dog/571.jpg,dog
Dog/5711.jpg,dog
Dog/5715.jpg,dog
Dog/5716.jpg,dog
Dog/5717.jpg,dog
Dog/5719.jpg,dog
Dog/572.jpg,dog
Dog/5722.jpg,dog
Dog/5724.jpg,dog
Dog/5726.jpg,dog
Dog/5727.jpg,dog
Dog/5729.jpg,dog
Dog/573.jpg,dog
Dog/5733.jpg,dog
Dog/5734.jpg,dog
Dog/5735.jpg,dog
Dog/5738.jpg,dog
Dog/5739.jpg,dog
Dog/5740.jpg,dog
Dog/5742.jpg,dog
Dog/5744.jpg,dog
Dog/5745.jpg,dog
Dog/5746.jpg,dog
Dog/5747.jpg,dog
Dog/5748.jpg,dog
Dog/5749.jpg,dog
Dog/5756.jpg,dog
Dog/5757.jpg,dog
Dog/5758.jpg,dog
Dog/576.jpg,dog
Dog/5760.jpg,dog
Dog/5761.jpg,dog
Dog/5762.jpg,dog
Dog/5764.jpg,dog
Dog/5767.jpg,dog
Dog/5769.jpg,dog
Dog/5771.jpg,dog
Dog/5774.jpg,dog
Dog/5775.jpg,dog
Dog/5776.jpg,dog
Dog/5779.jpg,dog
Dog/5780.jpg,dog
Dog/5784.jpg,dog
Dog/5787.jpg,dog
Dog/579.jpg,dog
Dog/5794.jpg,dog
Dog/5805.jpg,dog
Dog/5807.jpg,dog
Dog/5808.jpg,dog
Dog/5809.jpg,dog
Dog/581.jpg,dog
Dog/5812.jpg,dog
Dog/5813.jpg,dog
Dog/5814.jpg,dog
Dog/5815.jpg,dog
Dog/5816.jpg,dog
Dog/5819.jpg,dog
Dog/5824.jpg,dog
Dog/5825.jpg,dog
Dog/5827.jpg,dog
Dog/5829.jpg,dog
Dog/5830.jpg,dog
Dog/5832.jpg,dog
Dog/5833.jpg,dog
Dog/5835.jpg,dog
Dog/5836.jpg,dog
Dog/5837.jpg,dog
Dog/5838.jpg,dog
Dog/5839.jpg,dog
Dog/584.jpg,dog
Dog/5842.jpg,dog
Dog/5843.jpg,dog
Dog/5844.jpg,dog
Dog/5845.jpg,dog
Dog/5846.jpg,dog
Dog/5847.jpg,dog
Dog/5850.jpg,dog
Dog/5852.jpg,dog
Dog/5853.jpg,dog
Dog/5855.jpg,dog
Dog/5859.jpg,dog
Dog/5860.jpg,dog
Dog/5863.jpg,dog
Dog/587.jpg,dog
Dog/5871.jpg,dog
Dog/5873.jpg,dog
Dog/5874.jpg,dog
Dog/5876.jpg,dog
Dog/5881.jpg,dog
Dog/5886.jpg,dog
Dog/5887.jpg,dog
Dog/589.jpg,dog
Dog/5890.jpg,dog
Dog/5893.jpg,dog
Dog/5894.jpg,dog
Dog/5896.jpg,dog
Dog/5897.jpg,dog
Dog/5898.jpg,dog
Dog/5906.jpg,dog
Dog/5908.jpg,dog
Dog/5909.jpg,dog
Dog/591.jpg,dog
Dog/5913.jpg,dog
Dog/5916.jpg,dog
Dog/5917.jpg,dog
Dog/592.jpg,dog
Dog/5921.jpg,dog
Dog/5923.jpg,dog
Dog/5924.jpg,dog
Dog/5926.jpg,dog
Dog/5930.jpg,dog
Dog/5931.jpg,dog
Dog/5932.jpg,dog
Dog/5936.jpg,dog
Dog/5938.jpg,dog
Dog/5939.jpg,dog
Dog/594.jpg,dog
Dog/5941.jpg,dog
Dog/5942.jpg,dog
Dog/5943.jpg,dog
Dog/5944.jpg,dog
Dog/5945.jpg,dog
Dog/5949.jpg,dog
Dog/595.jpg,dog
Dog/5950.jpg,dog
Dog/5952.jpg,dog
Dog/5953.jpg,dog
Dog/5954.jpg,dog
Dog/5955.jpg,dog
Dog/5958.jpg,dog
Dog/5960.jpg,dog
Dog/5961.jpg,dog
Dog/5963.jpg,dog
Dog/5965.jpg,dog
Dog/5966.jpg,dog
Dog/5971.jpg,dog
Dog/5973.jpg,dog
Dog/5976.jpg,dog
Dog/5977.jpg,dog
Dog/5980.jpg,dog
Dog/5983.jpg,dog
Dog/5987.jpg,dog
Dog/5988.jpg,dog
Dog/5989.jpg,dog
Dog/5990.jpg,dog
Dog/5995.jpg,dog
Dog/5996.jpg,dog
Dog/5999.jpg,dog
Dog/6.jpg,dog
Dog/600.jpg,dog
Dog/6006.jpg,dog
Dog/6007.jpg,dog
Dog/6008.jpg,dog
Dog/6010.jpg,dog
Dog/6012.jpg,dog
Dog/6015.jpg,dog
Dog/6016.jpg,dog
Dog/6018.jpg,dog
Dog/6022.jpg,dog
Dog/6024.jpg,dog
Dog/6026.jpg,dog
Dog/6027.jpg,dog
Dog/6028.jpg,dog
Dog/6031.jpg,dog
Dog/6032.jpg,dog
Dog/6034.jpg,dog
Dog/6036.jpg,dog
Dog/6039.jpg,dog
Dog/6041.jpg,dog
Dog/6042.jpg,dog
Dog/6043.jpg,dog
Dog/605.jpg,dog
Dog/6050.jpg,dog
Dog/6053.jpg,dog
Dog/6055.jpg,dog
Dog/6056.jpg,dog
Dog/6057.jpg,dog
Dog/6063.jpg,dog
Dog/6067.jpg,dog
Dog/6068.jpg,dog
Dog/6069.jpg,dog
Dog/6070.jpg,dog
Dog/6071.jpg,dog
Dog/6072.jpg,dog
Dog/6074.jpg,dog
Dog/6076.jpg,dog
Dog/6079.jpg,dog
Dog/6080.jpg,dog
Dog/6082.jpg,dog
Dog/6087.jpg,dog
Dog/6092.jpg,dog
Dog/6094.jpg,dog
Dog/6095.jpg,dog
Dog/6099.jpg,dog
Dog/61.jpg,dog
Dog/610.jpg,dog
Dog/6100.jpg,dog
Dog/6103.jpg,dog
Dog/6104.jpg,dog
Dog/6106.jpg,dog
Dog/6108.jpg,dog
Dog/611.jpg,dog
Dog/6111.jpg,dog
Dog/6114.jpg,dog
Dog/6116.jpg,dog
Dog/6119.jpg,dog
Dog/6123.jpg,dog
Dog/6125.jpg,dog
Dog/6126.jpg,dog
Dog/613.jpg,dog
Dog/6130.jpg,dog
Dog/6131.jpg,dog
Dog/6135.jpg,dog
Dog/6138.jpg,dog
Dog/6139.jpg,dog
Dog/6140.jpg,dog
Dog/6141.jpg,dog
Dog/6143.jpg,dog
Dog/6144.jpg,dog
Dog/6145.jpg,dog
Dog/6146.jpg,dog
Dog/6148.jpg,dog
Dog/6149.jpg,dog
Dog/6151.jpg,dog
Dog/6152.jpg,dog
Dog/6153.jpg,dog
Dog/6160.jpg,dog
Dog/6164.jpg,dog
Dog/6165.jpg,dog
Dog/6168.jpg,dog
Dog/6169.jpg,dog
Dog/6170.jpg,dog
Dog/6171.jpg,dog
Dog/6183.jpg,dog
Dog/6185.jpg,dog
Dog/6189.jpg,dog
Dog/6191.jpg,dog
Dog/6195.jpg,dog
Dog/6198.jpg,dog
Dog/620.jpg,dog
Dog/6201.jpg,dog
Dog/6203.jpg,dog
Dog/6204.jpg,dog
Dog/6206.jpg,dog
Dog/6208.jpg,dog
Dog/6209.jpg,dog
Dog/6210.jpg,dog
Dog/6211.jpg,dog
Dog/6216.jpg,dog
Dog/6217.jpg,dog
Dog/6218.jpg,dog
Dog/622.jpg,dog
Dog/6222.jpg,dog
Dog/6225.jpg,dog
Dog/6226.jpg,dog
Dog/6228.jpg,dog
Dog/6229.jpg,dog
Dog/6230.jpg,dog
Dog/6233.jpg,dog
Dog/6234.jpg,dog
Dog/6236.jpg,dog
Dog/6237.jpg,dog
Dog/6239.jpg,dog
Dog/6241.jpg,dog
Dog/6246.jpg,dog
Dog/6247.jpg,dog
Dog/6249.jpg,dog
Dog/625.jpg,dog
Dog/6251.jpg,dog
Dog/6253.jpg,dog
Dog/6254.jpg,dog
Dog/6257.jpg,dog
Dog/626.jpg,dog
Dog/6265.jpg,dog
Dog/6267.jpg,dog
Dog/6268.jpg,dog
Dog/6272.jpg,dog
Dog/6274.jpg,dog
Dog/6277.jpg,dog
Dog/6278.jpg,dog
Dog/628.jpg,dog
Dog/6280.jpg,dog
Dog/6281.jpg,dog
Dog/6282.jpg,dog
Dog/6284.jpg,dog
Dog/6285.jpg,dog
Dog/6289.jpg,dog
Dog/629.jpg,dog
Dog/6291.jpg,dog
Dog/6292.jpg,dog
Dog/6294.jpg,dog
Dog/6296.jpg,dog
Dog/6298.jpg,dog
Dog/6301.jpg,dog
Dog/6303.jpg,dog
Dog/6308.jpg,dog
Dog/631.jpg,dog
Dog/6310.jpg,dog
Dog/6312.jpg,dog
Dog/6315.jpg,dog
Dog/6317.jpg,dog
Dog/6323.jpg,dog
Dog/6327.jpg,dog
Dog/6328.jpg,dog
Dog/6329.jpg,dog
Dog/633.jpg,dog
Dog/6331.jpg,dog
Dog/6337.jpg,dog
Dog/6338.jpg,dog
Dog/6339.jpg,dog
Dog/6340.jpg,dog
Dog/6341.jpg,dog
Dog/6342.jpg,dog
Dog/6343.jpg,dog
Dog/6344.jpg,dog
Dog/6347.jpg,dog
Dog/6350.jpg,dog
Dog/6352.jpg,dog
Dog/6353.jpg,dog
Dog/6356.jpg,dog
Dog/6357.jpg,dog
Dog/6358.jpg,dog
Dog/6359.jpg,dog
Dog/6362.jpg,dog
Dog/6363.jpg,dog
Dog/6368.jpg,dog
Dog/6369.jpg,dog
Dog/637.jpg,dog
Dog/6371.jpg,dog
Dog/6373.jpg,dog
Dog/6374.jpg,dog
Dog/6377.jpg,dog
Dog/6378.jpg,dog
Dog/6385.jpg,dog
Dog/6386.jpg,dog
Dog/6392.jpg,dog
Dog/6395.jpg,dog
Dog/6396.jpg,dog
Dog/6399.jpg,dog
Dog/640.jpg,dog
Dog/6400.jpg,dog
Dog/6402.jpg,dog
Dog/6403.jpg,dog
Dog/6405.jpg,dog
Dog/6406.jpg,dog
Dog/641.jpg,dog
Dog/6410.jpg,dog
Dog/6411.jpg,dog
Dog/6412.jpg,dog
Dog/6414.jpg,dog
Dog/6417.jpg,dog
Dog/6419.jpg,dog
Dog/6422.jpg,dog
Dog/6425.jpg,dog
Dog/6426.jpg,dog
Dog/6428.jpg,dog
Dog/6429.jpg,dog
Dog/6431.jpg,dog
Dog/6435.jpg,dog
Dog/6436.jpg,dog
Dog/6438.jpg,dog
Dog/6441.jpg,dog
Dog/6446.jpg,dog
Dog/6447.jpg,dog
Dog/6449.jpg,dog
Dog/645.jpg,dog
Dog/6451.jpg,dog
Dog/6453.jpg,dog
Dog/6457.jpg,dog
Dog/6459.jpg,dog
Dog/646.jpg,dog
Dog/6460.jpg,dog
Dog/6461.jpg,dog
Dog/6462.jpg,dog
Dog/6463.jpg,dog
Dog/6465.jpg,dog
Dog/647.jpg,dog
Dog/6470.jpg,dog
Dog/6475.jpg,dog
Dog/6476.jpg,dog
Dog/6479.jpg,dog
Dog/648.jpg,dog
Dog/6480.jpg,dog
Dog/6483.jpg,dog
Dog/6484.jpg,dog
Dog/6485.jpg,dog
Dog/6488.jpg,dog
Dog/6489.jpg,dog
Dog/6493.jpg,dog
Dog/6495.jpg,dog
Dog/6496.jpg,dog
Dog/6497.jpg,dog
Dog/6498.jpg,dog
Dog/6499.jpg,dog
Dog/6503.jpg,dog
Dog/6504.jpg,dog
Dog/6506.jpg,dog
Dog/6507.jpg,dog
Dog/6508.jpg,dog
Dog/6511.jpg,dog
Dog/6512.jpg,dog
Dog/6515.jpg,dog
Dog/6517.jpg,dog
Dog/6518.jpg,dog
Dog/6519.jpg,dog
Dog/6520.jpg,dog
Dog/6523.jpg,dog
Dog/6524.jpg,dog
Dog/6525.jpg,dog
Dog/6526.jpg,dog
Dog/6527.jpg,dog
Dog/6528.jpg,dog
Dog/6529.jpg,dog
Dog/6531.jpg,dog
Dog/654.jpg,dog
Dog/6540.jpg,dog
Dog/6544.jpg,dog
Dog/6548.jpg,dog
Dog/6549.jpg,dog
Dog/6552.jpg,dog
Dog/6554.jpg,dog
Dog/6558.jpg,dog
Dog/6559.jpg,dog
Dog/656.jpg,dog
Dog/6564.jpg,dog
Dog/6565.jpg,dog
Dog/6566.jpg,dog
Dog/6572.jpg,dog
Dog/6575.jpg,dog
Dog/6576.jpg,dog
Dog/6577.jpg,dog
Dog/6583.jpg,dog
Dog/6584.jpg,dog
Dog/6586.jpg,dog
Dog/6595.jpg,dog
Dog/6598.jpg,dog
Dog/6599.jpg,dog
Dog/66.jpg,dog
Dog/6601.jpg,dog
Dog/6607.jpg,dog
Dog/6608.jpg,dog
Dog/661.jpg,dog
Dog/6613.jpg,dog
Dog/6615.jpg,dog
Dog/662.jpg,dog
Dog/6621.jpg,dog
Dog/6623.jpg,dog
Dog/6624.jpg,dog
Dog/6627.jpg,dog
Dog/6629.jpg,dog
Dog/663.jpg,dog
Dog/6630.jpg,dog
Dog/6633.jpg,dog
Dog/6634.jpg,dog
Dog/6635.jpg,dog
Dog/6637.jpg,dog
Dog/664.jpg,dog
Dog/6640.jpg,dog
Dog/6641.jpg,dog
Dog/6642.jpg,dog
Dog/6644.jpg,dog
Dog/6648.jpg,dog
Dog/6649.jpg,dog
Dog/665.jpg,dog
Dog/6653.jpg,dog
Dog/6654.jpg,dog
Dog/6655.jpg,dog
Dog/6656.jpg,dog
Dog/6657.jpg,dog
Dog/6658.jpg,dog
Dog/6659.jpg,dog
Dog/6661.jpg,dog
Dog/6662.jpg,dog
Dog/6664.jpg,dog
Dog/6668.jpg,dog
Dog/6669.jpg,dog
Dog/6674.jpg,dog
Dog/6675.jpg,dog
Dog/6677.jpg,dog
Dog/6680.jpg,dog
Dog/6682.jpg,dog
Dog/6686.jpg,dog
Dog/6687.jpg,dog
Dog/6691.jpg,dog
Dog/6692.jpg,dog
Dog/6694.jpg,dog
Dog/6699.jpg,dog
Dog/67.jpg,dog
Dog/6703.jpg,dog
Dog/6705.jpg,dog
Dog/671.jpg,dog
Dog/6710.jpg,dog
Dog/6711.jpg,dog
Dog/6712.jpg,dog
Dog/6717.jpg,dog
Dog/672.jpg,dog
Dog/6720.jpg,dog
Dog/6724.jpg,dog
Dog/6726.jpg,dog
Dog/6730.jpg,dog
Dog/6741.jpg,dog
Dog/6746.jpg,dog
Dog/6747.jpg,dog
Dog/675.jpg,dog
Dog/6750.jpg,dog
Dog/6754.jpg,dog
Dog/676.jpg,dog
Dog/6762.jpg,dog
Dog/6765.jpg,dog
Dog/6768.jpg,dog
Dog/6771.jpg,dog
Dog/6773.jpg,dog
Dog/6776.jpg,dog
Dog/6777.jpg,dog
Dog/6779.jpg,dog
Dog/678.jpg,dog
Dog/6780.jpg,dog
Dog/6781.jpg,dog
Dog/6782.jpg,dog
Dog/6784.jpg,dog
Dog/6786.jpg,dog
Dog/6788.jpg,dog
Dog/6789.jpg,dog
Dog/6791.jpg,dog
Dog/6794.jpg,dog
Dog/6796.jpg,dog
Dog/6797.jpg,dog
Dog/68.jpg,dog
Dog/680.jpg,dog
Dog/6800.jpg,dog
Dog/6803.jpg,dog
Dog/6806.jpg,dog
Dog/6809.jpg,dog
Dog/6815.jpg,dog
Dog/6818.jpg,dog
Dog/6822.jpg,dog
Dog/6824.jpg,dog
Dog/6826.jpg,dog
Dog/6827.jpg,dog
Dog/6830.jpg,dog
Dog/6831.jpg,dog
Dog/6832.jpg,dog
Dog/6835.jpg,dog
Dog/6836.jpg,dog
Dog/6842.jpg,dog
Dog/6845.jpg,dog
Dog/6847.jpg,dog
Dog/6853.jpg,dog
Dog/6855.jpg,dog
Dog/686.jpg,dog
Dog/6866.jpg,dog
Dog/6869.jpg,dog
Dog/6870.jpg,dog
Dog/6872.jpg,dog
Dog/6874.jpg,dog
Dog/6875.jpg,dog
Dog/6878.jpg,dog
Dog/6879.jpg,dog
Dog/6880.jpg,dog
Dog/6881.jpg,dog
Dog/6884.jpg,dog
Dog/6886.jpg,dog
Dog/6889.jpg,dog
Dog/689.jpg,dog
Dog/6890.jpg,dog
Dog/6892.jpg,dog
Dog/6894.jpg,dog
Dog/6895.jpg,dog
Dog/6896.jpg,dog
Dog/6898.jpg,dog
Dog/6902.jpg,dog
Dog/6903.jpg,dog
Dog/6904.jpg,dog
Dog/6906.jpg,dog
Dog/6907.jpg,dog
Dog/6909.jpg,dog
Dog/6913.jpg,dog
Dog/6920.jpg,dog
Dog/6925.jpg,dog
Dog/6926.jpg,dog
Dog/6928.jpg,dog
Dog/6930.jpg,dog
Dog/6935.jpg,dog
Dog/6939.jpg,dog
Dog/694.jpg,dog
Dog/6940.jpg,dog
Dog/6943.jpg,dog
Dog/6944.jpg,dog
Dog/6947.jpg,dog
Dog/6948.jpg,dog
Dog/6949.jpg,dog
Dog/6950.jpg,dog
Dog/6952.jpg,dog
Dog/6957.jpg,dog
Dog/6958.jpg,dog
Dog/6961.jpg,dog
Dog/6963.jpg,dog
Dog/6964.jpg,dog
Dog/6965.jpg,dog
Dog/697.jpg,dog
Dog/6978.jpg,dog
Dog/6979.jpg,dog
Dog/698.jpg,dog
Dog/6980.jpg,dog
Dog/6981.jpg,dog
Dog/6988.jpg,dog
Dog/6999.jpg,dog
Dog/7.jpg,dog
Dog/70.jpg,dog
Dog/700.jpg,dog
Dog/7001.jpg,dog
Dog/7002.jpg,dog
Dog/7005.jpg,dog
Dog/7007.jpg,dog
Dog/7009.jpg,dog
Dog/701.jpg,dog
Dog/7011.jpg,dog
Dog/7012.jpg,dog
Dog/7013.jpg,dog
Dog/7014.jpg,dog
Dog/7015.jpg,dog
Dog/702.jpg,dog
Dog/7022.jpg,dog
Dog/7031.jpg,dog
Dog/7033.jpg,dog
Dog/7034.jpg,dog
Dog/7036.jpg,dog
Dog/7037.jpg,dog
Dog/7039.jpg,dog
Dog/7040.jpg,dog
Dog/7041.jpg,dog
Dog/7043.jpg,dog
Dog/7044.jpg,dog
Dog/7047.jpg,dog
Dog/705.jpg,dog
Dog/7050.jpg,dog
Dog/7052.jpg,dog
Dog/7054.jpg,dog
Dog/7058.jpg,dog
Dog/7059.jpg,dog
Dog/706.jpg,dog
Dog/7063.jpg,dog
Dog/7065.jpg,dog
Dog/7066.jpg,dog
Dog/7068.jpg,dog
Dog/7069.jpg,dog
Dog/707.jpg,dog
Dog/7070.jpg,dog
Dog/7074.jpg,dog
Dog/7076.jpg,dog
Dog/7078.jpg,dog
Dog/7081.jpg,dog
Dog/7086.jpg,dog
Dog/709.jpg,dog
Dog/7090.jpg,dog
Dog/7094.jpg,dog
Dog/7095.jpg,dog
Dog/7096.jpg,dog
Dog/7097.jpg,dog
Dog/710.jpg,dog
Dog/7101.jpg,dog
Dog/7111.jpg,dog
Dog/7113.jpg,dog
Dog/7114.jpg,dog
Dog/7117.jpg,dog
Dog/7127.jpg,dog
Dog/7128.jpg,dog
Dog/7129.jpg,dog
Dog/7131.jpg,dog
Dog/7133.jpg,dog
Dog/7134.jpg,dog
Dog/7136.jpg,dog
Dog/7137.jpg,dog
Dog/7139.jpg,dog
Dog/714.jpg,dog
Dog/7140.jpg,dog
Dog/7143.jpg,dog
Dog/7144.jpg,dog
Dog/715.jpg,dog
Dog/7151.jpg,dog
Dog/7152.jpg,dog
Dog/7160.jpg,dog
Dog/7162.jpg,dog
Dog/7165.jpg,dog
Dog/7166.jpg,dog
Dog/7167.jpg,dog
Dog/7169.jpg,dog
Dog/717.jpg,dog
Dog/7171.jpg,dog
Dog/7172.jpg,dog
Dog/7177.jpg,dog
Dog/7178.jpg,dog
Dog/718.jpg,dog
Dog/7181.jpg,dog
Dog/7182.jpg,dog
Dog/7186.jpg,dog
Dog/7187.jpg,dog
Dog/7189.jpg,dog
Dog/7190.jpg,dog
Dog/7191.jpg,dog
Dog/7192.jpg,dog
Dog/7193.jpg,dog
Dog/7196.jpg,dog
Dog/7197.jpg,dog
Dog/7198.jpg,dog
Dog/7199.jpg,dog
Dog/720.jpg,dog
Dog/7200.jpg,dog
Dog/7202.jpg,dog
Dog/7203.jpg,dog
Dog/7204.jpg,dog
Dog/7209.jpg,dog
Dog/7210.jpg,dog
Dog/7212.jpg,dog
Dog/7218.jpg,dog
Dog/7221.jpg,dog
Dog/7222.jpg,dog
Dog/7224.jpg,dog
Dog/7228.jpg,dog
Dog/723.jpg,dog
Dog/7230.jpg,dog
Dog/7232.jpg,dog
Dog/7234.jpg,dog
Dog/724.jpg,dog
Dog/7242.jpg,dog
Dog/7245.jpg,dog
Dog/7246.jpg,dog
Dog/7249.jpg,dog
Dog/725.jpg,dog
Dog/7250.jpg,dog
Dog/7251.jpg,dog
Dog/7252.jpg,dog
Dog/7253.jpg,dog
Dog/7254.jpg,dog
Dog/726.jpg,dog
Dog/7261.jpg,dog
Dog/7263.jpg,dog
Dog/7264.jpg,dog
Dog/7266.jpg,dog
Dog/727.jpg,dog
Dog/7270.jpg,dog
Dog/7271.jpg,dog
Dog/7272.jpg,dog
Dog/7273.jpg,dog
Dog/7280.jpg,dog
Dog/7283.jpg,dog
Dog/7286.jpg,dog
Dog/7288.jpg,dog
Dog/7289.jpg,dog
Dog/7292.jpg,dog
Dog/7294.jpg,dog
Dog/73.jpg,dog
Dog/7301.jpg,dog
Dog/7305.jpg,dog
Dog/7306.jpg,dog
Dog/7307.jpg,dog
Dog/7310.jpg,dog
Dog/7316.jpg,dog
Dog/7319.jpg,dog
Dog/7322.jpg,dog
Dog/7323.jpg,dog
Dog/7328.jpg,dog
Dog/7329.jpg,dog
Dog/733.jpg,dog
Dog/7334.jpg,dog
Dog/734.jpg,dog
Dog/7342.jpg,dog
Dog/7346.jpg,dog
Dog/7347.jpg,dog
Dog/7348.jpg,dog
Dog/735.jpg,dog
Dog/7350.jpg,dog
Dog/7352.jpg,dog
Dog/7356.jpg,dog
Dog/7358.jpg,dog
Dog/7359.jpg,dog
Dog/736.jpg,dog
Dog/7360.jpg,dog
Dog/7364.jpg,dog
Dog/7365.jpg,dog
Dog/7366.jpg,dog
Dog/7368.jpg,dog
Dog/737.jpg,dog
Dog/7372.jpg,dog
Dog/7377.jpg,dog
Dog/7378.jpg,dog
Dog/7379.jpg,dog
Dog/738.jpg,dog
Dog/7380.jpg,dog
Dog/7381.jpg,dog
Dog/7382.jpg,dog
Dog/7384.jpg,dog
Dog/7392.jpg,dog
Dog/7396.jpg,dog
Dog/7397.jpg,dog
Dog/7399.jpg,dog
Dog/7404.jpg,dog
Dog/7407.jpg,dog
Dog/7408.jpg,dog
Dog/7411.jpg,dog
Dog/7413.jpg,dog
Dog/7414.jpg,dog
Dog/7415.jpg,dog
Dog/7416.jpg,dog
Dog/7417.jpg,dog
Dog/7418.jpg,dog
Dog/7419.jpg,dog
Dog/7424.jpg,dog
Dog/7426.jpg,dog
Dog/7429.jpg,dog
Dog/7430.jpg,dog
Dog/7431.jpg,dog
Dog/7432.jpg,dog
Dog/7434.jpg,dog
Dog/7437.jpg,dog
Dog/7440.jpg,dog
Dog/7442.jpg,dog
Dog/7445.jpg,dog
Dog/7447.jpg,dog
Dog/7448.jpg,dog
Dog/745.jpg,dog
Dog/7453.jpg,dog
Dog/7454.jpg,dog
Dog/7456.jpg,dog
Dog/7458.jpg,dog
Dog/7459.jpg,dog
Dog/7466.jpg,dog
Dog/7468.jpg,dog
Dog/747.jpg,dog
Dog/7470.jpg,dog
Dog/7473.jpg,dog
Dog/7475.jpg,dog
Dog/748.jpg,dog
Dog/7481.jpg,dog
Dog/7484.jpg,dog
Dog/7489.jpg,dog
Dog/7491.jpg,dog
Dog/7496.jpg,dog
Dog/7498.jpg,dog
Dog/75.jpg,dog
Dog/750.jpg,dog
Dog/7500.jpg,dog
Dog/7504.jpg,dog
Dog/7507.jpg,dog
Dog/7509.jpg,dog
Dog/7511.jpg,dog
Dog/7513.jpg,dog
Dog/7518.jpg,dog
Dog/7520.jpg,dog
Dog/7522.jpg,dog
Dog/7523.jpg,dog
Dog/7525.jpg,dog
Dog/7526.jpg,dog
Dog/7529.jpg,dog
Dog/7534.jpg,dog
Dog/7538.jpg,dog
Dog/7542.jpg,dog
Dog/7543.jpg,dog
Dog/7545.jpg,dog
Dog/7546.jpg,dog
Dog/7550.jpg,dog
Dog/7551.jpg,dog
Dog/7553.jpg,dog
Dog/7554.jpg,dog
Dog/7557.jpg,dog
Dog/7560.jpg,dog
Dog/7562.jpg,dog
Dog/7563.jpg,dog
Dog/7564.jpg,dog
Dog/7565.jpg,dog
Dog/757.jpg,dog
Dog/7570.jpg,dog
Dog/7571.jpg,dog
Dog/7573.jpg,dog
Dog/7574.jpg,dog
Dog/7577.jpg,dog
Dog/7578.jpg,dog
Dog/7580.jpg,dog
Dog/7581.jpg,dog
Dog/7583.jpg,dog
Dog/7591.jpg,dog
Dog/7592.jpg,dog
Dog/7597.jpg,dog
Dog/76.jpg,dog
Dog/7601.jpg,dog
Dog/7607.jpg,dog
Dog/761.jpg,dog
Dog/7610.jpg,dog
Dog/7612.jpg,dog
Dog/7613.jpg,dog
Dog/7614.jpg,dog
Dog/7615.jpg,dog
Dog/7616.jpg,dog
Dog/7617.jpg,dog
Dog/7619.jpg,dog
Dog/7622.jpg,dog
Dog/7623.jpg,dog
Dog/7627.jpg,dog
Dog/7628.jpg,dog
Dog/7629.jpg,dog
Dog/7634.jpg,dog
Dog/7637.jpg,dog
Dog/7645.jpg,dog
Dog/7646.jpg,dog
Dog/7650.jpg,dog
Dog/766.jpg,dog
Dog/7660.jpg,dog
Dog/7663.jpg,dog
Dog/7664.jpg,dog
Dog/7665.jpg,dog
Dog/7668.jpg,dog
Dog/7669.jpg,dog
Dog/7671.jpg,dog
Dog/7676.jpg,dog
Dog/7677.jpg,dog
Dog/7678.jpg,dog
Dog/7682.jpg,dog
Dog/7684.jpg,dog
Dog/7686.jpg,dog
Dog/7688.jpg,dog
Dog/7690.jpg,dog
Dog/7691.jpg,dog
Dog/7694.jpg,dog
Dog/7695.jpg,dog
Dog/7698.jpg,dog
Dog/77.jpg,dog
Dog/770.jpg,dog
Dog/7704.jpg,dog
Dog/7706.jpg,dog
Dog/7707.jpg,dog
Dog/7708.jpg,dog
Dog/7709.jpg,dog
Dog/7712.jpg,dog
Dog/7713.jpg,dog
Dog/7714.jpg,dog
Dog/7717.jpg,dog
Dog/7718.jpg,dog
Dog/7719.jpg,dog
Dog/772.jpg,dog
Dog/7721.jpg,dog
Dog/7723.jpg,dog
Dog/7724.jpg,dog
Dog/7725.jpg,dog
Dog/7729.jpg,dog
Dog/773.jpg,dog
Dog/7732.jpg,dog
Dog/7734.jpg,dog
Dog/7736.jpg,dog
Dog/7746.jpg,dog
Dog/7747.jpg,dog
Dog/775.jpg,dog
Dog/7756.jpg,dog
Dog/7757.jpg,dog
Dog/7758.jpg,dog
Dog/776.jpg,dog
Dog/7761.jpg,dog
Dog/7764.jpg,dog
Dog/7765.jpg,dog
Dog/7766.jpg,dog
Dog/7769.jpg,dog
Dog/777.jpg,dog
Dog/7773.jpg,dog
Dog/7781.jpg,dog
Dog/7782.jpg,dog
Dog/7783.jpg,dog
Dog/7784.jpg,dog
Dog/7785.jpg,dog
Dog/7786.jpg,dog
Dog/7790.jpg,dog
Dog/7793.jpg,dog
Dog/7794.jpg,dog
Dog/7796.jpg,dog
Dog/7800.jpg,dog
Dog/7802.jpg,dog
Dog/7807.jpg,dog
Dog/781.jpg,dog
Dog/7810.jpg,dog
Dog/7811.jpg,dog
Dog/7813.jpg,dog
Dog/7814.jpg,dog
Dog/7815.jpg,dog
Dog/7816.jpg,dog
Dog/7819.jpg,dog
Dog/782.jpg,dog
Dog/7822.jpg,dog
Dog/7824.jpg,dog
Dog/7826.jpg,dog
Dog/7830.jpg,dog
Dog/7833.jpg,dog
Dog/7837.jpg,dog
Dog/7838.jpg,dog
Dog/7840.jpg,dog
Dog/7841.jpg,dog
Dog/7845.jpg,dog
Dog/7846.jpg,dog
Dog/7848.jpg,dog
Dog/7851.jpg,dog
Dog/7852.jpg,dog
Dog/7854.jpg,dog
Dog/7857.jpg,dog
Dog/786.jpg,dog
Dog/7860.jpg,dog
Dog/7861.jpg,dog
Dog/7862.jpg,dog
Dog/7865.jpg,dog
Dog/7868.jpg,dog
Dog/7869.jpg,dog
Dog/787.jpg,dog
Dog/7870.jpg,dog
Dog/7872.jpg,dog
Dog/7874.jpg,dog
Dog/7877.jpg,dog
Dog/7879.jpg,dog
Dog/7880.jpg,dog
Dog/7882.jpg,dog
Dog/7883.jpg,dog
Dog/789.jpg,dog
Dog/7890.jpg,dog
Dog/7892.jpg,dog
Dog/7893.jpg,dog
Dog/7894.jpg,dog
Dog/7896.jpg,dog
Dog/7898.jpg,dog
Dog/790.jpg,dog
Dog/7901.jpg,dog
Dog/7903.jpg,dog
Dog/7904.jpg,dog
Dog/7907.jpg,dog
Dog/7908.jpg,dog
Dog/7910.jpg,dog
Dog/7912.jpg,dog
Dog/7913.jpg,dog
Dog/7914.jpg,dog
Dog/7915.jpg,dog
Dog/7916.jpg,dog
Dog/792.jpg,dog
Dog/7920.jpg,dog
Dog/7921.jpg,dog
Dog/7923.jpg,dog
Dog/7926.jpg,dog
Dog/7928.jpg,dog
Dog/7941.jpg,dog
Dog/7942.jpg,dog
Dog/7944.jpg,dog
Dog/7946.jpg,dog
Dog/7948.jpg,dog
Dog/7949.jpg,dog
Dog/7951.jpg,dog
Dog/7952.jpg,dog
Dog/7954.jpg,dog
Dog/7955.jpg,dog
Dog/7956.jpg,dog
Dog/7958.jpg,dog
Dog/7959.jpg,dog
Dog/7967.jpg,dog
Dog/7969.jpg,dog
Dog/797.jpg,dog
Dog/7971.jpg,dog
Dog/7972.jpg,dog
Dog/7973.jpg,dog
Dog/7977.jpg,dog
Dog/7979.jpg,dog
Dog/7984.jpg,dog
Dog/7985.jpg,dog
Dog/7986.jpg,dog
Dog/7988.jpg,dog
Dog/7989.jpg,dog
Dog/7993.jpg,dog
Dog/7996.jpg,dog
Dog/7998.jpg,dog
Dog/7999.jpg,dog
Dog/8.jpg,dog
Dog/80.jpg,dog
Dog/800.jpg,dog
Dog/8003.jpg,dog
Dog/8004.jpg,dog
Dog/8005.jpg,dog
Dog/8007.jpg,dog
Dog/8009.jpg,dog
Dog/801.jpg,dog
Dog/8011.jpg,dog
Dog/8012.jpg,dog
Dog/8014.jpg,dog
Dog/8015.jpg,dog
Dog/8016.jpg,dog
Dog/8017.jpg,dog
Dog/8020.jpg,dog
Dog/8022.jpg,dog
Dog/8025.jpg,dog
Dog/8029.jpg,dog
Dog/803.jpg,dog
Dog/8031.jpg,dog
Dog/8033.jpg,dog
Dog/8034.jpg,dog
Dog/8041.jpg,dog
Dog/8042.jpg,dog
Dog/8043.jpg,dog
Dog/8046.jpg,dog
Dog/8047.jpg,dog
Dog/8052.jpg,dog
Dog/8053.jpg,dog
Dog/8054.jpg,dog
Dog/8055.jpg,dog
Dog/8056.jpg,dog
Dog/8057.jpg,dog
Dog/806.jpg,dog
Dog/8063.jpg,dog
Dog/8064.jpg,dog
Dog/8068.jpg,dog
Dog/807.jpg,dog
Dog/8071.jpg,dog
Dog/8073.jpg,dog
Dog/8077.jpg,dog
Dog/8080.jpg,dog
Dog/8081.jpg,dog
Dog/8086.jpg,dog
Dog/809.jpg,dog
Dog/8090.jpg,dog
Dog/8094.jpg,dog
Dog/8095.jpg,dog
Dog/8096.jpg,dog
Dog/8098.jpg,dog
Dog/8099.jpg,dog
Dog/81.jpg,dog
Dog/810.jpg,dog
Dog/8100.jpg,dog
Dog/8102.jpg,dog
Dog/8103.jpg,dog
Dog/8106.jpg,dog
Dog/8107.jpg,dog
Dog/8109.jpg,dog
Dog/8111.jpg,dog
Dog/8112.jpg,dog
Dog/8118.jpg,dog
Dog/8122.jpg,dog
Dog/8124.jpg,dog
Dog/8127.jpg,dog
Dog/813.jpg,dog
Dog/8134.jpg,dog
Dog/8137.jpg,dog
Dog/8138.jpg,dog
Dog/814.jpg,dog
Dog/8142.jpg,dog
Dog/8143.jpg,dog
Dog/8144.jpg,dog
Dog/8145.jpg,dog
Dog/8147.jpg,dog
Dog/8153.jpg,dog
Dog/8154.jpg,dog
Dog/8155.jpg,dog
Dog/8159.jpg,dog
Dog/816.jpg,dog
Dog/8162.jpg,dog
Dog/8165.jpg,dog
Dog/8168.jpg,dog
Dog/8169.jpg,dog
Dog/817.jpg,dog
Dog/8170.jpg,dog
Dog/8171.jpg,dog
Dog/8176.jpg,dog
Dog/8179.jpg,dog
Dog/8180.jpg,dog
Dog/8184.jpg,dog
Dog/8187.jpg,dog
Dog/8188.jpg,dog
Dog/8191.jpg,dog
Dog/8192.jpg,dog
Dog/8195.jpg,dog
Dog/8199.jpg,dog
Dog/82.jpg,dog
Dog/820.jpg,dog
Dog/8200.jpg,dog
Dog/8203.jpg,dog
Dog/8205.jpg,dog
Dog/8208.jpg,dog
Dog/821.jpg,dog
Dog/8215.jpg,dog
Dog/8219.jpg,dog
Dog/8220.jpg,dog
Dog/8221.jpg,dog
Dog/8224.jpg,dog
Dog/8227.jpg,dog
Dog/8230.jpg,dog
Dog/8233.jpg,dog
Dog/8235.jpg,dog
Dog/8239.jpg,dog
Dog/8240.jpg,dog
Dog/8241.jpg,dog
Dog/8244.jpg,dog
Dog/8246.jpg,dog
Dog/8247.jpg,dog
Dog/8248.jpg,dog
Dog/8250.jpg,dog
Dog/8252.jpg,dog
Dog/8253.jpg,dog
Dog/826.jpg,dog
Dog/8263.jpg,dog
Dog/8265.jpg,dog
Dog/8266.jpg,dog
Dog/8267.jpg,dog
Dog/8268.jpg,dog
Dog/8269.jpg,dog
Dog/827.jpg,dog
Dog/8270.jpg,dog
Dog/8271.jpg,dog
Dog/8272.jpg,dog
Dog/8274.jpg,dog
Dog/828.jpg,dog
Dog/8282.jpg,dog
Dog/8288.jpg,dog
Dog/8289.jpg,dog
Dog/8290.jpg,dog
Dog/8291.jpg,dog
Dog/8295.jpg,dog
Dog/8297.jpg,dog
Dog/8298.jpg,dog
Dog/8299.jpg,dog
Dog/8303.jpg,dog
Dog/8304.jpg,dog
Dog/8307.jpg,dog
Dog/831.jpg,dog
Dog/8311.jpg,dog
Dog/8312.jpg,dog
Dog/8313.jpg,dog
Dog/8314.jpg,dog
Dog/8316.jpg,dog
Dog/8318.jpg,dog
Dog/8324.jpg,dog
Dog/8325.jpg,dog
Dog/8330.jpg,dog
Dog/8333.jpg,dog
Dog/8336.jpg,dog
Dog/8337.jpg,dog
Dog/8341.jpg,dog
Dog/8343.jpg,dog
Dog/8344.jpg,dog
Dog/8345.jpg,dog
Dog/8347.jpg,dog
Dog/8352.jpg,dog
Dog/8353.jpg,dog
Dog/836.jpg,dog
Dog/8364.jpg,dog
Dog/8367.jpg,dog
Dog/8368.jpg,dog
Dog/8369.jpg,dog
Dog/8372.jpg,dog
Dog/8378.jpg,dog
Dog/8383.jpg,dog
Dog/8384.jpg,dog
Dog/8385.jpg,dog
Dog/8386.jpg,dog
Dog/8387.jpg,dog
Dog/8389.jpg,dog
Dog/839.jpg,dog
Dog/8390.jpg,dog
Dog/8394.jpg,dog
Dog/8395.jpg,dog
Dog/8397.jpg,dog
Dog/8399.jpg,dog
Dog/84.jpg,dog
Dog/840.jpg,dog
Dog/8402.jpg,dog
Dog/8403.jpg,dog
Dog/8405.jpg,dog
Dog/8407.jpg,dog
Dog/841.jpg,dog
Dog/8417.jpg,dog
Dog/8420.jpg,dog
Dog/8421.jpg,dog
Dog/8423.jpg,dog
Dog/8424.jpg,dog
Dog/8429.jpg,dog
Dog/8432.jpg,dog
Dog/8433.jpg,dog
Dog/8437.jpg,dog
Dog/8438.jpg,dog
Dog/8439.jpg,dog
Dog/844.jpg,dog
Dog/8441.jpg,dog
Dog/8445.jpg,dog
Dog/8449.jpg,dog
Dog/8453.jpg,dog
Dog/8455.jpg,dog
Dog/8459.jpg,dog
Dog/846.jpg,dog
Dog/8462.jpg,dog
Dog/8463.jpg,dog
Dog/8467.jpg,dog
Dog/8473.jpg,dog
Dog/8477.jpg,dog
Dog/8478.jpg,dog
Dog/848.jpg,dog
Dog/8482.jpg,dog
Dog/849.jpg,dog
Dog/8490.jpg,dog
Dog/8492.jpg,dog
Dog/8494.jpg,dog
Dog/8497.jpg,dog
Dog/8498.jpg,dog
Dog/8506.jpg,dog
Dog/8509.jpg,dog
Dog/851.jpg,dog
Dog/8511.jpg,dog
Dog/8513.jpg,dog
Dog/8517.jpg,dog
Dog/8518.jpg,dog
Dog/8522.jpg,dog
Dog/8523.jpg,dog
Dog/8529.jpg,dog
Dog/853.jpg,dog
Dog/8530.jpg,dog
Dog/8531.jpg,dog
Dog/8534.jpg,dog
Dog/8536.jpg,dog
Dog/8537.jpg,dog
Dog/8540.jpg,dog
Dog/8541.jpg,dog
Dog/8542.jpg,dog
Dog/8543.jpg,dog
Dog/8545.jpg,dog
Dog/8547.jpg,dog
Dog/8550.jpg,dog
Dog/8553.jpg,dog
Dog/8556.jpg,dog
Dog/8558.jpg,dog
Dog/856.jpg,dog
Dog/8560.jpg,dog
Dog/8563.jpg,dog
Dog/8567.jpg,dog
Dog/8569.jpg,dog
Dog/8571.jpg,dog
Dog/8572.jpg,dog
Dog/8574.jpg,dog
Dog/8579.jpg,dog
Dog/858.jpg,dog
Dog/8580.jpg,dog
Dog/8584.jpg,dog
Dog/8586.jpg,dog
Dog/8588.jpg,dog
Dog/8589.jpg,dog
Dog/859.jpg,dog
Dog/8592.jpg,dog
Dog/8593.jpg,dog
Dog/860.jpg,dog
Dog/8600.jpg,dog
Dog/8602.jpg,dog
Dog/8608.jpg,dog
Dog/8616.jpg,dog
Dog/8617.jpg,dog
Dog/8618.jpg,dog
Dog/8621.jpg,dog
Dog/8624.jpg,dog
Dog/8625.jpg,dog
Dog/8626.jpg,dog
Dog/8631.jpg,dog
Dog/8633.jpg,dog
Dog/8638.jpg,dog
Dog/8643.jpg,dog
Dog/8644.jpg,dog
Dog/8646.jpg,dog
Dog/8648.jpg,dog
Dog/8651.jpg,dog
Dog/8652.jpg,dog
Dog/8654.jpg,dog
Dog/8655.jpg,dog
Dog/8656.jpg,dog
Dog/8657.jpg,dog
Dog/866.jpg,dog
Dog/8661.jpg,dog
Dog/8666.jpg,dog
Dog/8671.jpg,dog
Dog/8673.jpg,dog
Dog/8674.jpg,dog
Dog/8677.jpg,dog
Dog/868.jpg,dog
Dog/8684.jpg,dog
Dog/8686.jpg,dog
Dog/869.jpg,dog
Dog/8691.jpg,dog
Dog/8698.jpg,dog
Dog/87.jpg,dog
Dog/8700.jpg,dog
Dog/8701.jpg,dog
Dog/8702.jpg,dog
Dog/8706.jpg,dog
Dog/8710.jpg,dog
Dog/8714.jpg,dog
Dog/8715.jpg,dog
Dog/8716.jpg,dog
Dog/8717.jpg,dog
Dog/8718.jpg,dog
Dog/8722.jpg,dog
Dog/8724.jpg,dog
Dog/8725.jpg,dog
Dog/8728.jpg,dog
Dog/8731.jpg,dog
Dog/8735.jpg,dog
Dog/8740.jpg,dog
Dog/8742.jpg,dog
Dog/8745.jpg,dog
Dog/8746.jpg,dog
Dog/8752.jpg,dog
Dog/8757.jpg,dog
Dog/8761.jpg,dog
Dog/8763.jpg,dog
Dog/8764.jpg,dog
Dog/8765.jpg,dog
Dog/8766.jpg,dog
Dog/8767.jpg,dog
Dog/8768.jpg,dog
Dog/877.jpg,dog
Dog/8770.jpg,dog
Dog/8773.jpg,dog
Dog/8774.jpg,dog
Dog/8775.jpg,dog
Dog/8776.jpg,dog
Dog/8777.jpg,dog
Dog/8779.jpg,dog
Dog/878.jpg,dog
Dog/8780.jpg,dog
Dog/8787.jpg,dog
Dog/8789.jpg,dog
Dog/879.jpg,dog
Dog/8792.jpg,dog
Dog/8793.jpg,dog
Dog/8795.jpg,dog
Dog/8796.jpg,dog
Dog/8797.jpg,dog
Dog/8799.jpg,dog
Dog/88.jpg,dog
Dog/880.jpg,dog
Dog/8800.jpg,dog
Dog/8801.jpg,dog
Dog/8804.jpg,dog
Dog/8806.jpg,dog
Dog/8808.jpg,dog
Dog/8809.jpg,dog
Dog/8816.jpg,dog
Dog/8819.jpg,dog
Dog/8825.jpg,dog
Dog/8826.jpg,dog
Dog/8827.jpg,dog
Dog/8828.jpg,dog
Dog/883.jpg,dog
Dog/8830.jpg,dog
Dog/8836.jpg,dog
Dog/8838.jpg,dog
Dog/884.jpg,dog
Dog/8841.jpg,dog
Dog/8842.jpg,dog
Dog/8847.jpg,dog
Dog/8848.jpg,dog
Dog/885.jpg,dog
Dog/8852.jpg,dog
Dog/8859.jpg,dog
Dog/8860.jpg,dog
Dog/8864.jpg,dog
Dog/8866.jpg,dog
Dog/8868.jpg,dog
Dog/8870.jpg,dog
Dog/8872.jpg,dog
Dog/8873.jpg,dog
Dog/8878.jpg,dog
Dog/8884.jpg,dog
Dog/8889.jpg,dog
Dog/8892.jpg,dog
Dog/8897.jpg,dog
Dog/890.jpg,dog
Dog/8901.jpg,dog
Dog/8906.jpg,dog
Dog/8908.jpg,dog
Dog/8909.jpg,dog
Dog/891.jpg,dog
Dog/8911.jpg,dog
Dog/8914.jpg,dog
Dog/8915.jpg,dog
Dog/8917.jpg,dog
Dog/8918.jpg,dog
Dog/8920.jpg,dog
Dog/8924.jpg,dog
Dog/8925.jpg,dog
Dog/8926.jpg,dog
Dog/8928.jpg,dog
Dog/8929.jpg,dog
Dog/8937.jpg,dog
Dog/8938.jpg,dog
Dog/8939.jpg,dog
Dog/894.jpg,dog
Dog/8943.jpg,dog
Dog/8949.jpg,dog
Dog/8950.jpg,dog
Dog/8951.jpg,dog
Dog/8958.jpg,dog
Dog/8960.jpg,dog
Dog/8962.jpg,dog
Dog/8965.jpg,dog
Dog/897.jpg,dog
Dog/8970.jpg,dog
Dog/8973.jpg,dog
Dog/8975.jpg,dog
Dog/8979.jpg,dog
Dog/8982.jpg,dog
Dog/8983.jpg,dog
Dog/8985.jpg,dog
Dog/8987.jpg,dog
Dog/8990.jpg,dog
Dog/8991.jpg,dog
Dog/8992.jpg,dog
Dog/8993.jpg,dog
Dog/8994.jpg,dog
Dog/8996.jpg,dog
Dog/9003.jpg,dog
Dog/9006.jpg,dog
Dog/9009.jpg,dog
Dog/901.jpg,dog
Dog/9010.jpg,dog
Dog/9011.jpg,dog
Dog/9014.jpg,dog
Dog/9017.jpg,dog
Dog/9019.jpg,dog
Dog/9021.jpg,dog
Dog/9023.jpg,dog
Dog/9024.jpg,dog
Dog/9025.jpg,dog
Dog/9027.jpg,dog
Dog/9033.jpg,dog
Dog/9034.jpg,dog
Dog/9040.jpg,dog
Dog/9042.jpg,dog
Dog/9044.jpg,dog
Dog/9049.jpg,dog
Dog/9050.jpg,dog
Dog/9051.jpg,dog
Dog/9052.jpg,dog
Dog/9055.jpg,dog
Dog/9057.jpg,dog
Dog/9059.jpg,dog
Dog/9062.jpg,dog
Dog/9066.jpg,dog
Dog/9067.jpg,dog
Dog/9070.jpg,dog
Dog/9074.jpg,dog
Dog/9080.jpg,dog
Dog/9084.jpg,dog
Dog/9086.jpg,dog
Dog/9087.jpg,dog
Dog/9089.jpg,dog
Dog/909.jpg,dog
Dog/9092.jpg,dog
Dog/9094.jpg,dog
Dog/9096.jpg,dog
Dog/9102.jpg,dog
Dog/9104.jpg,dog
Dog/911.jpg,dog
Dog/9111.jpg,dog
Dog/9112.jpg,dog
Dog/9115.jpg,dog
Dog/9118.jpg,dog
Dog/912.jpg,dog
Dog/9122.jpg,dog
Dog/9127.jpg,dog
Dog/9134.jpg,dog
Dog/9135.jpg,dog
Dog/9138.jpg,dog
Dog/914.jpg,dog
Dog/9140.jpg,dog
Dog/9142.jpg,dog
Dog/9146.jpg,dog
Dog/9147.jpg,dog
Dog/9148.jpg,dog
Dog/9155.jpg,dog
Dog/9156.jpg,dog
Dog/9160.jpg,dog
Dog/9161.jpg,dog
Dog/9166.jpg,dog
Dog/9168.jpg,dog
Dog/9169.jpg,dog
Dog/9171.jpg,dog
Dog/9172.jpg,dog
Dog/9177.jpg,dog
Dog/9178.jpg,dog
Dog/9179.jpg,dog
Dog/9182.jpg,dog
Dog/9185.jpg,dog
Dog/9187.jpg,dog
Dog/9188.jpg,dog
Dog/9189.jpg,dog
Dog/9190.jpg,dog
Dog/9192.jpg,dog
Dog/9196.jpg,dog
Dog/9198.jpg,dog
Dog/92.jpg,dog
Dog/9200.jpg,dog
Dog/9201.jpg,dog
Dog/9203.jpg,dog
Dog/9204.jpg,dog
Dog/9206.jpg,dog
Dog/9207.jpg,dog
Dog/9208.jpg,dog
Dog/921.jpg,dog
Dog/9213.jpg,dog
Dog/9216.jpg,dog
Dog/9218.jpg,dog
Dog/9219.jpg,dog
Dog/922.jpg,dog
Dog/9221.jpg,dog
Dog/9222.jpg,dog
Dog/9226.jpg,dog
Dog/9227.jpg,dog
Dog/9229.jpg,dog
Dog/923.jpg,dog
Dog/9231.jpg,dog
Dog/9234.jpg,dog
Dog/9235.jpg,dog
Dog/9237.jpg,dog
Dog/924.jpg,dog
Dog/9242.jpg,dog
Dog/9244.jpg,dog
Dog/9247.jpg,dog
Dog/9248.jpg,dog
Dog/9249.jpg,dog
Dog/925.jpg,dog
Dog/9250.jpg,dog
Dog/9251.jpg,dog
Dog/9253.jpg,dog
Dog/9257.jpg,dog
Dog/9259.jpg,dog
Dog/9260.jpg,dog
Dog/9261.jpg,dog
Dog/9263.jpg,dog
Dog/927.jpg,dog
Dog/9271.jpg,dog
Dog/9272.jpg,dog
Dog/929.jpg,dog
Dog/9290.jpg,dog
Dog/9294.jpg,dog
Dog/9295.jpg,dog
Dog/9296.jpg,dog
Dog/9297.jpg,dog
Dog/9298.jpg,dog
Dog/9299.jpg,dog
Dog/9301.jpg,dog
Dog/9302.jpg,dog
Dog/9305.jpg,dog
Dog/9307.jpg,dog
Dog/9308.jpg,dog
Dog/9309.jpg,dog
Dog/9310.jpg,dog
Dog/9311.jpg,dog
Dog/9315.jpg,dog
Dog/9316.jpg,dog
Dog/9323.jpg,dog
Dog/9328.jpg,dog
Dog/933.jpg,dog
Dog/9330.jpg,dog
Dog/9337.jpg,dog
Dog/9338.jpg,dog
Dog/9339.jpg,dog
Dog/934.jpg,dog
Dog/9340.jpg,dog
Dog/9341.jpg,dog
Dog/9344.jpg,dog
Dog/9348.jpg,dog
Dog/935.jpg,dog
Dog/9350.jpg,dog
Dog/9351.jpg,dog
Dog/9353.jpg,dog
Dog/9355.jpg,dog
Dog/9356.jpg,dog
Dog/9359.jpg,dog
Dog/9365.jpg,dog
Dog/9366.jpg,dog
Dog/9367.jpg,dog
Dog/937.jpg,dog
Dog/9370.jpg,dog
Dog/9371.jpg,dog
Dog/9374.jpg,dog
Dog/9375.jpg,dog
Dog/9378.jpg,dog
Dog/9379.jpg,dog
Dog/9382.jpg,dog
Dog/9386.jpg,dog
Dog/9390.jpg,dog
Dog/9391.jpg,dog
Dog/9394.jpg,dog
Dog/9398.jpg,dog
Dog/9407.jpg,dog
Dog/941.jpg,dog
Dog/9411.jpg,dog
Dog/9412.jpg,dog
Dog/9414.jpg,dog
Dog/9419.jpg,dog
Dog/9420.jpg,dog
Dog/9423.jpg,dog
Dog/9431.jpg,dog
Dog/9432.jpg,dog
Dog/9436.jpg,dog
Dog/9438.jpg,dog
Dog/9444.jpg,dog
Dog/9447.jpg,dog
Dog/9450.jpg,dog
Dog/9451.jpg,dog
Dog/9458.jpg,dog
Dog/9459.jpg,dog
Dog/946.jpg,dog
Dog/9460.jpg,dog
Dog/9461.jpg,dog
Dog/9462.jpg,dog
Dog/9467.jpg,dog
Dog/947.jpg,dog
Dog/9470.jpg,dog
Dog/9473.jpg,dog
Dog/9474.jpg,dog
Dog/9475.jpg,dog
Dog/9478.jpg,dog
Dog/9480.jpg,dog
Dog/9483.jpg,dog
Dog/9484.jpg,dog
Dog/9489.jpg,dog
Dog/9490.jpg,dog
Dog/9491.jpg,dog
Dog/9492.jpg,dog
Dog/9494.jpg,dog
Dog/9495.jpg,dog
Dog/9496.jpg,dog
Dog/9498.jpg,dog
Dog/95.jpg,dog
Dog/950.jpg,dog
Dog/9500.jpg,dog
Dog/9501.jpg,dog
Dog/9502.jpg,dog
Dog/9504.jpg,dog
Dog/9507.jpg,dog
Dog/951.jpg,dog
Dog/9514.jpg,dog
Dog/9516.jpg,dog
Dog/9519.jpg,dog
Dog/9523.jpg,dog
Dog/9524.jpg,dog
Dog/9525.jpg,dog
Dog/953.jpg,dog
Dog/9533.jpg,dog
Dog/9534.jpg,dog
Dog/9536.jpg,dog
Dog/9537.jpg,dog
Dog/9538.jpg,dog
Dog/9542.jpg,dog
Dog/9546.jpg,dog
Dog/955.jpg,dog
Dog/9550.jpg,dog
Dog/9551.jpg,dog
Dog/9553.jpg,dog
Dog/9555.jpg,dog
Dog/9559.jpg,dog
Dog/956.jpg,dog
Dog/9562.jpg,dog
Dog/9563.jpg,dog
Dog/9565.jpg,dog
Dog/9570.jpg,dog
Dog/9571.jpg,dog
Dog/9573.jpg,dog
Dog/958.jpg,dog
Dog/9582.jpg,dog
Dog/9585.jpg,dog
Dog/9586.jpg,dog
Dog/9587.jpg,dog
Dog/9588.jpg,dog
Dog/9589.jpg,dog
Dog/9593.jpg,dog
Dog/9594.jpg,dog
Dog/9595.jpg,dog
Dog/9597.jpg,dog
Dog/96.jpg,dog
Dog/960.jpg,dog
Dog/9603.jpg,dog
Dog/9604.jpg,dog
Dog/961.jpg,dog
Dog/9612.jpg,dog
Dog/9614.jpg,dog
Dog/9615.jpg,dog
Dog/9617.jpg,dog
Dog/962.jpg,dog
Dog/9620.jpg,dog
Dog/9625.jpg,dog
Dog/9626.jpg,dog
Dog/9627.jpg,dog
Dog/9630.jpg,dog
Dog/9632.jpg,dog
Dog/9634.jpg,dog
Dog/9636.jpg,dog
Dog/9638.jpg,dog
Dog/9640.jpg,dog
Dog/9645.jpg,dog
Dog/9646.jpg,dog
Dog/9649.jpg,dog
Dog/965.jpg,dog
Dog/9651.jpg,dog
Dog/9656.jpg,dog
Dog/9657.jpg,dog
Dog/9658.jpg,dog
Dog/9661.jpg,dog
Dog/9662.jpg,dog
Dog/9664.jpg,dog
Dog/9666.jpg,dog
Dog/9667.jpg,dog
Dog/9669.jpg,dog
Dog/9670.jpg,dog
Dog/9672.jpg,dog
Dog/9673.jpg,dog
Dog/9678.jpg,dog
Dog/9680.jpg,dog
Dog/9684.jpg,dog
Dog/9685.jpg,dog
Dog/9686.jpg,dog
Dog/9687.jpg,dog
Dog/9688.jpg,dog
Dog/9689.jpg,dog
Dog/969.jpg,dog
Dog/9690.jpg,dog
Dog/9694.jpg,dog
Dog/9696.jpg,dog
Dog/9698.jpg,dog
Dog/9700.jpg,dog
Dog/9701.jpg,dog
Dog/9703.jpg,dog
Dog/9706.jpg,dog
Dog/9707.jpg,dog
Dog/9711.jpg,dog
Dog/9712.jpg,dog
Dog/9715.jpg,dog
Dog/9716.jpg,dog
Dog/9717.jpg,dog
Dog/9718.jpg,dog
Dog/972.jpg,dog
Dog/9723.jpg,dog
Dog/9724.jpg,dog
Dog/9726.jpg,dog
Dog/9727.jpg,dog
Dog/9728.jpg,dog
Dog/9729.jpg,dog
Dog/9730.jpg,dog
Dog/9731.jpg,dog
Dog/9732.jpg,dog
Dog/9735.jpg,dog
Dog/9736.jpg,dog
Dog/9737.jpg,dog
Dog/9738.jpg,dog
Dog/9739.jpg,dog
Dog/9740.jpg,dog
Dog/9742.jpg,dog
Dog/9746.jpg,dog
Dog/9748.jpg,dog
Dog/9749.jpg,dog
Dog/9751.jpg,dog
Dog/9752.jpg,dog
Dog/9753.jpg,dog
Dog/9758.jpg,dog
Dog/9762.jpg,dog
Dog/9767.jpg,dog
Dog/9768.jpg,dog
Dog/9769.jpg,dog
Dog/977.jpg,dog
Dog/9772.jpg,dog
Dog/9773.jpg,dog
Dog/9776.jpg,dog
Dog/9779.jpg,dog
Dog/978.jpg,dog
Dog/9780.jpg,dog
Dog/9782.jpg,dog
Dog/9785.jpg,dog
Dog/9787.jpg,dog
Dog/9796.jpg,dog
Dog/9802.jpg,dog
Dog/9804.jpg,dog
Dog/9805.jpg,dog
Dog/9809.jpg,dog
Dog/981.jpg,dog
Dog/9810.jpg,dog
Dog/9815.jpg,dog
Dog/9817.jpg,dog
Dog/982.jpg,dog
Dog/9822.jpg,dog
Dog/9828.jpg,dog
Dog/9829.jpg,dog
Dog/9830.jpg,dog
Dog/9834.jpg,dog
Dog/9835.jpg,dog
Dog/9837.jpg,dog
Dog/984.jpg,dog
Dog/9841.jpg,dog
Dog/9844.jpg,dog
Dog/9847.jpg,dog
Dog/9849.jpg,dog
Dog/985.jpg,dog
Dog/9854.jpg,dog
Dog/9855.jpg,dog
Dog/9858.jpg,dog
Dog/9859.jpg,dog
Dog/9863.jpg,dog
Dog/9868.jpg,dog
Dog/9871.jpg,dog
Dog/9873.jpg,dog
Dog/9875.jpg,dog
Dog/9881.jpg,dog
Dog/9882.jpg,dog
Dog/9885.jpg,dog
Dog/989.jpg,dog
Dog/9890.jpg,dog
Dog/9892.jpg,dog
Dog/9894.jpg,dog
Dog/9895.jpg,dog
Dog/9896.jpg,dog
Dog/9899.jpg,dog
Dog/99.jpg,dog
Dog/9900.jpg,dog
Dog/9903.jpg,dog
Dog/9908.jpg,dog
Dog/991.jpg,dog
Dog/9912.jpg,dog
Dog/9913.jpg,dog
Dog/9914.jpg,dog
Dog/9916.jpg,dog
Dog/9917.jpg,dog
Dog/9920.jpg,dog
Dog/9921.jpg,dog
Dog/9923.jpg,dog
Dog/9927.jpg,dog
Dog/993.jpg,dog
Dog/9931.jpg,dog
Dog/9936.jpg,dog
Dog/9938.jpg,dog
Dog/9939.jpg,dog
Dog/9941.jpg,dog
Dog/9942.jpg,dog
Dog/9944.jpg,dog
Dog/9945.jpg,dog
Dog/9947.jpg,dog
Dog/9948.jpg,dog
Dog/995.jpg,dog
Dog/9957.jpg,dog
Dog/9958.jpg,dog
Dog/996.jpg,dog
Dog/9960.jpg,dog
Dog/9962.jpg,dog
Dog/9964.jpg,dog
Dog/9967.jpg,dog
Dog/9973.jpg,dog
Dog/9974.jpg,dog
Dog/9977.jpg,dog
Dog/9978.jpg,dog
Dog/9979.jpg,dog
Dog/9983.jpg,dog
Dog/9984.jpg,dog
Dog/9986.jpg,dog
Dog/9987.jpg,dog
Dog/9989.jpg,dog
Dog/9990.jpg,dog
Dog/9991.jpg,dog
Dog/9992.jpg,dog
Dog/9993.jpg,dog
Dog/9995.jpg,dog
Dog/9998.jpg,dog
Dog/9999.jpg,dog
