relative_path,label
Cat/0.jpg,cat
Cat/1000.jpg,cat
Cat/10000.jpg,cat
Cat/10002.jpg,cat
Cat/10004.jpg,cat
Cat/10005.jpg,cat
Cat/10006.jpg,cat
Cat/10007.jpg,cat
Cat/10010.jpg,cat
Cat/10011.jpg,cat
Cat/10012.jpg,cat
Cat/10014.jpg,cat
Cat/10015.jpg,cat
Cat/10016.jpg,cat
Cat/10018.jpg,cat
Cat/10019.jpg,cat
Cat/1002.jpg,cat
Cat/10020.jpg,cat
Cat/10021.jpg,cat
Cat/10023.jpg,cat
Cat/10024.jpg,cat
Cat/10027.jpg,cat
Cat/10028.jpg,cat
Cat/1003.jpg,cat
Cat/10030.jpg,cat
Cat/10032.jpg,cat
Cat/10033.jpg,cat
Cat/10035.jpg,cat
Cat/10036.jpg,cat
Cat/10038.jpg,cat
Cat/10039.jpg,cat
Cat/1004.jpg,cat
Cat/10040.jpg,cat
Cat/10041.jpg,cat
Cat/10043.jpg,cat
Cat/10044.jpg,cat
Cat/10045.jpg,cat
Cat/10046.jpg,cat
Cat/10047.jpg,cat
Cat/10048.jpg,cat
Cat/10049.jpg,cat
Cat/1005.jpg,cat
Cat/10051.jpg,cat
Cat/10052.jpg,cat
Cat/10053.jpg,cat
Cat/10054.jpg,cat
Cat/10055.jpg,cat
Cat/10056.jpg,cat
Cat/10057.jpg,cat
Cat/10058.jpg,cat
Cat/10059.jpg,cat
Cat/1006.jpg,cat
Cat/10060.jpg,cat
Cat/10061.jpg,cat
Cat/10062.jpg,cat
Cat/10063.jpg,cat
Cat/10064.jpg,cat
Cat/10065.jpg,cat
Cat/10067.jpg,cat
Cat/10068.jpg,cat
Cat/10069.jpg,cat
Cat/1007.jpg,cat
Cat/10070.jpg,cat
Cat/10071.jpg,cat
Cat/10072.jpg,cat
Cat/10073.jpg,cat
Cat/10074.jpg,cat
Cat/10075.jpg,cat
Cat/10076.jpg,cat
Cat/10079.jpg,cat
Cat/1008.jpg,cat
Cat/10081.jpg,cat
Cat/10082.jpg,cat
Cat/10083.jpg,cat
Cat/10085.jpg,cat
Cat/10086.jpg,cat
Cat/10087.jpg,cat
Cat/10089.jpg,cat
Cat/1009.jpg,cat
Cat/10090.jpg,cat
Cat/10092.jpg,cat
Cat/10093.jpg,cat
Cat/10094.jpg,cat
Cat/10095.jpg,cat
Cat/10096.jpg,cat
Cat/101.jpg,cat
Cat/1010.jpg,cat
Cat/10100.jpg,cat
Cat/10103.jpg,cat
Cat/10104.jpg,cat
Cat/10105.jpg,cat
Cat/10106.jpg,cat
Cat/10108.jpg,cat
Cat/10109.jpg,cat
Cat/10110.jpg,cat
Cat/10114.jpg,cat
Cat/10115.jpg,cat
Cat/10116.jpg,cat
Cat/10117.jpg,cat
Cat/10118.jpg,cat
Cat/1012.jpg,cat
Cat/10120.jpg,cat
Cat/10121.jpg,cat
Cat/10122.jpg,cat
Cat/10124.jpg,cat
Cat/10125.jpg,cat
Cat/10126.jpg,cat
Cat/10127.jpg,cat
Cat/10128.jpg,cat
Cat/10129.jpg,cat
Cat/1013.jpg,cat
Cat/10130.jpg,cat
Cat/10131.jpg,cat
Cat/10132.jpg,cat
Cat/10133.jpg,cat
Cat/10135.jpg,cat
Cat/10136.jpg,cat
Cat/10137.jpg,cat
Cat/10138.jpg,cat
Cat/10140.jpg,cat
Cat/10142.jpg,cat
Cat/10144.jpg,cat
Cat/10145.jpg,cat
Cat/10146.jpg,cat
Cat/10148.jpg,cat
Cat/10149.jpg,cat
Cat/1015.jpg,cat
Cat/10150.jpg,cat
Cat/10151.jpg,cat
Cat/10152.jpg,cat
Cat/10153.jpg,cat
Cat/10154.jpg,cat
Cat/10155.jpg,cat
Cat/10156.jpg,cat
Cat/10157.jpg,cat
Cat/10158.jpg,cat
Cat/10159.jpg,cat
Cat/10160.jpg,cat
Cat/10162.jpg,cat
Cat/10163.jpg,cat
Cat/10164.jpg,cat
Cat/10165.jpg,cat
Cat/10166.jpg,cat
Cat/10167.jpg,cat
Cat/10168.jpg,cat
Cat/10169.jpg,cat
Cat/1017.jpg,cat
Cat/10170.jpg,cat
Cat/10171.jpg,cat
Cat/10172.jpg,cat
Cat/10173.jpg,cat
Cat/10174.jpg,cat
Cat/10175.jpg,cat
Cat/10176.jpg,cat
Cat/10177.jpg,cat
Cat/10179.jpg,cat
Cat/10180.jpg,cat
Cat/10183.jpg,cat
Cat/10184.jpg,cat
Cat/10185.jpg,cat
Cat/10188.jpg,cat
Cat/10189.jpg,cat
Cat/1019.jpg,cat
Cat/10190.jpg,cat
Cat/10191.jpg,cat
Cat/10193.jpg,cat
Cat/10195.jpg,cat
Cat/10196.jpg,cat
Cat/102.jpg,cat
Cat/1020.jpg,cat
Cat/10200.jpg,cat
Cat/10203.jpg,cat
Cat/10204.jpg,cat
Cat/10206.jpg,cat
Cat/10207.jpg,cat
Cat/10208.jpg,cat
Cat/1021.jpg,cat
Cat/10210.jpg,cat
Cat/10211.jpg,cat
Cat/10212.jpg,cat
Cat/10213.jpg,cat
Cat/10214.jpg,cat
Cat/10215.jpg,cat
Cat/10217.jpg,cat
Cat/10219.jpg,cat
Cat/1022.jpg,cat
Cat/10220.jpg,cat
Cat/10222.jpg,cat
Cat/10223.jpg,cat
Cat/10224.jpg,cat
Cat/10225.jpg,cat
Cat/10226.jpg,cat
Cat/10228.jpg,cat
Cat/10229.jpg,cat
Cat/1023.jpg,cat
Cat/10230.jpg,cat
Cat/10231.jpg,cat
Cat/10232.jpg,cat
Cat/10233.jpg,cat
Cat/10234.jpg,cat
Cat/10235.jpg,cat
Cat/10237.jpg,cat
Cat/10238.jpg,cat
Cat/10239.jpg,cat
Cat/10240.jpg,cat
Cat/10241.jpg,cat
Cat/10242.jpg,cat
Cat/10243.jpg,cat
Cat/10244.jpg,cat
Cat/10245.jpg,cat
Cat/10247.jpg,cat
Cat/10248.jpg,cat
Cat/10249.jpg,cat
Cat/10250.jpg,cat
Cat/10252.jpg,cat
Cat/10253.jpg,cat
Cat/10254.jpg,cat
Cat/10255.jpg,cat
Cat/10257.jpg,cat
Cat/10258.jpg,cat
Cat/1026.jpg,cat
Cat/10260.jpg,cat
Cat/10261.jpg,cat
Cat/10262.jpg,cat
Cat/10263.jpg,cat
Cat/10265.jpg,cat
Cat/10266.jpg,cat
Cat/10267.jpg,cat
Cat/10268.jpg,cat
Cat/10269.jpg,cat
Cat/1027.jpg,cat
Cat/10270.jpg,cat
Cat/10271.jpg,cat
Cat/10272.jpg,cat
Cat/10274.jpg,cat
Cat/10275.jpg,cat
Cat/10276.jpg,cat
Cat/10277.jpg,cat
Cat/10278.jpg,cat
Cat/10279.jpg,cat
Cat/1028.jpg,cat
Cat/10280.jpg,cat
Cat/10281.jpg,cat
Cat/10283.jpg,cat
Cat/10284.jpg,cat
Cat/10285.jpg,cat
Cat/10286.jpg,cat
Cat/10288.jpg,cat
Cat/10289.jpg,cat
Cat/1029.jpg,cat
Cat/10291.jpg,cat
Cat/10292.jpg,cat
Cat/10293.jpg,cat
Cat/10294.jpg,cat
Cat/10295.jpg,cat
Cat/10296.jpg,cat
Cat/10297.jpg,cat
Cat/10298.jpg,cat
Cat/103.jpg,cat
Cat/1030.jpg,cat
Cat/10300.jpg,cat
Cat/10301.jpg,cat
Cat/10302.jpg,cat
Cat/10303.jpg,cat
Cat/10305.jpg,cat
Cat/10307.jpg,cat
Cat/10308.jpg,cat
Cat/10309.jpg,cat
Cat/1031.jpg,cat
Cat/10310.jpg,cat
Cat/10311.jpg,cat
Cat/10312.jpg,cat
Cat/10313.jpg,cat
Cat/10314.jpg,cat
Cat/10316.jpg,cat
Cat/10317.jpg,cat
Cat/10318.jpg,cat
Cat/10319.jpg,cat
Cat/1032.jpg,cat
Cat/10320.jpg,cat
Cat/10322.jpg,cat
Cat/10323.jpg,cat
Cat/10324.jpg,cat
Cat/10326.jpg,cat
Cat/10327.jpg,cat
Cat/10328.jpg,cat
Cat/10329.jpg,cat
Cat/1033.jpg,cat
Cat/10330.jpg,cat
Cat/10333.jpg,cat
Cat/10334.jpg,cat
Cat/10335.jpg,cat
Cat/10336.jpg,cat
Cat/10338.jpg,cat
Cat/1034.jpg,cat
Cat/10340.jpg,cat
Cat/10341.jpg,cat
Cat/10343.jpg,cat
Cat/10344.jpg,cat
Cat/10346.jpg,cat
Cat/10347.jpg,cat
Cat/10348.jpg,cat
Cat/10349.jpg,cat
Cat/1035.jpg,cat
Cat/10350.jpg,cat
Cat/10352.jpg,cat
Cat/10354.jpg,cat
Cat/10355.jpg,cat
Cat/10356.jpg,cat
Cat/10358.jpg,cat
Cat/1036.jpg,cat
Cat/10360.jpg,cat
Cat/10361.jpg,cat
Cat/10362.jpg,cat
Cat/10364.jpg,cat
Cat/10366.jpg,cat
Cat/10367.jpg,cat
Cat/10369.jpg,cat
Cat/1037.jpg,cat
Cat/10370.jpg,cat
Cat/10371.jpg,cat
Cat/10374.jpg,cat
Cat/10375.jpg,cat
Cat/10376.jpg,cat
Cat/10377.jpg,cat
Cat/10378.jpg,cat
Cat/10379.jpg,cat
Cat/1038.jpg,cat
Cat/10380.jpg,cat
Cat/10382.jpg,cat
Cat/10384.jpg,cat
Cat/10385.jpg,cat
Cat/10386.jpg,cat
Cat/10387.jpg,cat
Cat/10388.jpg,cat
Cat/10390.jpg,cat
Cat/10391.jpg,cat
Cat/10392.jpg,cat
Cat/10393.jpg,cat
Cat/10394.jpg,cat
Cat/10395.jpg,cat
Cat/10396.jpg,cat
Cat/10398.jpg,cat
Cat/104.jpg,cat
Cat/1040.jpg,cat
Cat/10400.jpg,cat
Cat/10402.jpg,cat
Cat/10403.jpg,cat
Cat/10404.jpg,cat
Cat/10405.jpg,cat
Cat/10406.jpg,cat
Cat/10407.jpg,cat
Cat/10408.jpg,cat
Cat/10410.jpg,cat
Cat/10411.jpg,cat
Cat/10412.jpg,cat
Cat/10414.jpg,cat
Cat/10416.jpg,cat
Cat/10417.jpg,cat
Cat/10418.jpg,cat
Cat/10419.jpg,cat
Cat/10420.jpg,cat
Cat/10421.jpg,cat
Cat/10422.jpg,cat
Cat/10423.jpg,cat
Cat/10424.jpg,cat
Cat/10425.jpg,cat
Cat/10428.jpg,cat
Cat/10429.jpg,cat
Cat/1043.jpg,cat
Cat/10431.jpg,cat
Cat/10432.jpg,cat
Cat/10433.jpg,cat
Cat/10434.jpg,cat
Cat/10435.jpg,cat
Cat/10436.jpg,cat
Cat/10437.jpg,cat
Cat/10439.jpg,cat
Cat/1044.jpg,cat
Cat/10440.jpg,cat
Cat/10441.jpg,cat
Cat/10442.jpg,cat
Cat/10443.jpg,cat
Cat/10444.jpg,cat
Cat/10445.jpg,cat
Cat/10446.jpg,cat
Cat/10448.jpg,cat
Cat/10449.jpg,cat
Cat/1045.jpg,cat
Cat/10450.jpg,cat
Cat/10452.jpg,cat
Cat/10453.jpg,cat
Cat/10454.jpg,cat
Cat/10456.jpg,cat
Cat/10457.jpg,cat
Cat/10458.jpg,cat
Cat/10459.jpg,cat
Cat/10460.jpg,cat
Cat/10461.jpg,cat
Cat/10462.jpg,cat
Cat/10463.jpg,cat
Cat/10464.jpg,cat
Cat/10465.jpg,cat
Cat/10466.jpg,cat
Cat/10467.jpg,cat
Cat/10468.jpg,cat
Cat/10469.jpg,cat
Cat/10470.jpg,cat
Cat/10472.jpg,cat
Cat/10473.jpg,cat
Cat/10474.jpg,cat
Cat/10475.jpg,cat
Cat/10476.jpg,cat
Cat/10477.jpg,cat
Cat/10478.jpg,cat
Cat/10479.jpg,cat
Cat/1048.jpg,cat
Cat/10480.jpg,cat
Cat/10481.jpg,cat
Cat/10482.jpg,cat
Cat/10484.jpg,cat
Cat/10486.jpg,cat
Cat/10488.jpg,cat
Cat/10489.jpg,cat
Cat/1049.jpg,cat
Cat/10491.jpg,cat
Cat/10493.jpg,cat
Cat/10495.jpg,cat
Cat/10496.jpg,cat
Cat/105.jpg,cat
Cat/10500.jpg,cat
Cat/10501.jpg,cat
Cat/10502.jpg,cat
Cat/10503.jpg,cat
Cat/10504.jpg,cat
Cat/10505.jpg,cat
Cat/10506.jpg,cat
Cat/10507.jpg,cat
Cat/10508.jpg,cat
Cat/10509.jpg,cat
Cat/10510.jpg,cat
Cat/10512.jpg,cat
Cat/10513.jpg,cat
Cat/10515.jpg,cat
Cat/10516.jpg,cat
Cat/10517.jpg,cat
Cat/10518.jpg,cat
Cat/10519.jpg,cat
Cat/1052.jpg,cat
Cat/10520.jpg,cat
Cat/10521.jpg,cat
Cat/10522.jpg,cat
Cat/10524.jpg,cat
Cat/10525.jpg,cat
Cat/10526.jpg,cat
Cat/10527.jpg,cat
Cat/10528.jpg,cat
Cat/10529.jpg,cat
Cat/1053.jpg,cat
Cat/10530.jpg,cat
Cat/10532.jpg,cat
Cat/10533.jpg,cat
Cat/10534.jpg,cat
Cat/10535.jpg,cat
Cat/10536.jpg,cat
Cat/10537.jpg,cat
Cat/10538.jpg,cat
Cat/10539.jpg,cat
Cat/1054.jpg,cat
Cat/10540.jpg,cat
Cat/10541.jpg,cat
Cat/10542.jpg,cat
Cat/10543.jpg,cat
Cat/10544.jpg,cat
Cat/10545.jpg,cat
Cat/10546.jpg,cat
Cat/10548.jpg,cat
Cat/10549.jpg,cat
Cat/10550.jpg,cat
Cat/10551.jpg,cat
Cat/10552.jpg,cat
Cat/10553.jpg,cat
Cat/10554.jpg,cat
Cat/10555.jpg,cat
Cat/10556.jpg,cat
Cat/10557.jpg,cat
Cat/10558.jpg,cat
Cat/10559.jpg,cat
Cat/1056.jpg,cat
Cat/10560.jpg,cat
Cat/10561.jpg,cat
Cat/10562.jpg,cat
Cat/10564.jpg,cat
Cat/10565.jpg,cat
Cat/10568.jpg,cat
Cat/10569.jpg,cat
Cat/1057.jpg,cat
Cat/10570.jpg,cat
Cat/10571.jpg,cat
Cat/10573.jpg,cat
Cat/10574.jpg,cat
Cat/10575.jpg,cat
Cat/10576.jpg,cat
Cat/10577.jpg,cat
Cat/10578.jpg,cat
Cat/1058.jpg,cat
Cat/10580.jpg,cat
Cat/10581.jpg,cat
Cat/10582.jpg,cat
Cat/10583.jpg,cat
Cat/10584.jpg,cat
Cat/10586.jpg,cat
Cat/10587.jpg,cat
Cat/10588.jpg,cat
Cat/10589.jpg,cat
Cat/10591.jpg,cat
Cat/10595.jpg,cat
Cat/10596.jpg,cat
Cat/10597.jpg,cat
Cat/10599.jpg,cat
Cat/1060.jpg,cat
Cat/10600.jpg,cat
Cat/10601.jpg,cat
Cat/10602.jpg,cat
Cat/10603.jpg,cat
Cat/10604.jpg,cat
Cat/10606.jpg,cat
Cat/10609.jpg,cat
Cat/10610.jpg,cat
Cat/10611.jpg,cat
Cat/10612.jpg,cat
Cat/10613.jpg,cat
Cat/10614.jpg,cat
Cat/10615.jpg,cat
Cat/10616.jpg,cat
Cat/10617.jpg,cat
Cat/10618.jpg,cat
Cat/10619.jpg,cat
Cat/1062.jpg,cat
Cat/10620.jpg,cat
Cat/10621.jpg,cat
Cat/10622.jpg,cat
Cat/10623.jpg,cat
Cat/10624.jpg,cat
Cat/10625.jpg,cat
Cat/10626.jpg,cat
Cat/10627.jpg,cat
Cat/10628.jpg,cat
Cat/10629.jpg,cat
Cat/10630.jpg,cat
Cat/10632.jpg,cat
Cat/10633.jpg,cat
Cat/10634.jpg,cat
Cat/10635.jpg,cat
Cat/10636.jpg,cat
Cat/10638.jpg,cat
Cat/10639.jpg,cat
Cat/1064.jpg,cat
Cat/10640.jpg,cat
Cat/10641.jpg,cat
Cat/10643.jpg,cat
Cat/10644.jpg,cat
Cat/10645.jpg,cat
Cat/10646.jpg,cat
Cat/10647.jpg,cat
Cat/10648.jpg,cat
Cat/10649.jpg,cat
Cat/1065.jpg,cat
Cat/10650.jpg,cat
Cat/10652.jpg,cat
Cat/10653.jpg,cat
Cat/10654.jpg,cat
Cat/10655.jpg,cat
Cat/10656.jpg,cat
Cat/10657.jpg,cat
Cat/10658.jpg,cat
Cat/10659.jpg,cat
Cat/1066.jpg,cat
Cat/10660.jpg,cat
Cat/10662.jpg,cat
Cat/10664.jpg,cat
Cat/10665.jpg,cat
Cat/10666.jpg,cat
Cat/10667.jpg,cat
Cat/10668.jpg,cat
Cat/10669.jpg,cat
Cat/1067.jpg,cat
Cat/10670.jpg,cat
Cat/10671.jpg,cat
Cat/10672.jpg,cat
Cat/10673.jpg,cat
Cat/10674.jpg,cat
Cat/10675.jpg,cat
Cat/10676.jpg,cat
Cat/10677.jpg,cat
Cat/10678.jpg,cat
Cat/10679.jpg,cat
Cat/1068.jpg,cat
Cat/10680.jpg,cat
Cat/10681.jpg,cat
Cat/10682.jpg,cat
Cat/10683.jpg,cat
Cat/10684.jpg,cat
Cat/10685.jpg,cat
Cat/10687.jpg,cat
Cat/10688.jpg,cat
Cat/10689.jpg,cat
Cat/1069.jpg,cat
Cat/10690.jpg,cat
Cat/10693.jpg,cat
Cat/10694.jpg,cat
Cat/10695.jpg,cat
Cat/10696.jpg,cat
Cat/10697.jpg,cat
Cat/10698.jpg,cat
Cat/10699.jpg,cat
Cat/1070.jpg,cat
Cat/10700.jpg,cat
Cat/10702.jpg,cat
Cat/10704.jpg,cat
Cat/10707.jpg,cat
Cat/10708.jpg,cat
Cat/10709.jpg,cat
Cat/1071.jpg,cat
Cat/10710.jpg,cat
Cat/10711.jpg,cat
Cat/10712.jpg,cat
Cat/10714.jpg,cat
Cat/10715.jpg,cat
Cat/10716.jpg,cat
Cat/10717.jpg,cat
Cat/10718.jpg,cat
Cat/10719.jpg,cat
Cat/1072.jpg,cat
Cat/10720.jpg,cat
Cat/10721.jpg,cat
Cat/10722.jpg,cat
Cat/10723.jpg,cat
Cat/10724.jpg,cat
Cat/10725.jpg,cat
Cat/10727.jpg,cat
Cat/10728.jpg,cat
Cat/10729.jpg,cat
Cat/1073.jpg,cat
Cat/10730.jpg,cat
Cat/10731.jpg,cat
Cat/10734.jpg,cat
Cat/10735.jpg,cat
Cat/10737.jpg,cat
Cat/10738.jpg,cat
Cat/10739.jpg,cat
Cat/1074.jpg,cat
Cat/10743.jpg,cat
Cat/10744.jpg,cat
Cat/10745.jpg,cat
Cat/10746.jpg,cat
Cat/10747.jpg,cat
Cat/10749.jpg,cat
Cat/1075.jpg,cat
Cat/10750.jpg,cat
Cat/10751.jpg,cat
Cat/10752.jpg,cat
Cat/10753.jpg,cat
Cat/10754.jpg,cat
Cat/10755.jpg,cat
Cat/10757.jpg,cat
Cat/10758.jpg,cat
Cat/1076.jpg,cat
Cat/10760.jpg,cat
Cat/10761.jpg,cat
Cat/10762.jpg,cat
Cat/10763.jpg,cat
Cat/10764.jpg,cat
Cat/10765.jpg,cat
Cat/10768.jpg,cat
Cat/10769.jpg,cat
Cat/1077.jpg,cat
Cat/10770.jpg,cat
Cat/10771.jpg,cat
Cat/10773.jpg,cat
Cat/10774.jpg,cat
Cat/10775.jpg,cat
Cat/10776.jpg,cat
Cat/10777.jpg,cat
Cat/10778.jpg,cat
Cat/10779.jpg,cat
Cat/10780.jpg,cat
Cat/10781.jpg,cat
Cat/10782.jpg,cat
Cat/10783.jpg,cat
Cat/10784.jpg,cat
Cat/10785.jpg,cat
Cat/10786.jpg,cat
Cat/10787.jpg,cat
Cat/10788.jpg,cat
Cat/1079.jpg,cat
Cat/10790.jpg,cat
Cat/10791.jpg,cat
Cat/10792.jpg,cat
Cat/10793.jpg,cat
Cat/10794.jpg,cat
Cat/10795.jpg,cat
Cat/10796.jpg,cat
Cat/10797.jpg,cat
Cat/10798.jpg,cat
Cat/10799.jpg,cat
Cat/108.jpg,cat
Cat/1080.jpg,cat
Cat/10800.jpg,cat
Cat/10801.jpg,cat
Cat/10802.jpg,cat
Cat/10804.jpg,cat
Cat/10805.jpg,cat
Cat/10806.jpg,cat
Cat/10807.jpg,cat
Cat/10808.jpg,cat
Cat/1081.jpg,cat
Cat/10810.jpg,cat
Cat/10811.jpg,cat
Cat/10812.jpg,cat
Cat/10813.jpg,cat
Cat/10814.jpg,cat
Cat/10815.jpg,cat
Cat/10816.jpg,cat
Cat/10817.jpg,cat
Cat/10818.jpg,cat
Cat/10819.jpg,cat
Cat/1082.jpg,cat
Cat/10820.jpg,cat
Cat/10821.jpg,cat
Cat/10822.jpg,cat
Cat/10824.jpg,cat
Cat/10825.jpg,cat
Cat/10826.jpg,cat
Cat/10827.jpg,cat
Cat/10829.jpg,cat
Cat/1083.jpg,cat
Cat/10832.jpg,cat
Cat/10833.jpg,cat
Cat/10834.jpg,cat
Cat/10836.jpg,cat
Cat/10837.jpg,cat
Cat/10838.jpg,cat
Cat/10839.jpg,cat
Cat/1084.jpg,cat
Cat/10840.jpg,cat
Cat/10841.jpg,cat
Cat/10842.jpg,cat
Cat/10843.jpg,cat
Cat/10844.jpg,cat
Cat/10845.jpg,cat
Cat/10846.jpg,cat
Cat/10847.jpg,cat
Cat/10848.jpg,cat
Cat/10849.jpg,cat
Cat/1085.jpg,cat
Cat/10852.jpg,cat
Cat/10853.jpg,cat
Cat/10855.jpg,cat
Cat/10856.jpg,cat
Cat/10857.jpg,cat
Cat/10858.jpg,cat
Cat/10859.jpg,cat
Cat/10861.jpg,cat
Cat/10863.jpg,cat
Cat/10864.jpg,cat
Cat/10865.jpg,cat
Cat/10866.jpg,cat
Cat/10867.jpg,cat
Cat/10868.jpg,cat
Cat/10869.jpg,cat
Cat/1087.jpg,cat
Cat/10870.jpg,cat
Cat/10871.jpg,cat
Cat/10872.jpg,cat
Cat/10873.jpg,cat
Cat/10874.jpg,cat
Cat/10875.jpg,cat
Cat/10876.jpg,cat
Cat/10877.jpg,cat
Cat/10878.jpg,cat
Cat/10879.jpg,cat
Cat/1088.jpg,cat
Cat/10881.jpg,cat
Cat/10882.jpg,cat
Cat/10883.jpg,cat
Cat/10884.jpg,cat
Cat/10885.jpg,cat
Cat/10886.jpg,cat
Cat/10887.jpg,cat
Cat/10888.jpg,cat
Cat/10889.jpg,cat
Cat/10890.jpg,cat
Cat/10891.jpg,cat
Cat/10892.jpg,cat
Cat/10893.jpg,cat
Cat/10895.jpg,cat
Cat/10896.jpg,cat
Cat/10897.jpg,cat
Cat/10898.jpg,cat
Cat/109.jpg,cat
Cat/1090.jpg,cat
Cat/10900.jpg,cat
Cat/10901.jpg,cat
Cat/10902.jpg,cat
Cat/10903.jpg,cat
Cat/10904.jpg,cat
Cat/10905.jpg,cat
Cat/10906.jpg,cat
Cat/10907.jpg,cat
Cat/10908.jpg,cat
Cat/10909.jpg,cat
Cat/1091.jpg,cat
Cat/10911.jpg,cat
Cat/10912.jpg,cat
Cat/10913.jpg,cat
Cat/10914.jpg,cat
Cat/10915.jpg,cat
Cat/10916.jpg,cat
Cat/10917.jpg,cat
Cat/10919.jpg,cat
Cat/1092.jpg,cat
Cat/10920.jpg,cat
Cat/10921.jpg,cat
Cat/10922.jpg,cat
Cat/10923.jpg,cat
Cat/10926.jpg,cat
Cat/10927.jpg,cat
Cat/10928.jpg,cat
Cat/10929.jpg,cat
Cat/1093.jpg,cat
Cat/10930.jpg,cat
Cat/10931.jpg,cat
Cat/10932.jpg,cat
Cat/10933.jpg,cat
Cat/10934.jpg,cat
Cat/10935.jpg,cat
Cat/10936.jpg,cat
Cat/10938.jpg,cat
Cat/10939.jpg,cat
Cat/1094.jpg,cat
Cat/10940.jpg,cat
Cat/10941.jpg,cat
Cat/10943.jpg,cat
Cat/10944.jpg,cat
Cat/10945.jpg,cat
Cat/10946.jpg,cat
Cat/10947.jpg,cat
Cat/10949.jpg,cat
Cat/1095.jpg,cat
Cat/10950.jpg,cat
Cat/10951.jpg,cat
Cat/10952.jpg,cat
Cat/10953.jpg,cat
Cat/10954.jpg,cat
Cat/10955.jpg,cat
Cat/10958.jpg,cat
Cat/10959.jpg,cat
Cat/1096.jpg,cat
Cat/10960.jpg,cat
Cat/10962.jpg,cat
Cat/10963.jpg,cat
Cat/10964.jpg,cat
Cat/10966.jpg,cat
Cat/10967.jpg,cat
Cat/10968.jpg,cat
Cat/1097.jpg,cat
Cat/10971.jpg,cat
Cat/10972.jpg,cat
Cat/10974.jpg,cat
Cat/10975.jpg,cat
Cat/10978.jpg,cat
Cat/10979.jpg,cat
Cat/10980.jpg,cat
Cat/10981.jpg,cat
Cat/10982.jpg,cat
Cat/10983.jpg,cat
Cat/10984.jpg,cat
Cat/10985.jpg,cat
Cat/10986.jpg,cat
Cat/10987.jpg,cat
Cat/10988.jpg,cat
Cat/10989.jpg,cat
Cat/1099.jpg,cat
Cat/10990.jpg,cat
Cat/10991.jpg,cat
Cat/10992.jpg,cat
Cat/10993.jpg,cat
Cat/10994.jpg,cat
Cat/10995.jpg,cat
Cat/10996.jpg,cat
Cat/10999.jpg,cat
Cat/11.jpg,cat
Cat/110.jpg,cat
Cat/1100.jpg,cat
Cat/11001.jpg,cat
Cat/11002.jpg,cat
Cat/11005.jpg,cat
Cat/11007.jpg,cat
Cat/11008.jpg,cat
Cat/1101.jpg,cat
Cat/11010.jpg,cat
Cat/11011.jpg,cat
Cat/11012.jpg,cat
Cat/11013.jpg,cat
Cat/11014.jpg,cat
Cat/11015.jpg,cat
Cat/11017.jpg,cat
Cat/11019.jpg,cat
Cat/1102.jpg,cat
Cat/11020.jpg,cat
Cat/11021.jpg,cat
Cat/11022.jpg,cat
Cat/11023.jpg,cat
Cat/11025.jpg,cat
Cat/11027.jpg,cat
Cat/11028.jpg,cat
Cat/11029.jpg,cat
Cat/1103.jpg,cat
Cat/11030.jpg,cat
Cat/11032.jpg,cat
Cat/11033.jpg,cat
Cat/11034.jpg,cat
Cat/11035.jpg,cat
Cat/11036.jpg,cat
Cat/11037.jpg,cat
Cat/11038.jpg,cat
Cat/1104.jpg,cat
Cat/11041.jpg,cat
Cat/11042.jpg,cat
Cat/11043.jpg,cat
Cat/11044.jpg,cat
Cat/11045.jpg,cat
Cat/11046.jpg,cat
Cat/11047.jpg,cat
Cat/11048.jpg,cat
Cat/1105.jpg,cat
Cat/11050.jpg,cat
Cat/11051.jpg,cat
Cat/11053.jpg,cat
Cat/11054.jpg,cat
Cat/11056.jpg,cat
Cat/11057.jpg,cat
Cat/11058.jpg,cat
Cat/11059.jpg,cat
Cat/11060.jpg,cat
Cat/11062.jpg,cat
Cat/11063.jpg,cat
Cat/11064.jpg,cat
Cat/11065.jpg,cat
Cat/11066.jpg,cat
Cat/11067.jpg,cat
Cat/11068.jpg,cat
Cat/11069.jpg,cat
Cat/1107.jpg,cat
Cat/11070.jpg,cat
Cat/11071.jpg,cat
Cat/11072.jpg,cat
Cat/11074.jpg,cat
Cat/11075.jpg,cat
Cat/11077.jpg,cat
Cat/11079.jpg,cat
Cat/1108.jpg,cat
Cat/11081.jpg,cat
Cat/11082.jpg,cat
Cat/11083.jpg,cat
Cat/11084.jpg,cat
Cat/11085.jpg,cat
Cat/11086.jpg,cat
Cat/11087.jpg,cat
Cat/11088.jpg,cat
Cat/11089.jpg,cat
Cat/11090.jpg,cat
Cat/11091.jpg,cat
Cat/11092.jpg,cat
Cat/11094.jpg,cat
Cat/11095.jpg,cat
Cat/11096.jpg,cat
Cat/11097.jpg,cat
Cat/11098.jpg,cat
Cat/11099.jpg,cat
Cat/111.jpg,cat
Cat/1110.jpg,cat
Cat/11100.jpg,cat
Cat/11101.jpg,cat
Cat/11102.jpg,cat
Cat/11103.jpg,cat
Cat/11104.jpg,cat
Cat/11105.jpg,cat
Cat/11107.jpg,cat
Cat/11108.jpg,cat
Cat/11109.jpg,cat
Cat/11110.jpg,cat
Cat/11111.jpg,cat
Cat/11112.jpg,cat
Cat/11113.jpg,cat
Cat/11114.jpg,cat
Cat/11115.jpg,cat
Cat/11116.jpg,cat
Cat/11118.jpg,cat
Cat/11119.jpg,cat
Cat/1112.jpg,cat
Cat/11120.jpg,cat
Cat/11121.jpg,cat
Cat/11122.jpg,cat
Cat/11123.jpg,cat
Cat/11124.jpg,cat
Cat/11126.jpg,cat
Cat/11127.jpg,cat
Cat/11129.jpg,cat
Cat/11131.jpg,cat
Cat/11132.jpg,cat
Cat/11134.jpg,cat
Cat/11135.jpg,cat
Cat/11136.jpg,cat
Cat/11137.jpg,cat
Cat/11138.jpg,cat
Cat/11139.jpg,cat
Cat/11140.jpg,cat
Cat/11141.jpg,cat
Cat/11142.jpg,cat
Cat/11143.jpg,cat
Cat/11144.jpg,cat
Cat/11145.jpg,cat
Cat/11146.jpg,cat
Cat/11147.jpg,cat
Cat/11149.jpg,cat
Cat/1115.jpg,cat
Cat/11151.jpg,cat
Cat/11152.jpg,cat
Cat/11153.jpg,cat
Cat/11155.jpg,cat
Cat/11156.jpg,cat
Cat/11157.jpg,cat
Cat/11158.jpg,cat
Cat/11159.jpg,cat
Cat/11160.jpg,cat
Cat/11161.jpg,cat
Cat/11162.jpg,cat
Cat/11163.jpg,cat
Cat/11165.jpg,cat
Cat/11166.jpg,cat
Cat/11167.jpg,cat
Cat/11168.jpg,cat
Cat/11169.jpg,cat
Cat/1117.jpg,cat
Cat/11171.jpg,cat
Cat/11172.jpg,cat
Cat/11174.jpg,cat
Cat/11176.jpg,cat
Cat/11177.jpg,cat
Cat/11178.jpg,cat
Cat/11179.jpg,cat
Cat/1118.jpg,cat
Cat/11180.jpg,cat
Cat/11181.jpg,cat
Cat/11182.jpg,cat
Cat/11184.jpg,cat
Cat/11185.jpg,cat
Cat/11186.jpg,cat
Cat/11188.jpg,cat
Cat/11189.jpg,cat
Cat/11190.jpg,cat
Cat/11191.jpg,cat
Cat/11192.jpg,cat
Cat/11193.jpg,cat
Cat/11194.jpg,cat
Cat/11195.jpg,cat
Cat/11196.jpg,cat
Cat/11198.jpg,cat
Cat/112.jpg,cat
Cat/1120.jpg,cat
Cat/11200.jpg,cat
Cat/11201.jpg,cat
Cat/11202.jpg,cat
Cat/11203.jpg,cat
Cat/11204.jpg,cat
Cat/11205.jpg,cat
Cat/11206.jpg,cat
Cat/11207.jpg,cat
Cat/11208.jpg,cat
Cat/11209.jpg,cat
Cat/1121.jpg,cat
Cat/11210.jpg,cat
Cat/11211.jpg,cat
Cat/11212.jpg,cat
Cat/11213.jpg,cat
Cat/11214.jpg,cat
Cat/11215.jpg,cat
Cat/11216.jpg,cat
Cat/11217.jpg,cat
Cat/11218.jpg,cat
Cat/11219.jpg,cat
Cat/11220.jpg,cat
Cat/11221.jpg,cat
Cat/11222.jpg,cat
Cat/11224.jpg,cat
Cat/11225.jpg,cat
Cat/11226.jpg,cat
Cat/11228.jpg,cat
Cat/11229.jpg,cat
Cat/11230.jpg,cat
Cat/11231.jpg,cat
Cat/11232.jpg,cat
Cat/11233.jpg,cat
Cat/11235.jpg,cat
Cat/11236.jpg,cat
Cat/11237.jpg,cat
Cat/11238.jpg,cat
Cat/11239.jpg,cat
Cat/1124.jpg,cat
Cat/11240.jpg,cat
Cat/11241.jpg,cat
Cat/11242.jpg,cat
Cat/11243.jpg,cat
Cat/11244.jpg,cat
Cat/11245.jpg,cat
Cat/11246.jpg,cat
Cat/11247.jpg,cat
Cat/11248.jpg,cat
Cat/11250.jpg,cat
Cat/11251.jpg,cat
Cat/11252.jpg,cat
Cat/11254.jpg,cat
Cat/11256.jpg,cat
Cat/11257.jpg,cat
Cat/11258.jpg,cat
Cat/11259.jpg,cat
Cat/1126.jpg,cat
Cat/11262.jpg,cat
Cat/11264.jpg,cat
Cat/11265.jpg,cat
Cat/11266.jpg,cat
Cat/11267.jpg,cat
Cat/11268.jpg,cat
Cat/11269.jpg,cat
Cat/1127.jpg,cat
Cat/11271.jpg,cat
Cat/11272.jpg,cat
Cat/11273.jpg,cat
Cat/11274.jpg,cat
Cat/11276.jpg,cat
Cat/11277.jpg,cat
Cat/11278.jpg,cat
Cat/11279.jpg,cat
Cat/11281.jpg,cat
Cat/11282.jpg,cat
Cat/11283.jpg,cat
Cat/11284.jpg,cat
Cat/11285.jpg,cat
Cat/11286.jpg,cat
Cat/11287.jpg,cat
Cat/11288.jpg,cat
Cat/11289.jpg,cat
Cat/1129.jpg,cat
Cat/11290.jpg,cat
Cat/11291.jpg,cat
Cat/11292.jpg,cat
Cat/11293.jpg,cat
Cat/11294.jpg,cat
Cat/11297.jpg,cat
Cat/11298.jpg,cat
Cat/113.jpg,cat
Cat/11300.jpg,cat
Cat/11301.jpg,cat
Cat/11302.jpg,cat
Cat/11303.jpg,cat
Cat/11304.jpg,cat
Cat/11305.jpg,cat
Cat/11306.jpg,cat
Cat/11307.jpg,cat
Cat/11309.jpg,cat
Cat/1131.jpg,cat
Cat/11310.jpg,cat
Cat/11314.jpg,cat
Cat/11315.jpg,cat
Cat/11316.jpg,cat
Cat/11317.jpg,cat
Cat/11318.jpg,cat
Cat/1132.jpg,cat
Cat/11322.jpg,cat
Cat/11323.jpg,cat
Cat/11324.jpg,cat
Cat/11325.jpg,cat
Cat/11326.jpg,cat
Cat/11327.jpg,cat
Cat/11328.jpg,cat
Cat/11329.jpg,cat
Cat/1133.jpg,cat
Cat/11330.jpg,cat
Cat/11332.jpg,cat
Cat/11333.jpg,cat
Cat/11335.jpg,cat
Cat/11336.jpg,cat
Cat/11337.jpg,cat
Cat/11338.jpg,cat
Cat/11339.jpg,cat
Cat/1134.jpg,cat
Cat/11340.jpg,cat
Cat/11341.jpg,cat
Cat/11342.jpg,cat
Cat/11344.jpg,cat
Cat/11345.jpg,cat
Cat/11346.jpg,cat
Cat/11348.jpg,cat
Cat/11349.jpg,cat
Cat/1135.jpg,cat
Cat/11350.jpg,cat
Cat/11351.jpg,cat
Cat/11352.jpg,cat
Cat/11353.jpg,cat
Cat/11354.jpg,cat
Cat/11355.jpg,cat
Cat/11357.jpg,cat
Cat/11358.jpg,cat
Cat/11359.jpg,cat
Cat/1136.jpg,cat
Cat/11360.jpg,cat
Cat/11361.jpg,cat
Cat/11362.jpg,cat
Cat/11363.jpg,cat
Cat/11364.jpg,cat
Cat/11365.jpg,cat
Cat/11366.jpg,cat
Cat/11368.jpg,cat
Cat/11369.jpg,cat
Cat/11370.jpg,cat
Cat/11371.jpg,cat
Cat/11373.jpg,cat
Cat/11374.jpg,cat
Cat/11375.jpg,cat
Cat/11377.jpg,cat
Cat/11379.jpg,cat
Cat/1138.jpg,cat
Cat/11381.jpg,cat
Cat/11382.jpg,cat
Cat/11384.jpg,cat
Cat/11385.jpg,cat
Cat/11386.jpg,cat
Cat/11387.jpg,cat
Cat/11388.jpg,cat
Cat/1139.jpg,cat
Cat/11390.jpg,cat
Cat/11391.jpg,cat
Cat/11392.jpg,cat
Cat/11393.jpg,cat
Cat/11394.jpg,cat
Cat/11395.jpg,cat
Cat/11396.jpg,cat
Cat/11398.jpg,cat
Cat/11399.jpg,cat
Cat/114.jpg,cat
Cat/1140.jpg,cat
Cat/11400.jpg,cat
Cat/11402.jpg,cat
Cat/11403.jpg,cat
Cat/11405.jpg,cat
Cat/11407.jpg,cat
Cat/11408.jpg,cat
Cat/1141.jpg,cat
Cat/11410.jpg,cat
Cat/11411.jpg,cat
Cat/11412.jpg,cat
Cat/11413.jpg,cat
Cat/11414.jpg,cat
Cat/11415.jpg,cat
Cat/11417.jpg,cat
Cat/11419.jpg,cat
Cat/1142.jpg,cat
Cat/11420.jpg,cat
Cat/11421.jpg,cat
Cat/11422.jpg,cat
Cat/11424.jpg,cat
Cat/11425.jpg,cat
Cat/11426.jpg,cat
Cat/11428.jpg,cat
Cat/11429.jpg,cat
Cat/1143.jpg,cat
Cat/11430.jpg,cat
Cat/11431.jpg,cat
Cat/11432.jpg,cat
Cat/11434.jpg,cat
Cat/11436.jpg,cat
Cat/11439.jpg,cat
Cat/1144.jpg,cat
Cat/11440.jpg,cat
Cat/11441.jpg,cat
Cat/11442.jpg,cat
Cat/11443.jpg,cat
Cat/11445.jpg,cat
Cat/11446.jpg,cat
Cat/11447.jpg,cat
Cat/11448.jpg,cat
Cat/11449.jpg,cat
Cat/11450.jpg,cat
Cat/11451.jpg,cat
Cat/11453.jpg,cat
Cat/11454.jpg,cat
Cat/11455.jpg,cat
Cat/11456.jpg,cat
Cat/11457.jpg,cat
Cat/11458.jpg,cat
Cat/1146.jpg,cat
Cat/11460.jpg,cat
Cat/11463.jpg,cat
Cat/11464.jpg,cat
Cat/11466.jpg,cat
Cat/11467.jpg,cat
Cat/11468.jpg,cat
Cat/11469.jpg,cat
Cat/1147.jpg,cat
Cat/11470.jpg,cat
Cat/11471.jpg,cat
Cat/11472.jpg,cat
Cat/11475.jpg,cat
Cat/11476.jpg,cat
Cat/11477.jpg,cat
Cat/11478.jpg,cat
Cat/11479.jpg,cat
Cat/11480.jpg,cat
Cat/11483.jpg,cat
Cat/11484.jpg,cat
Cat/11485.jpg,cat
Cat/11486.jpg,cat
Cat/11487.jpg,cat
Cat/11488.jpg,cat
Cat/1149.jpg,cat
Cat/11490.jpg,cat
Cat/11491.jpg,cat
Cat/11492.jpg,cat
Cat/11493.jpg,cat
Cat/11494.jpg,cat
Cat/11495.jpg,cat
Cat/11496.jpg,cat
Cat/11497.jpg,cat
Cat/11498.jpg,cat
Cat/11499.jpg,cat
Cat/115.jpg,cat
Cat/1150.jpg,cat
Cat/11501.jpg,cat
Cat/11502.jpg,cat
Cat/11503.jpg,cat
Cat/11504.jpg,cat
Cat/11505.jpg,cat
Cat/11506.jpg,cat
Cat/11507.jpg,cat
Cat/11508.jpg,cat
Cat/11509.jpg,cat
Cat/1151.jpg,cat
Cat/11512.jpg,cat
Cat/11515.jpg,cat
Cat/11516.jpg,cat
Cat/11518.jpg,cat
Cat/11519.jpg,cat
Cat/1152.jpg,cat
Cat/11520.jpg,cat
Cat/11521.jpg,cat
Cat/11522.jpg,cat
Cat/11523.jpg,cat
Cat/11527.jpg,cat
Cat/11528.jpg,cat
Cat/11529.jpg,cat
Cat/1153.jpg,cat
Cat/11530.jpg,cat
Cat/11531.jpg,cat
Cat/11532.jpg,cat
Cat/11533.jpg,cat
Cat/11534.jpg,cat
Cat/11535.jpg,cat
Cat/11538.jpg,cat
Cat/11539.jpg,cat
Cat/1154.jpg,cat
Cat/11540.jpg,cat
Cat/11541.jpg,cat
Cat/11542.jpg,cat
Cat/11543.jpg,cat
Cat/11544.jpg,cat
Cat/11548.jpg,cat
Cat/11549.jpg,cat
Cat/1155.jpg,cat
Cat/11550.jpg,cat
Cat/11551.jpg,cat
Cat/11553.jpg,cat
Cat/11554.jpg,cat
Cat/11556.jpg,cat
Cat/11557.jpg,cat
Cat/11558.jpg,cat
Cat/11559.jpg,cat
Cat/1156.jpg,cat
Cat/11561.jpg,cat
Cat/11562.jpg,cat
Cat/11563.jpg,cat
Cat/11564.jpg,cat
Cat/11568.jpg,cat
Cat/11569.jpg,cat
Cat/11570.jpg,cat
Cat/11571.jpg,cat
Cat/11573.jpg,cat
Cat/11574.jpg,cat
Cat/11575.jpg,cat
Cat/11576.jpg,cat
Cat/11577.jpg,cat
Cat/11578.jpg,cat
Cat/11579.jpg,cat
Cat/1158.jpg,cat
Cat/11580.jpg,cat
Cat/11581.jpg,cat
Cat/11582.jpg,cat
Cat/11583.jpg,cat
Cat/11584.jpg,cat
Cat/11585.jpg,cat
Cat/11586.jpg,cat
Cat/11587.jpg,cat
Cat/11588.jpg,cat
Cat/11590.jpg,cat
Cat/11591.jpg,cat
Cat/11593.jpg,cat
Cat/11595.jpg,cat
Cat/11599.jpg,cat
Cat/116.jpg,cat
Cat/1160.jpg,cat
Cat/11600.jpg,cat
Cat/11601.jpg,cat
Cat/11603.jpg,cat
Cat/11604.jpg,cat
Cat/11605.jpg,cat
Cat/11606.jpg,cat
Cat/11607.jpg,cat
Cat/11608.jpg,cat
Cat/11609.jpg,cat
Cat/1161.jpg,cat
Cat/11610.jpg,cat
Cat/11611.jpg,cat
Cat/11613.jpg,cat
Cat/11614.jpg,cat
Cat/11616.jpg,cat
Cat/11617.jpg,cat
Cat/11619.jpg,cat
Cat/1162.jpg,cat
Cat/11621.jpg,cat
Cat/11622.jpg,cat
Cat/11623.jpg,cat
Cat/11624.jpg,cat
Cat/11627.jpg,cat
Cat/11628.jpg,cat
Cat/11629.jpg,cat
Cat/1163.jpg,cat
Cat/11630.jpg,cat
Cat/11632.jpg,cat
Cat/11634.jpg,cat
Cat/11636.jpg,cat
Cat/11638.jpg,cat
Cat/11639.jpg,cat
Cat/1164.jpg,cat
Cat/11640.jpg,cat
Cat/11643.jpg,cat
Cat/11645.jpg,cat
Cat/11646.jpg,cat
Cat/11647.jpg,cat
Cat/1165.jpg,cat
Cat/11650.jpg,cat
Cat/11653.jpg,cat
Cat/11654.jpg,cat
Cat/11655.jpg,cat
Cat/11657.jpg,cat
Cat/11658.jpg,cat
Cat/11659.jpg,cat
Cat/11661.jpg,cat
Cat/11662.jpg,cat
Cat/11663.jpg,cat
Cat/11664.jpg,cat
Cat/11666.jpg,cat
Cat/11667.jpg,cat
Cat/11669.jpg,cat
Cat/11670.jpg,cat
Cat/11671.jpg,cat
Cat/11672.jpg,cat
Cat/11673.jpg,cat
Cat/11674.jpg,cat
Cat/11676.jpg,cat
Cat/11677.jpg,cat
Cat/11678.jpg,cat
Cat/11679.jpg,cat
Cat/1168.jpg,cat
Cat/11680.jpg,cat
Cat/11681.jpg,cat
Cat/11683.jpg,cat
Cat/11684.jpg,cat
Cat/11687.jpg,cat
Cat/11688.jpg,cat
Cat/11689.jpg,cat
Cat/1169.jpg,cat
Cat/11690.jpg,cat
Cat/11691.jpg,cat
Cat/11692.jpg,cat
Cat/11695.jpg,cat
Cat/11696.jpg,cat
Cat/11697.jpg,cat
Cat/11699.jpg,cat
Cat/117.jpg,cat
Cat/1170.jpg,cat
Cat/11700.jpg,cat
Cat/11704.jpg,cat
Cat/11705.jpg,cat
Cat/11706.jpg,cat
Cat/11707.jpg,cat
Cat/11708.jpg,cat
Cat/1171.jpg,cat
Cat/11710.jpg,cat
Cat/11712.jpg,cat
Cat/11713.jpg,cat
Cat/11714.jpg,cat
Cat/11715.jpg,cat
Cat/11716.jpg,cat
Cat/11718.jpg,cat
Cat/11720.jpg,cat
Cat/11722.jpg,cat
Cat/11723.jpg,cat
Cat/11725.jpg,cat
Cat/11727.jpg,cat
Cat/11729.jpg,cat
Cat/11730.jpg,cat
Cat/11732.jpg,cat
Cat/11733.jpg,cat
Cat/11736.jpg,cat
Cat/11737.jpg,cat
Cat/11738.jpg,cat
Cat/11739.jpg,cat
Cat/11740.jpg,cat
Cat/11741.jpg,cat
Cat/11742.jpg,cat
Cat/11743.jpg,cat
Cat/11744.jpg,cat
Cat/11746.jpg,cat
Cat/11748.jpg,cat
Cat/11749.jpg,cat
Cat/1175.jpg,cat
Cat/11750.jpg,cat
Cat/11751.jpg,cat
Cat/11752.jpg,cat
Cat/11753.jpg,cat
Cat/11754.jpg,cat
Cat/11755.jpg,cat
Cat/11756.jpg,cat
Cat/11757.jpg,cat
Cat/11758.jpg,cat
Cat/11759.jpg,cat
Cat/11760.jpg,cat
Cat/11761.jpg,cat
Cat/11762.jpg,cat
Cat/11763.jpg,cat
Cat/11764.jpg,cat
Cat/11766.jpg,cat
Cat/11767.jpg,cat
Cat/11769.jpg,cat
Cat/1177.jpg,cat
Cat/11770.jpg,cat
Cat/11771.jpg,cat
Cat/11774.jpg,cat
Cat/11776.jpg,cat
Cat/11777.jpg,cat
Cat/11778.jpg,cat
Cat/11779.jpg,cat
Cat/1178.jpg,cat
Cat/11780.jpg,cat
Cat/11782.jpg,cat
Cat/11783.jpg,cat
Cat/11784.jpg,cat
Cat/11785.jpg,cat
Cat/11789.jpg,cat
Cat/1179.jpg,cat
Cat/11790.jpg,cat
Cat/11791.jpg,cat
Cat/11792.jpg,cat
Cat/11793.jpg,cat
Cat/11795.jpg,cat
Cat/11796.jpg,cat
Cat/11797.jpg,cat
Cat/11798.jpg,cat
Cat/11799.jpg,cat
Cat/1180.jpg,cat
Cat/11800.jpg,cat
Cat/11801.jpg,cat
Cat/11804.jpg,cat
Cat/11805.jpg,cat
Cat/11806.jpg,cat
Cat/11807.jpg,cat
Cat/11808.jpg,cat
Cat/11809.jpg,cat
Cat/1181.jpg,cat
Cat/11811.jpg,cat
Cat/11812.jpg,cat
Cat/11813.jpg,cat
Cat/11814.jpg,cat
Cat/11815.jpg,cat
Cat/11816.jpg,cat
Cat/11817.jpg,cat
Cat/11818.jpg,cat
Cat/11819.jpg,cat
Cat/1182.jpg,cat
Cat/11820.jpg,cat
Cat/11821.jpg,cat
Cat/11823.jpg,cat
Cat/11824.jpg,cat
Cat/11826.jpg,cat
Cat/11828.jpg,cat
Cat/11829.jpg,cat
Cat/1183.jpg,cat
Cat/11830.jpg,cat
Cat/11831.jpg,cat
Cat/11832.jpg,cat
Cat/11833.jpg,cat
Cat/11835.jpg,cat
Cat/11836.jpg,cat
Cat/11837.jpg,cat
Cat/11838.jpg,cat
Cat/11839.jpg,cat
Cat/1184.jpg,cat
Cat/11841.jpg,cat
Cat/11842.jpg,cat
Cat/11843.jpg,cat
Cat/11844.jpg,cat
Cat/11845.jpg,cat
Cat/11846.jpg,cat
Cat/11847.jpg,cat
Cat/11848.jpg,cat
Cat/11849.jpg,cat
Cat/1185.jpg,cat
Cat/11850.jpg,cat
Cat/11851.jpg,cat
Cat/11852.jpg,cat
Cat/11853.jpg,cat
Cat/11854.jpg,cat
Cat/11855.jpg,cat
Cat/11856.jpg,cat
Cat/11857.jpg,cat
Cat/11858.jpg,cat
Cat/1186.jpg,cat
Cat/11860.jpg,cat
Cat/11861.jpg,cat
Cat/11863.jpg,cat
Cat/11864.jpg,cat
Cat/11866.jpg,cat
Cat/11867.jpg,cat
Cat/11868.jpg,cat
Cat/11869.jpg,cat
Cat/11870.jpg,cat
Cat/11871.jpg,cat
Cat/11872.jpg,cat
Cat/11873.jpg,cat
Cat/11875.jpg,cat
Cat/11876.jpg,cat
Cat/11877.jpg,cat
Cat/11878.jpg,cat
Cat/11879.jpg,cat
Cat/1188.jpg,cat
Cat/11880.jpg,cat
Cat/11881.jpg,cat
Cat/11882.jpg,cat
Cat/11884.jpg,cat
Cat/11885.jpg,cat
Cat/11886.jpg,cat
Cat/11887.jpg,cat
Cat/11888.jpg,cat
Cat/11889.jpg,cat
Cat/1189.jpg,cat
Cat/11891.jpg,cat
Cat/11892.jpg,cat
Cat/11895.jpg,cat
Cat/11896.jpg,cat
Cat/11897.jpg,cat
Cat/119.jpg,cat
Cat/1190.jpg,cat
Cat/11900.jpg,cat
Cat/11903.jpg,cat
Cat/11904.jpg,cat
Cat/11905.jpg,cat
Cat/11906.jpg,cat
Cat/11909.jpg,cat
Cat/1191.jpg,cat
Cat/11910.jpg,cat
Cat/11911.jpg,cat
Cat/11912.jpg,cat
Cat/11913.jpg,cat
Cat/11914.jpg,cat
Cat/11916.jpg,cat
Cat/11918.jpg,cat
Cat/1192.jpg,cat
Cat/11920.jpg,cat
Cat/11921.jpg,cat
Cat/11922.jpg,cat
Cat/11923.jpg,cat
Cat/11925.jpg,cat
Cat/11927.jpg,cat
Cat/11928.jpg,cat
Cat/11929.jpg,cat
Cat/1193.jpg,cat
Cat/11931.jpg,cat
Cat/11932.jpg,cat
Cat/11933.jpg,cat
Cat/11934.jpg,cat
Cat/11938.jpg,cat
Cat/1194.jpg,cat
Cat/11940.jpg,cat
Cat/11941.jpg,cat
Cat/11943.jpg,cat
Cat/11944.jpg,cat
Cat/11945.jpg,cat
Cat/11946.jpg,cat
Cat/11947.jpg,cat
Cat/11948.jpg,cat
Cat/11949.jpg,cat
Cat/1195.jpg,cat
Cat/11951.jpg,cat
Cat/11952.jpg,cat
Cat/11953.jpg,cat
Cat/11954.jpg,cat
Cat/11955.jpg,cat
Cat/11956.jpg,cat
Cat/11957.jpg,cat
Cat/11958.jpg,cat
Cat/11959.jpg,cat
Cat/1196.jpg,cat
Cat/11960.jpg,cat
Cat/11963.jpg,cat
Cat/11964.jpg,cat
Cat/11965.jpg,cat
Cat/11966.jpg,cat
Cat/11967.jpg,cat
Cat/11968.jpg,cat
Cat/11969.jpg,cat
Cat/11970.jpg,cat
Cat/11972.jpg,cat
Cat/11976.jpg,cat
Cat/11977.jpg,cat
Cat/11979.jpg,cat
Cat/1198.jpg,cat
Cat/11980.jpg,cat
Cat/11981.jpg,cat
Cat/11982.jpg,cat
Cat/11983.jpg,cat
Cat/11984.jpg,cat
Cat/11986.jpg,cat
Cat/11987.jpg,cat
Cat/11988.jpg,cat
Cat/11989.jpg,cat
Cat/1199.jpg,cat
Cat/11990.jpg,cat
Cat/11991.jpg,cat
Cat/11992.jpg,cat
Cat/11993.jpg,cat
Cat/11995.jpg,cat
Cat/11996.jpg,cat
Cat/11997.jpg,cat
Cat/11998.jpg,cat
Cat/12.jpg,cat
Cat/1200.jpg,cat
Cat/12000.jpg,cat
Cat/12001.jpg,cat
Cat/12002.jpg,cat
Cat/12003.jpg,cat
Cat/12004.jpg,cat
Cat/12006.jpg,cat
Cat/12007.jpg,cat
Cat/12008.jpg,cat
Cat/12009.jpg,cat
Cat/1201.jpg,cat
Cat/12011.jpg,cat
Cat/12012.jpg,cat
Cat/12013.jpg,cat
Cat/12014.jpg,cat
Cat/12015.jpg,cat
Cat/12016.jpg,cat
Cat/12017.jpg,cat
Cat/12018.jpg,cat
Cat/1202.jpg,cat
Cat/12020.jpg,cat
Cat/12021.jpg,cat
Cat/12022.jpg,cat
Cat/12023.jpg,cat
Cat/12024.jpg,cat
Cat/12025.jpg,cat
Cat/12026.jpg,cat
Cat/12027.jpg,cat
Cat/12029.jpg,cat
Cat/1203.jpg,cat
Cat/12030.jpg,cat
Cat/12033.jpg,cat
Cat/12034.jpg,cat
Cat/12036.jpg,cat
Cat/12037.jpg,cat
Cat/12038.jpg,cat
Cat/12039.jpg,cat
Cat/12040.jpg,cat
Cat/12041.jpg,cat
Cat/12043.jpg,cat
Cat/12044.jpg,cat
Cat/12048.jpg,cat
Cat/12049.jpg,cat
Cat/1205.jpg,cat
Cat/12050.jpg,cat
Cat/12051.jpg,cat
Cat/12052.jpg,cat
Cat/12053.jpg,cat
Cat/12054.jpg,cat
Cat/12057.jpg,cat
Cat/12058.jpg,cat
Cat/12059.jpg,cat
Cat/1206.jpg,cat
Cat/12060.jpg,cat
Cat/12061.jpg,cat
Cat/12062.jpg,cat
Cat/12063.jpg,cat
Cat/12064.jpg,cat
Cat/12065.jpg,cat
Cat/12066.jpg,cat
Cat/12067.jpg,cat
Cat/12068.jpg,cat
Cat/1207.jpg,cat
Cat/12070.jpg,cat
Cat/12071.jpg,cat
Cat/12072.jpg,cat
Cat/12073.jpg,cat
Cat/12074.jpg,cat
Cat/12076.jpg,cat
Cat/12077.jpg,cat
Cat/12078.jpg,cat
Cat/1208.jpg,cat
Cat/12081.jpg,cat
Cat/12083.jpg,cat
Cat/12084.jpg,cat
Cat/12085.jpg,cat
Cat/12087.jpg,cat
Cat/12088.jpg,cat
Cat/12089.jpg,cat
Cat/1209.jpg,cat
Cat/12091.jpg,cat
Cat/12092.jpg,cat
Cat/12093.jpg,cat
Cat/12094.jpg,cat
Cat/12096.jpg,cat
Cat/12097.jpg,cat
Cat/121.jpg,cat
Cat/1210.jpg,cat
Cat/12100.jpg,cat
Cat/12102.jpg,cat
Cat/12103.jpg,cat
Cat/12104.jpg,cat
Cat/12105.jpg,cat
Cat/12106.jpg,cat
Cat/12107.jpg,cat
Cat/12108.jpg,cat
Cat/12109.jpg,cat
Cat/1211.jpg,cat
Cat/12110.jpg,cat
Cat/12111.jpg,cat
Cat/12113.jpg,cat
Cat/12114.jpg,cat
Cat/12115.jpg,cat
Cat/12117.jpg,cat
Cat/12119.jpg,cat
Cat/1212.jpg,cat
Cat/12120.jpg,cat
Cat/12121.jpg,cat
Cat/12122.jpg,cat
Cat/12123.jpg,cat
Cat/12125.jpg,cat
Cat/12126.jpg,cat
Cat/12127.jpg,cat
Cat/1213.jpg,cat
Cat/12130.jpg,cat
Cat/12131.jpg,cat
Cat/12132.jpg,cat
Cat/12133.jpg,cat
Cat/12134.jpg,cat
Cat/12135.jpg,cat
Cat/12136.jpg,cat
Cat/12137.jpg,cat
Cat/12138.jpg,cat
Cat/12139.jpg,cat
Cat/1214.jpg,cat
Cat/12140.jpg,cat
Cat/12142.jpg,cat
Cat/12143.jpg,cat
Cat/12145.jpg,cat
Cat/12146.jpg,cat
Cat/12147.jpg,cat
Cat/12148.jpg,cat
Cat/12149.jpg,cat
Cat/1215.jpg,cat
Cat/12151.jpg,cat
Cat/12152.jpg,cat
Cat/12153.jpg,cat
Cat/12154.jpg,cat
Cat/12155.jpg,cat
Cat/12156.jpg,cat
Cat/12158.jpg,cat
Cat/12159.jpg,cat
Cat/1216.jpg,cat
Cat/12161.jpg,cat
Cat/12162.jpg,cat
Cat/12163.jpg,cat
Cat/12164.jpg,cat
Cat/12165.jpg,cat
Cat/12166.jpg,cat
Cat/12168.jpg,cat
Cat/12169.jpg,cat
Cat/1217.jpg,cat
Cat/12170.jpg,cat
Cat/12172.jpg,cat
Cat/12175.jpg,cat
Cat/12176.jpg,cat
Cat/12177.jpg,cat
Cat/12178.jpg,cat
Cat/12179.jpg,cat
Cat/1218.jpg,cat
Cat/12180.jpg,cat
Cat/12181.jpg,cat
Cat/12183.jpg,cat
Cat/12184.jpg,cat
Cat/12185.jpg,cat
Cat/12186.jpg,cat
Cat/12187.jpg,cat
Cat/12188.jpg,cat
Cat/12189.jpg,cat
Cat/1219.jpg,cat
Cat/12190.jpg,cat
Cat/12191.jpg,cat
Cat/12192.jpg,cat
Cat/12193.jpg,cat
Cat/12195.jpg,cat
Cat/12197.jpg,cat
Cat/12198.jpg,cat
Cat/12199.jpg,cat
Cat/122.jpg,cat
Cat/1220.jpg,cat
Cat/12201.jpg,cat
Cat/12202.jpg,cat
Cat/12204.jpg,cat
Cat/12205.jpg,cat
Cat/12206.jpg,cat
Cat/12207.jpg,cat
Cat/12208.jpg,cat
Cat/1221.jpg,cat
Cat/12210.jpg,cat
Cat/12211.jpg,cat
Cat/12212.jpg,cat
Cat/12213.jpg,cat
Cat/12214.jpg,cat
Cat/12215.jpg,cat
Cat/12216.jpg,cat
Cat/12217.jpg,cat
Cat/12218.jpg,cat
Cat/12219.jpg,cat
Cat/1222.jpg,cat
Cat/12220.jpg,cat
Cat/12221.jpg,cat
Cat/12222.jpg,cat
Cat/12223.jpg,cat
Cat/12224.jpg,cat
Cat/12225.jpg,cat
Cat/12226.jpg,cat
Cat/12227.jpg,cat
Cat/12228.jpg,cat
Cat/12229.jpg,cat
Cat/12230.jpg,cat
Cat/12231.jpg,cat
Cat/12232.jpg,cat
Cat/12233.jpg,cat
Cat/12235.jpg,cat
Cat/12237.jpg,cat
Cat/12238.jpg,cat
Cat/12239.jpg,cat
Cat/1224.jpg,cat
Cat/12240.jpg,cat
Cat/12242.jpg,cat
Cat/12243.jpg,cat
Cat/12244.jpg,cat
Cat/12245.jpg,cat
Cat/12246.jpg,cat
Cat/12247.jpg,cat
Cat/12248.jpg,cat
Cat/12249.jpg,cat
Cat/12250.jpg,cat
Cat/12252.jpg,cat
Cat/12253.jpg,cat
Cat/12254.jpg,cat
Cat/12255.jpg,cat
Cat/12256.jpg,cat
Cat/12257.jpg,cat
Cat/12258.jpg,cat
Cat/1226.jpg,cat
Cat/12260.jpg,cat
Cat/12261.jpg,cat
Cat/12262.jpg,cat
Cat/12263.jpg,cat
Cat/12264.jpg,cat
Cat/12265.jpg,cat
Cat/12267.jpg,cat
Cat/12268.jpg,cat
Cat/12269.jpg,cat
Cat/1227.jpg,cat
Cat/12270.jpg,cat
Cat/12271.jpg,cat
Cat/12272.jpg,cat
Cat/12273.jpg,cat
Cat/12274.jpg,cat
Cat/12275.jpg,cat
Cat/12276.jpg,cat
Cat/12277.jpg,cat
Cat/12278.jpg,cat
Cat/1228.jpg,cat
Cat/12280.jpg,cat
Cat/12281.jpg,cat
Cat/12282.jpg,cat
Cat/12283.jpg,cat
Cat/12285.jpg,cat
Cat/12286.jpg,cat
Cat/12287.jpg,cat
Cat/12289.jpg,cat
Cat/1229.jpg,cat
Cat/12290.jpg,cat
Cat/12291.jpg,cat
Cat/12292.jpg,cat
Cat/12293.jpg,cat
Cat/12294.jpg,cat
Cat/12296.jpg,cat
Cat/12297.jpg,cat
Cat/12298.jpg,cat
Cat/12299.jpg,cat
Cat/123.jpg,cat
Cat/1230.jpg,cat
Cat/12301.jpg,cat
Cat/12302.jpg,cat
Cat/12303.jpg,cat
Cat/12304.jpg,cat
Cat/12305.jpg,cat
Cat/12307.jpg,cat
Cat/12308.jpg,cat
Cat/1231.jpg,cat
Cat/12310.jpg,cat
Cat/12311.jpg,cat
Cat/12314.jpg,cat
Cat/12315.jpg,cat
Cat/12316.jpg,cat
Cat/12317.jpg,cat
Cat/12318.jpg,cat
Cat/12319.jpg,cat
Cat/1232.jpg,cat
Cat/12321.jpg,cat
Cat/12322.jpg,cat
Cat/12323.jpg,cat
Cat/12324.jpg,cat
Cat/12325.jpg,cat
Cat/12326.jpg,cat
Cat/12327.jpg,cat
Cat/12328.jpg,cat
Cat/12329.jpg,cat
Cat/1233.jpg,cat
Cat/12330.jpg,cat
Cat/12331.jpg,cat
Cat/12332.jpg,cat
Cat/12333.jpg,cat
Cat/12334.jpg,cat
Cat/12336.jpg,cat
Cat/12338.jpg,cat
Cat/12339.jpg,cat
Cat/1234.jpg,cat
Cat/12340.jpg,cat
Cat/12341.jpg,cat
Cat/12342.jpg,cat
Cat/12343.jpg,cat
Cat/12344.jpg,cat
Cat/12345.jpg,cat
Cat/12347.jpg,cat
Cat/1235.jpg,cat
Cat/12350.jpg,cat
Cat/12351.jpg,cat
Cat/12352.jpg,cat
Cat/12354.jpg,cat
Cat/12355.jpg,cat
Cat/12356.jpg,cat
Cat/12358.jpg,cat
Cat/1236.jpg,cat
Cat/12363.jpg,cat
Cat/12365.jpg,cat
Cat/12366.jpg,cat
Cat/12369.jpg,cat
Cat/12370.jpg,cat
Cat/12371.jpg,cat
Cat/12372.jpg,cat
Cat/12374.jpg,cat
Cat/12375.jpg,cat
Cat/12376.jpg,cat
Cat/12378.jpg,cat
Cat/12379.jpg,cat
Cat/1238.jpg,cat
Cat/12380.jpg,cat
Cat/12381.jpg,cat
Cat/12384.jpg,cat
Cat/12385.jpg,cat
Cat/12386.jpg,cat
Cat/12387.jpg,cat
Cat/12389.jpg,cat
Cat/12390.jpg,cat
Cat/12391.jpg,cat
Cat/12392.jpg,cat
Cat/12393.jpg,cat
Cat/12396.jpg,cat
Cat/12397.jpg,cat
Cat/12398.jpg,cat
Cat/12399.jpg,cat
Cat/124.jpg,cat
Cat/12400.jpg,cat
Cat/12401.jpg,cat
Cat/12404.jpg,cat
Cat/12405.jpg,cat
Cat/12406.jpg,cat
Cat/12407.jpg,cat
Cat/12409.jpg,cat
Cat/1241.jpg,cat
Cat/12411.jpg,cat
Cat/12412.jpg,cat
Cat/12415.jpg,cat
Cat/12417.jpg,cat
Cat/12418.jpg,cat
Cat/12419.jpg,cat
Cat/1242.jpg,cat
Cat/12420.jpg,cat
Cat/12421.jpg,cat
Cat/12424.jpg,cat
Cat/12425.jpg,cat
Cat/12426.jpg,cat
Cat/12427.jpg,cat
Cat/12428.jpg,cat
Cat/12431.jpg,cat
Cat/12432.jpg,cat
Cat/12433.jpg,cat
Cat/12434.jpg,cat
Cat/12435.jpg,cat
Cat/12436.jpg,cat
Cat/12437.jpg,cat
Cat/12438.jpg,cat
Cat/12439.jpg,cat
Cat/1244.jpg,cat
Cat/12440.jpg,cat
Cat/12441.jpg,cat
Cat/12443.jpg,cat
Cat/12445.jpg,cat
Cat/12446.jpg,cat
Cat/12447.jpg,cat
Cat/12448.jpg,cat
Cat/12449.jpg,cat
Cat/1245.jpg,cat
Cat/12450.jpg,cat
Cat/12451.jpg,cat
Cat/12453.jpg,cat
Cat/12454.jpg,cat
Cat/12455.jpg,cat
Cat/12456.jpg,cat
Cat/12457.jpg,cat
Cat/12459.jpg,cat
Cat/1246.jpg,cat
Cat/12461.jpg,cat
Cat/12462.jpg,cat
Cat/12463.jpg,cat
Cat/12467.jpg,cat
Cat/12468.jpg,cat
Cat/12469.jpg,cat
Cat/12471.jpg,cat
Cat/12472.jpg,cat
Cat/12473.jpg,cat
Cat/12474.jpg,cat
Cat/12475.jpg,cat
Cat/12476.jpg,cat
Cat/12477.jpg,cat
Cat/12478.jpg,cat
Cat/12479.jpg,cat
Cat/12480.jpg,cat
Cat/12481.jpg,cat
Cat/12482.jpg,cat
Cat/12484.jpg,cat
Cat/12485.jpg,cat
Cat/12487.jpg,cat
Cat/12488.jpg,cat
Cat/12492.jpg,cat
Cat/12494.jpg,cat
Cat/12496.jpg,cat
Cat/12497.jpg,cat
Cat/12498.jpg,cat
Cat/12499.jpg,cat
Cat/125.jpg,cat
Cat/1250.jpg,cat
Cat/1251.jpg,cat
Cat/1252.jpg,cat
Cat/1253.jpg,cat
Cat/1254.jpg,cat
Cat/1255.jpg,cat
Cat/1256.jpg,cat
Cat/1257.jpg,cat
Cat/1258.jpg,cat
Cat/1259.jpg,cat
Cat/1261.jpg,cat
Cat/1263.jpg,cat
Cat/1265.jpg,cat
Cat/1266.jpg,cat
Cat/1267.jpg,cat
Cat/1268.jpg,cat
Cat/1269.jpg,cat
Cat/127.jpg,cat
Cat/1270.jpg,cat
Cat/1271.jpg,cat
Cat/1272.jpg,cat
Cat/1274.jpg,cat
Cat/1277.jpg,cat
Cat/1278.jpg,cat
Cat/1281.jpg,cat
Cat/1282.jpg,cat
Cat/1283.jpg,cat
Cat/1284.jpg,cat
Cat/1287.jpg,cat
Cat/1288.jpg,cat
Cat/129.jpg,cat
Cat/1290.jpg,cat
Cat/1292.jpg,cat
Cat/1293.jpg,cat
Cat/1294.jpg,cat
Cat/1295.jpg,cat
Cat/1296.jpg,cat
Cat/1297.jpg,cat
Cat/1298.jpg,cat
Cat/1299.jpg,cat
Cat/13.jpg,cat
Cat/130.jpg,cat
Cat/1301.jpg,cat
Cat/1302.jpg,cat
Cat/1303.jpg,cat
Cat/1304.jpg,cat
Cat/1305.jpg,cat
Cat/1306.jpg,cat
Cat/1309.jpg,cat
Cat/131.jpg,cat
Cat/1310.jpg,cat
Cat/1311.jpg,cat
Cat/1312.jpg,cat
Cat/1313.jpg,cat
Cat/1315.jpg,cat
Cat/1318.jpg,cat
Cat/1320.jpg,cat
Cat/1321.jpg,cat
Cat/1322.jpg,cat
Cat/1324.jpg,cat
Cat/1325.jpg,cat
Cat/1326.jpg,cat
Cat/1327.jpg,cat
Cat/1328.jpg,cat
Cat/1330.jpg,cat
Cat/1331.jpg,cat
Cat/1332.jpg,cat
Cat/1333.jpg,cat
Cat/1334.jpg,cat
Cat/1335.jpg,cat
Cat/1336.jpg,cat
Cat/1337.jpg,cat
Cat/1338.jpg,cat
Cat/1339.jpg,cat
Cat/134.jpg,cat
Cat/1341.jpg,cat
Cat/1342.jpg,cat
Cat/1344.jpg,cat
Cat/1346.jpg,cat
Cat/1347.jpg,cat
Cat/1348.jpg,cat
Cat/1349.jpg,cat
Cat/135.jpg,cat
Cat/1350.jpg,cat
Cat/1351.jpg,cat
Cat/1352.jpg,cat
Cat/1353.jpg,cat
Cat/1355.jpg,cat
Cat/1356.jpg,cat
Cat/1358.jpg,cat
Cat/1359.jpg,cat
Cat/136.jpg,cat
Cat/1360.jpg,cat
Cat/1361.jpg,cat
Cat/1363.jpg,cat
Cat/1365.jpg,cat
Cat/1366.jpg,cat
Cat/1367.jpg,cat
Cat/1368.jpg,cat
Cat/1369.jpg,cat
Cat/137.jpg,cat
Cat/1370.jpg,cat
Cat/1371.jpg,cat
Cat/1372.jpg,cat
Cat/1373.jpg,cat
Cat/1374.jpg,cat
Cat/1375.jpg,cat
Cat/1377.jpg,cat
Cat/1378.jpg,cat
Cat/138.jpg,cat
Cat/1380.jpg,cat
Cat/1382.jpg,cat
Cat/1383.jpg,cat
Cat/1384.jpg,cat
Cat/1386.jpg,cat
Cat/1387.jpg,cat
Cat/1388.jpg,cat
Cat/1389.jpg,cat
Cat/1391.jpg,cat
Cat/1392.jpg,cat
Cat/1393.jpg,cat
Cat/1394.jpg,cat
Cat/1396.jpg,cat
Cat/1397.jpg,cat
Cat/1398.jpg,cat
Cat/1399.jpg,cat
Cat/14.jpg,cat
Cat/140.jpg,cat
Cat/1400.jpg,cat
Cat/1401.jpg,cat
Cat/1402.jpg,cat
Cat/1403.jpg,cat
Cat/1405.jpg,cat
Cat/1406.jpg,cat
Cat/1407.jpg,cat
Cat/1408.jpg,cat
Cat/1409.jpg,cat
Cat/141.jpg,cat
Cat/1412.jpg,cat
Cat/1413.jpg,cat
Cat/1414.jpg,cat
Cat/1416.jpg,cat
Cat/1417.jpg,cat
Cat/142.jpg,cat
Cat/1421.jpg,cat
Cat/1423.jpg,cat
Cat/1424.jpg,cat
Cat/1425.jpg,cat
Cat/1426.jpg,cat
Cat/1427.jpg,cat
Cat/1428.jpg,cat
Cat/1429.jpg,cat
Cat/143.jpg,cat
Cat/1430.jpg,cat
Cat/1431.jpg,cat
Cat/1432.jpg,cat
Cat/1434.jpg,cat
Cat/1435.jpg,cat
Cat/1436.jpg,cat
Cat/1438.jpg,cat
Cat/1439.jpg,cat
Cat/144.jpg,cat
Cat/1440.jpg,cat
Cat/1441.jpg,cat
Cat/1442.jpg,cat
Cat/1446.jpg,cat
Cat/1448.jpg,cat
Cat/1449.jpg,cat
Cat/145.jpg,cat
Cat/1450.jpg,cat
Cat/1452.jpg,cat
Cat/1454.jpg,cat
Cat/1455.jpg,cat
Cat/1456.jpg,cat
Cat/1457.jpg,cat
Cat/1458.jpg,cat
Cat/1459.jpg,cat
Cat/146.jpg,cat
Cat/1460.jpg,cat
Cat/1461.jpg,cat
Cat/1462.jpg,cat
Cat/1463.jpg,cat
Cat/1465.jpg,cat
Cat/1466.jpg,cat
Cat/1469.jpg,cat
Cat/147.jpg,cat
Cat/1471.jpg,cat
Cat/1472.jpg,cat
Cat/1473.jpg,cat
Cat/1475.jpg,cat
Cat/1476.jpg,cat
Cat/1477.jpg,cat
Cat/1478.jpg,cat
Cat/1479.jpg,cat
Cat/148.jpg,cat
Cat/1480.jpg,cat
Cat/1481.jpg,cat
Cat/1482.jpg,cat
Cat/1483.jpg,cat
Cat/1484.jpg,cat
Cat/1485.jpg,cat
Cat/1486.jpg,cat
Cat/1487.jpg,cat
Cat/1488.jpg,cat
Cat/1489.jpg,cat
Cat/149.jpg,cat
Cat/1490.jpg,cat
Cat/1491.jpg,cat
Cat/1492.jpg,cat
Cat/1493.jpg,cat
Cat/1495.jpg,cat
Cat/1498.jpg,cat
Cat/1499.jpg,cat
Cat/15.jpg,cat
Cat/150.jpg,cat
Cat/1500.jpg,cat
Cat/1501.jpg,cat
Cat/1502.jpg,cat
Cat/1503.jpg,cat
Cat/1504.jpg,cat
Cat/1505.jpg,cat
Cat/1506.jpg,cat
Cat/1507.jpg,cat
Cat/1509.jpg,cat
Cat/151.jpg,cat
Cat/1510.jpg,cat
Cat/1511.jpg,cat
Cat/1512.jpg,cat
Cat/1514.jpg,cat
Cat/1517.jpg,cat
Cat/1518.jpg,cat
Cat/1519.jpg,cat
Cat/152.jpg,cat
Cat/1520.jpg,cat
Cat/1521.jpg,cat
Cat/1522.jpg,cat
Cat/1523.jpg,cat
Cat/1525.jpg,cat
Cat/1526.jpg,cat
Cat/1528.jpg,cat
Cat/1529.jpg,cat
Cat/153.jpg,cat
Cat/1531.jpg,cat
Cat/1532.jpg,cat
Cat/1533.jpg,cat
Cat/1534.jpg,cat
Cat/1535.jpg,cat
Cat/1536.jpg,cat
Cat/1537.jpg,cat
Cat/1538.jpg,cat
Cat/1539.jpg,cat
Cat/154.jpg,cat
Cat/1540.jpg,cat
Cat/1541.jpg,cat
Cat/1542.jpg,cat
Cat/1543.jpg,cat
Cat/1544.jpg,cat
Cat/1545.jpg,cat
Cat/1546.jpg,cat
Cat/1547.jpg,cat
Cat/1548.jpg,cat
Cat/1549.jpg,cat
Cat/155.jpg,cat
Cat/1550.jpg,cat
Cat/1551.jpg,cat
Cat/1552.jpg,cat
Cat/1553.jpg,cat
Cat/1554.jpg,cat
Cat/1556.jpg,cat
Cat/1557.jpg,cat
Cat/1558.jpg,cat
Cat/1559.jpg,cat
Cat/156.jpg,cat
Cat/1560.jpg,cat
Cat/1561.jpg,cat
Cat/1562.jpg,cat
Cat/1563.jpg,cat
Cat/1565.jpg,cat
Cat/1566.jpg,cat
Cat/1567.jpg,cat
Cat/1568.jpg,cat
Cat/1569.jpg,cat
Cat/157.jpg,cat
Cat/1570.jpg,cat
Cat/1571.jpg,cat
Cat/1572.jpg,cat
Cat/1573.jpg,cat
Cat/1574.jpg,cat
Cat/1575.jpg,cat
Cat/1577.jpg,cat
Cat/1578.jpg,cat
Cat/1579.jpg,cat
Cat/1580.jpg,cat
Cat/1581.jpg,cat
Cat/1582.jpg,cat
Cat/1583.jpg,cat
Cat/1584.jpg,cat
Cat/1585.jpg,cat
Cat/1586.jpg,cat
Cat/1587.jpg,cat
Cat/1589.jpg,cat
Cat/159.jpg,cat
Cat/1590.jpg,cat
Cat/1591.jpg,cat
Cat/1592.jpg,cat
Cat/1593.jpg,cat
Cat/1594.jpg,cat
Cat/1596.jpg,cat
Cat/1598.jpg,cat
Cat/16.jpg,cat
Cat/160.jpg,cat
Cat/1600.jpg,cat
Cat/1601.jpg,cat
Cat/1602.jpg,cat
Cat/1603.jpg,cat
Cat/1604.jpg,cat
Cat/1605.jpg,cat
Cat/1607.jpg,cat
Cat/1608.jpg,cat
Cat/161.jpg,cat
Cat/1610.jpg,cat
Cat/1611.jpg,cat
Cat/1612.jpg,cat
Cat/1614.jpg,cat
Cat/1616.jpg,cat
Cat/1617.jpg,cat
Cat/1618.jpg,cat
Cat/1619.jpg,cat
Cat/1620.jpg,cat
Cat/1621.jpg,cat
Cat/1622.jpg,cat
Cat/1623.jpg,cat
Cat/1624.jpg,cat
Cat/1625.jpg,cat
Cat/1626.jpg,cat
Cat/1627.jpg,cat
Cat/1628.jpg,cat
Cat/1629.jpg,cat
Cat/163.jpg,cat
Cat/1632.jpg,cat
Cat/1633.jpg,cat
Cat/1634.jpg,cat
Cat/1636.jpg,cat
Cat/1637.jpg,cat
Cat/1638.jpg,cat
Cat/164.jpg,cat
Cat/1640.jpg,cat
Cat/1641.jpg,cat
Cat/1642.jpg,cat
Cat/1644.jpg,cat
Cat/1645.jpg,cat
Cat/1646.jpg,cat
Cat/1647.jpg,cat
Cat/1648.jpg,cat
Cat/1649.jpg,cat
Cat/1650.jpg,cat
Cat/1651.jpg,cat
Cat/1652.jpg,cat
Cat/1653.jpg,cat
Cat/1654.jpg,cat
Cat/1656.jpg,cat
Cat/1657.jpg,cat
Cat/1658.jpg,cat
Cat/1659.jpg,cat
Cat/166.jpg,cat
Cat/1660.jpg,cat
Cat/1661.jpg,cat
Cat/1663.jpg,cat
Cat/1666.jpg,cat
Cat/1667.jpg,cat
Cat/1668.jpg,cat
Cat/1669.jpg,cat
Cat/167.jpg,cat
Cat/1671.jpg,cat
Cat/1672.jpg,cat
Cat/1674.jpg,cat
Cat/1675.jpg,cat
Cat/1676.jpg,cat
Cat/1678.jpg,cat
Cat/1679.jpg,cat
Cat/168.jpg,cat
Cat/1681.jpg,cat
Cat/1682.jpg,cat
Cat/1683.jpg,cat
Cat/1684.jpg,cat
Cat/1685.jpg,cat
Cat/1686.jpg,cat
Cat/1688.jpg,cat
Cat/1689.jpg,cat
Cat/169.jpg,cat
Cat/1691.jpg,cat
Cat/1692.jpg,cat
Cat/1693.jpg,cat
Cat/1694.jpg,cat
Cat/1695.jpg,cat
Cat/1696.jpg,cat
Cat/1697.jpg,cat
Cat/1698.jpg,cat
Cat/1699.jpg,cat
Cat/1700.jpg,cat
Cat/1702.jpg,cat
Cat/1703.jpg,cat
Cat/1705.jpg,cat
Cat/1706.jpg,cat
Cat/1707.jpg,cat
Cat/1709.jpg,cat
Cat/171.jpg,cat
Cat/1710.jpg,cat
Cat/1711.jpg,cat
Cat/1712.jpg,cat
Cat/1713.jpg,cat
Cat/1714.jpg,cat
Cat/1715.jpg,cat
Cat/1716.jpg,cat
Cat/1717.jpg,cat
Cat/1718.jpg,cat
Cat/1719.jpg,cat
Cat/172.jpg,cat
Cat/1720.jpg,cat
Cat/1721.jpg,cat
Cat/1722.jpg,cat
Cat/1723.jpg,cat
Cat/1724.jpg,cat
Cat/1725.jpg,cat
Cat/1728.jpg,cat
Cat/173.jpg,cat
Cat/1730.jpg,cat
Cat/1731.jpg,cat
Cat/1732.jpg,cat
Cat/1733.jpg,cat
Cat/1734.jpg,cat
Cat/1735.jpg,cat
Cat/1737.jpg,cat
Cat/1738.jpg,cat
Cat/1739.jpg,cat
Cat/174.jpg,cat
Cat/1740.jpg,cat
Cat/1741.jpg,cat
Cat/1742.jpg,cat
Cat/1743.jpg,cat
Cat/1744.jpg,cat
Cat/1745.jpg,cat
Cat/1746.jpg,cat
Cat/1748.jpg,cat
Cat/1749.jpg,cat
Cat/175.jpg,cat
Cat/1751.jpg,cat
Cat/1752.jpg,cat
Cat/1753.jpg,cat
Cat/1754.jpg,cat
Cat/1755.jpg,cat
Cat/1756.jpg,cat
Cat/1757.jpg,cat
Cat/1758.jpg,cat
Cat/1759.jpg,cat
Cat/176.jpg,cat
Cat/1761.jpg,cat
Cat/1762.jpg,cat
Cat/1763.jpg,cat
Cat/1765.jpg,cat
Cat/1766.jpg,cat
Cat/1767.jpg,cat
Cat/1768.jpg,cat
Cat/1769.jpg,cat
Cat/177.jpg,cat
Cat/1770.jpg,cat
Cat/1773.jpg,cat
Cat/1774.jpg,cat
Cat/1776.jpg,cat
Cat/1777.jpg,cat
Cat/1778.jpg,cat
Cat/1779.jpg,cat
Cat/178.jpg,cat
Cat/1780.jpg,cat
Cat/1781.jpg,cat
Cat/1782.jpg,cat
Cat/1783.jpg,cat
Cat/1784.jpg,cat
Cat/1785.jpg,cat
Cat/1786.jpg,cat
Cat/1787.jpg,cat
Cat/1788.jpg,cat
Cat/1789.jpg,cat
Cat/179.jpg,cat
Cat/1790.jpg,cat
Cat/1791.jpg,cat
Cat/1792.jpg,cat
Cat/1794.jpg,cat
Cat/1795.jpg,cat
Cat/1796.jpg,cat
Cat/1797.jpg,cat
Cat/1798.jpg,cat
Cat/1799.jpg,cat
Cat/18.jpg,cat
Cat/180.jpg,cat
Cat/1803.jpg,cat
Cat/1804.jpg,cat
Cat/1805.jpg,cat
Cat/1806.jpg,cat
Cat/1807.jpg,cat
Cat/1808.jpg,cat
Cat/1809.jpg,cat
Cat/181.jpg,cat
Cat/1812.jpg,cat
Cat/1813.jpg,cat
Cat/1815.jpg,cat
Cat/1816.jpg,cat
Cat/1818.jpg,cat
Cat/1819.jpg,cat
Cat/182.jpg,cat
Cat/1820.jpg,cat
Cat/1821.jpg,cat
Cat/1823.jpg,cat
Cat/1824.jpg,cat
Cat/1825.jpg,cat
Cat/1828.jpg,cat
Cat/183.jpg,cat
Cat/1830.jpg,cat
Cat/1833.jpg,cat
Cat/1835.jpg,cat
Cat/1836.jpg,cat
Cat/1838.jpg,cat
Cat/1839.jpg,cat
Cat/184.jpg,cat
Cat/1840.jpg,cat
Cat/1841.jpg,cat
Cat/1842.jpg,cat
Cat/1844.jpg,cat
Cat/1845.jpg,cat
Cat/1846.jpg,cat
Cat/1847.jpg,cat
Cat/1848.jpg,cat
Cat/1849.jpg,cat
Cat/185.jpg,cat
Cat/1850.jpg,cat
Cat/1851.jpg,cat
Cat/1852.jpg,cat
Cat/1853.jpg,cat
Cat/1854.jpg,cat
Cat/1855.jpg,cat
Cat/1856.jpg,cat
Cat/1857.jpg,cat
Cat/1858.jpg,cat
Cat/1859.jpg,cat
Cat/186.jpg,cat
Cat/1860.jpg,cat
Cat/1861.jpg,cat
Cat/1863.jpg,cat
Cat/1864.jpg,cat
Cat/1865.jpg,cat
Cat/1866.jpg,cat
Cat/1867.jpg,cat
Cat/1868.jpg,cat
Cat/1869.jpg,cat
Cat/187.jpg,cat
Cat/1871.jpg,cat
Cat/1872.jpg,cat
Cat/1874.jpg,cat
Cat/1876.jpg,cat
Cat/1877.jpg,cat
Cat/1878.jpg,cat
Cat/188.jpg,cat
Cat/1880.jpg,cat
Cat/1881.jpg,cat
Cat/1882.jpg,cat
Cat/1883.jpg,cat
Cat/1884.jpg,cat
Cat/1885.jpg,cat
Cat/1886.jpg,cat
Cat/1887.jpg,cat
Cat/1888.jpg,cat
Cat/1889.jpg,cat
Cat/189.jpg,cat
Cat/1890.jpg,cat
Cat/1891.jpg,cat
Cat/1892.jpg,cat
Cat/1893.jpg,cat
Cat/1894.jpg,cat
Cat/1895.jpg,cat
Cat/1896.jpg,cat
Cat/1898.jpg,cat
Cat/1899.jpg,cat
Cat/19.jpg,cat
Cat/1900.jpg,cat
Cat/1901.jpg,cat
Cat/1902.jpg,cat
Cat/1903.jpg,cat
Cat/1906.jpg,cat
Cat/1907.jpg,cat
Cat/1908.jpg,cat
Cat/1909.jpg,cat
Cat/191.jpg,cat
Cat/1910.jpg,cat
Cat/1911.jpg,cat
Cat/1912.jpg,cat
Cat/1913.jpg,cat
Cat/1914.jpg,cat
Cat/1915.jpg,cat
Cat/1916.jpg,cat
Cat/1917.jpg,cat
Cat/1918.jpg,cat
Cat/1919.jpg,cat
Cat/192.jpg,cat
Cat/1920.jpg,cat
Cat/1921.jpg,cat
Cat/1922.jpg,cat
Cat/1923.jpg,cat
Cat/1925.jpg,cat
Cat/1926.jpg,cat
Cat/1927.jpg,cat
Cat/1929.jpg,cat
Cat/193.jpg,cat
Cat/1932.jpg,cat
Cat/1934.jpg,cat
Cat/1935.jpg,cat
Cat/1936.jpg,cat
Cat/1937.jpg,cat
Cat/1938.jpg,cat
Cat/194.jpg,cat
Cat/1940.jpg,cat
Cat/1943.jpg,cat
Cat/1946.jpg,cat
Cat/1947.jpg,cat
Cat/1948.jpg,cat
Cat/1949.jpg,cat
Cat/1950.jpg,cat
Cat/1951.jpg,cat
Cat/1952.jpg,cat
Cat/1953.jpg,cat
Cat/1954.jpg,cat
Cat/1957.jpg,cat
Cat/1958.jpg,cat
Cat/196.jpg,cat
Cat/1960.jpg,cat
Cat/1963.jpg,cat
Cat/1964.jpg,cat
Cat/1965.jpg,cat
Cat/1966.jpg,cat
Cat/1967.jpg,cat
Cat/1969.jpg,cat
Cat/1970.jpg,cat
Cat/1971.jpg,cat
Cat/1972.jpg,cat
Cat/1973.jpg,cat
Cat/1974.jpg,cat
Cat/1975.jpg,cat
Cat/1976.jpg,cat
Cat/1977.jpg,cat
Cat/1979.jpg,cat
Cat/198.jpg,cat
Cat/1980.jpg,cat
Cat/1981.jpg,cat
Cat/1982.jpg,cat
Cat/1983.jpg,cat
Cat/1984.jpg,cat
Cat/1985.jpg,cat
Cat/1986.jpg,cat
Cat/1987.jpg,cat
Cat/1988.jpg,cat
Cat/1989.jpg,cat
Cat/199.jpg,cat
Cat/1990.jpg,cat
Cat/1991.jpg,cat
Cat/1992.jpg,cat
Cat/1993.jpg,cat
Cat/1994.jpg,cat
Cat/1995.jpg,cat
Cat/1996.jpg,cat
Cat/1998.jpg,cat
Cat/1999.jpg,cat
Cat/200.jpg,cat
Cat/2000.jpg,cat
Cat/2001.jpg,cat
Cat/2002.jpg,cat
Cat/2004.jpg,cat
Cat/2005.jpg,cat
Cat/2006.jpg,cat
Cat/2007.jpg,cat
Cat/2008.jpg,cat
Cat/2010.jpg,cat
Cat/2013.jpg,cat
Cat/2014.jpg,cat
Cat/2015.jpg,cat
Cat/2016.jpg,cat
Cat/2017.jpg,cat
Cat/2018.jpg,cat
Cat/2019.jpg,cat
Cat/202.jpg,cat
Cat/2020.jpg,cat
Cat/2021.jpg,cat
Cat/2022.jpg,cat
Cat/2024.jpg,cat
Cat/2025.jpg,cat
Cat/2026.jpg,cat
Cat/2027.jpg,cat
Cat/2028.jpg,cat
Cat/203.jpg,cat
Cat/2031.jpg,cat
Cat/2032.jpg,cat
Cat/2035.jpg,cat
Cat/2036.jpg,cat
Cat/2037.jpg,cat
Cat/2039.jpg,cat
Cat/204.jpg,cat
Cat/2040.jpg,cat
Cat/2042.jpg,cat
Cat/2043.jpg,cat
Cat/2044.jpg,cat
Cat/2045.jpg,cat
Cat/2046.jpg,cat
Cat/2047.jpg,cat
Cat/2048.jpg,cat
Cat/2049.jpg,cat
Cat/205.jpg,cat
Cat/2050.jpg,cat
Cat/2051.jpg,cat
Cat/2052.jpg,cat
Cat/2053.jpg,cat
Cat/2057.jpg,cat
Cat/2058.jpg,cat
Cat/2059.jpg,cat
Cat/206.jpg,cat
Cat/2060.jpg,cat
Cat/2061.jpg,cat
Cat/2062.jpg,cat
Cat/2064.jpg,cat
Cat/2065.jpg,cat
Cat/2066.jpg,cat
Cat/2067.jpg,cat
Cat/2068.jpg,cat
Cat/2069.jpg,cat
Cat/207.jpg,cat
Cat/2070.jpg,cat
Cat/2071.jpg,cat
Cat/2072.jpg,cat
Cat/2073.jpg,cat
Cat/2074.jpg,cat
Cat/2075.jpg,cat
Cat/2076.jpg,cat
Cat/2077.jpg,cat
Cat/2078.jpg,cat
Cat/2079.jpg,cat
Cat/2081.jpg,cat
Cat/2084.jpg,cat
Cat/2085.jpg,cat
Cat/2086.jpg,cat
Cat/2087.jpg,cat
Cat/2088.jpg,cat
Cat/2089.jpg,cat
Cat/209.jpg,cat
Cat/2090.jpg,cat
Cat/2092.jpg,cat
Cat/2093.jpg,cat
Cat/2094.jpg,cat
Cat/2095.jpg,cat
Cat/2096.jpg,cat
Cat/2097.jpg,cat
Cat/2098.jpg,cat
Cat/2099.jpg,cat
Cat/21.jpg,cat
Cat/2100.jpg,cat
Cat/2102.jpg,cat
Cat/2103.jpg,cat
Cat/2105.jpg,cat
Cat/2106.jpg,cat
Cat/2107.jpg,cat
Cat/211.jpg,cat
Cat/2110.jpg,cat
Cat/2113.jpg,cat
Cat/2114.jpg,cat
Cat/2116.jpg,cat
Cat/2117.jpg,cat
Cat/2118.jpg,cat
Cat/2119.jpg,cat
Cat/212.jpg,cat
Cat/2121.jpg,cat
Cat/2122.jpg,cat
Cat/2123.jpg,cat
Cat/2124.jpg,cat
Cat/2125.jpg,cat
Cat/2127.jpg,cat
Cat/2128.jpg,cat
Cat/2129.jpg,cat
Cat/213.jpg,cat
Cat/2130.jpg,cat
Cat/2131.jpg,cat
Cat/2132.jpg,cat
Cat/2134.jpg,cat
Cat/2135.jpg,cat
Cat/2138.jpg,cat
Cat/2139.jpg,cat
Cat/214.jpg,cat
Cat/2140.jpg,cat
Cat/2142.jpg,cat
Cat/2143.jpg,cat
Cat/2144.jpg,cat
Cat/2145.jpg,cat
Cat/2147.jpg,cat
Cat/2148.jpg,cat
Cat/2149.jpg,cat
Cat/215.jpg,cat
Cat/2151.jpg,cat
Cat/2152.jpg,cat
Cat/2153.jpg,cat
Cat/2154.jpg,cat
Cat/2155.jpg,cat
Cat/2156.jpg,cat
Cat/2157.jpg,cat
Cat/2158.jpg,cat
Cat/216.jpg,cat
Cat/2160.jpg,cat
Cat/2161.jpg,cat
Cat/2162.jpg,cat
Cat/2163.jpg,cat
Cat/2164.jpg,cat
Cat/2165.jpg,cat
Cat/2166.jpg,cat
Cat/2167.jpg,cat
Cat/2169.jpg,cat
Cat/217.jpg,cat
Cat/2170.jpg,cat
Cat/2171.jpg,cat
Cat/2172.jpg,cat
Cat/2173.jpg,cat
Cat/2174.jpg,cat
Cat/2175.jpg,cat
Cat/2177.jpg,cat
Cat/2178.jpg,cat
Cat/2179.jpg,cat
Cat/218.jpg,cat
Cat/2180.jpg,cat
Cat/2182.jpg,cat
Cat/2184.jpg,cat
Cat/2185.jpg,cat
Cat/2188.jpg,cat
Cat/2189.jpg,cat
Cat/219.jpg,cat
Cat/2190.jpg,cat
Cat/2194.jpg,cat
Cat/2195.jpg,cat
Cat/2196.jpg,cat
Cat/2197.jpg,cat
Cat/2198.jpg,cat
Cat/2199.jpg,cat
Cat/22.jpg,cat
Cat/220.jpg,cat
Cat/2201.jpg,cat
Cat/2202.jpg,cat
Cat/2203.jpg,cat
Cat/2204.jpg,cat
Cat/2206.jpg,cat
Cat/2207.jpg,cat
Cat/2208.jpg,cat
Cat/2209.jpg,cat
Cat/221.jpg,cat
Cat/2210.jpg,cat
Cat/2211.jpg,cat
Cat/2212.jpg,cat
Cat/2213.jpg,cat
Cat/2215.jpg,cat
Cat/2216.jpg,cat
Cat/2218.jpg,cat
Cat/2219.jpg,cat
Cat/222.jpg,cat
Cat/2220.jpg,cat
Cat/2221.jpg,cat
Cat/2222.jpg,cat
Cat/2223.jpg,cat
Cat/2224.jpg,cat
Cat/2226.jpg,cat
Cat/2227.jpg,cat
Cat/2229.jpg,cat
Cat/223.jpg,cat
Cat/2230.jpg,cat
Cat/2231.jpg,cat
Cat/2232.jpg,cat
Cat/2233.jpg,cat
Cat/2234.jpg,cat
Cat/2235.jpg,cat
Cat/2237.jpg,cat
Cat/2238.jpg,cat
Cat/2239.jpg,cat
Cat/2240.jpg,cat
Cat/2241.jpg,cat
Cat/2243.jpg,cat
Cat/2244.jpg,cat
Cat/2245.jpg,cat
Cat/2246.jpg,cat
Cat/2247.jpg,cat
Cat/2249.jpg,cat
Cat/225.jpg,cat
Cat/2250.jpg,cat
Cat/2251.jpg,cat
Cat/2252.jpg,cat
Cat/2253.jpg,cat
Cat/2255.jpg,cat
Cat/2256.jpg,cat
Cat/2258.jpg,cat
Cat/2259.jpg,cat
Cat/226.jpg,cat
Cat/2260.jpg,cat
Cat/2261.jpg,cat
Cat/2262.jpg,cat
Cat/2263.jpg,cat
Cat/2264.jpg,cat
Cat/2265.jpg,cat
Cat/2267.jpg,cat
Cat/2268.jpg,cat
Cat/2269.jpg,cat
Cat/227.jpg,cat
Cat/2272.jpg,cat
Cat/2274.jpg,cat
Cat/2275.jpg,cat
Cat/2276.jpg,cat
Cat/2278.jpg,cat
Cat/228.jpg,cat
Cat/2280.jpg,cat
Cat/2283.jpg,cat
Cat/2284.jpg,cat
Cat/2285.jpg,cat
Cat/2287.jpg,cat
Cat/2288.jpg,cat
Cat/2289.jpg,cat
Cat/229.jpg,cat
Cat/2290.jpg,cat
Cat/2291.jpg,cat
Cat/2293.jpg,cat
Cat/2294.jpg,cat
Cat/2295.jpg,cat
Cat/2297.jpg,cat
Cat/2299.jpg,cat
Cat/23.jpg,cat
Cat/230.jpg,cat
Cat/2300.jpg,cat
Cat/2301.jpg,cat
Cat/2302.jpg,cat
Cat/2304.jpg,cat
Cat/2305.jpg,cat
Cat/2307.jpg,cat
Cat/2308.jpg,cat
Cat/2309.jpg,cat
Cat/231.jpg,cat
Cat/2310.jpg,cat
Cat/2311.jpg,cat
Cat/2312.jpg,cat
Cat/2313.jpg,cat
Cat/2314.jpg,cat
Cat/2315.jpg,cat
Cat/2316.jpg,cat
Cat/2319.jpg,cat
Cat/232.jpg,cat
Cat/2321.jpg,cat
Cat/2322.jpg,cat
Cat/2324.jpg,cat
Cat/2325.jpg,cat
Cat/2326.jpg,cat
Cat/2327.jpg,cat
Cat/2328.jpg,cat
Cat/2329.jpg,cat
Cat/233.jpg,cat
Cat/2331.jpg,cat
Cat/2332.jpg,cat
Cat/2333.jpg,cat
Cat/2334.jpg,cat
Cat/2335.jpg,cat
Cat/2336.jpg,cat
Cat/2338.jpg,cat
Cat/234.jpg,cat
Cat/2340.jpg,cat
Cat/2341.jpg,cat
Cat/2342.jpg,cat
Cat/2343.jpg,cat
Cat/2344.jpg,cat
Cat/2345.jpg,cat
Cat/2347.jpg,cat
Cat/2349.jpg,cat
Cat/235.jpg,cat
Cat/2350.jpg,cat
Cat/2352.jpg,cat
Cat/2353.jpg,cat
Cat/2354.jpg,cat
Cat/2355.jpg,cat
Cat/2356.jpg,cat
Cat/2357.jpg,cat
Cat/2359.jpg,cat
Cat/2360.jpg,cat
Cat/2361.jpg,cat
Cat/2362.jpg,cat
Cat/2363.jpg,cat
Cat/2364.jpg,cat
Cat/2366.jpg,cat
Cat/2367.jpg,cat
Cat/2368.jpg,cat
Cat/2369.jpg,cat
Cat/237.jpg,cat
Cat/2370.jpg,cat
Cat/2371.jpg,cat
Cat/2373.jpg,cat
Cat/2374.jpg,cat
Cat/2376.jpg,cat
Cat/2377.jpg,cat
Cat/2378.jpg,cat
Cat/238.jpg,cat
Cat/2380.jpg,cat
Cat/2381.jpg,cat
Cat/2382.jpg,cat
Cat/2383.jpg,cat
Cat/2384.jpg,cat
Cat/2387.jpg,cat
Cat/2388.jpg,cat
Cat/2389.jpg,cat
Cat/239.jpg,cat
Cat/2390.jpg,cat
Cat/2391.jpg,cat
Cat/2392.jpg,cat
Cat/2393.jpg,cat
Cat/2395.jpg,cat
Cat/2396.jpg,cat
Cat/2397.jpg,cat
Cat/2398.jpg,cat
Cat/2399.jpg,cat
Cat/24.jpg,cat
Cat/240.jpg,cat
Cat/2400.jpg,cat
Cat/2401.jpg,cat
Cat/2402.jpg,cat
Cat/2403.jpg,cat
Cat/2404.jpg,cat
Cat/2406.jpg,cat
Cat/2407.jpg,cat
Cat/2408.jpg,cat
Cat/2409.jpg,cat
Cat/241.jpg,cat
Cat/2410.jpg,cat
Cat/2411.jpg,cat
Cat/2412.jpg,cat
Cat/2413.jpg,cat
Cat/2414.jpg,cat
Cat/2415.jpg,cat
Cat/2416.jpg,cat
Cat/2419.jpg,cat
Cat/2420.jpg,cat
Cat/2421.jpg,cat
Cat/2422.jpg,cat
Cat/2423.jpg,cat
Cat/2424.jpg,cat
Cat/2426.jpg,cat
Cat/2427.jpg,cat
Cat/2428.jpg,cat
Cat/2429.jpg,cat
Cat/243.jpg,cat
Cat/2430.jpg,cat
Cat/2431.jpg,cat
Cat/2432.jpg,cat
Cat/2433.jpg,cat
Cat/2434.jpg,cat
Cat/2436.jpg,cat
Cat/2437.jpg,cat
Cat/2438.jpg,cat
Cat/2439.jpg,cat
Cat/244.jpg,cat
Cat/2441.jpg,cat
Cat/2442.jpg,cat
Cat/2443.jpg,cat
Cat/2444.jpg,cat
Cat/2445.jpg,cat
Cat/2446.jpg,cat
Cat/2447.jpg,cat
Cat/2448.jpg,cat
Cat/2449.jpg,cat
Cat/245.jpg,cat
Cat/2450.jpg,cat
Cat/2451.jpg,cat
Cat/2452.jpg,cat
Cat/2453.jpg,cat
Cat/2455.jpg,cat
Cat/2456.jpg,cat
Cat/2458.jpg,cat
Cat/2459.jpg,cat
Cat/246.jpg,cat
Cat/2460.jpg,cat
Cat/2461.jpg,cat
Cat/2462.jpg,cat
Cat/2463.jpg,cat
Cat/2465.jpg,cat
Cat/2466.jpg,cat
Cat/2467.jpg,cat
Cat/2468.jpg,cat
Cat/2469.jpg,cat
Cat/2470.jpg,cat
Cat/2471.jpg,cat
Cat/2472.jpg,cat
Cat/2473.jpg,cat
Cat/2476.jpg,cat
Cat/2478.jpg,cat
Cat/2479.jpg,cat
Cat/248.jpg,cat
Cat/2480.jpg,cat
Cat/2482.jpg,cat
Cat/2483.jpg,cat
Cat/2484.jpg,cat
Cat/2485.jpg,cat
Cat/2486.jpg,cat
Cat/2487.jpg,cat
Cat/2488.jpg,cat
Cat/2489.jpg,cat
Cat/2490.jpg,cat
Cat/2491.jpg,cat
Cat/2492.jpg,cat
Cat/2496.jpg,cat
Cat/2497.jpg,cat
Cat/2499.jpg,cat
Cat/25.jpg,cat
Cat/250.jpg,cat
Cat/2500.jpg,cat
Cat/2503.jpg,cat
Cat/2504.jpg,cat
Cat/2505.jpg,cat
Cat/2506.jpg,cat
Cat/2507.jpg,cat
Cat/2508.jpg,cat
Cat/2509.jpg,cat
Cat/251.jpg,cat
Cat/2510.jpg,cat
Cat/2511.jpg,cat
Cat/2512.jpg,cat
Cat/2513.jpg,cat
Cat/2515.jpg,cat
Cat/2516.jpg,cat
Cat/2517.jpg,cat
Cat/2519.jpg,cat
Cat/252.jpg,cat
Cat/2520.jpg,cat
Cat/2521.jpg,cat
Cat/2522.jpg,cat
Cat/2523.jpg,cat
Cat/2524.jpg,cat
Cat/2525.jpg,cat
Cat/2526.jpg,cat
Cat/2527.jpg,cat
Cat/2528.jpg,cat
Cat/2529.jpg,cat
Cat/253.jpg,cat
Cat/2531.jpg,cat
Cat/2532.jpg,cat
Cat/2533.jpg,cat
Cat/2534.jpg,cat
Cat/2535.jpg,cat
Cat/2536.jpg,cat
Cat/2537.jpg,cat
Cat/2538.jpg,cat
Cat/2539.jpg,cat
Cat/2540.jpg,cat
Cat/2541.jpg,cat
Cat/2543.jpg,cat
Cat/2544.jpg,cat
Cat/2545.jpg,cat
Cat/2546.jpg,cat
Cat/2547.jpg,cat
Cat/2548.jpg,cat
Cat/2549.jpg,cat
Cat/2550.jpg,cat
Cat/2551.jpg,cat
Cat/2552.jpg,cat
Cat/2553.jpg,cat
Cat/2554.jpg,cat
Cat/2555.jpg,cat
Cat/2556.jpg,cat
Cat/2557.jpg,cat
Cat/2558.jpg,cat
Cat/2559.jpg,cat
Cat/256.jpg,cat
Cat/2560.jpg,cat
Cat/2561.jpg,cat
Cat/2562.jpg,cat
Cat/2563.jpg,cat
Cat/2564.jpg,cat
Cat/2565.jpg,cat
Cat/2566.jpg,cat
Cat/2567.jpg,cat
Cat/2569.jpg,cat
Cat/257.jpg,cat
Cat/2571.jpg,cat
Cat/2572.jpg,cat
Cat/2573.jpg,cat
Cat/2574.jpg,cat
Cat/2575.jpg,cat
Cat/2576.jpg,cat
Cat/2577.jpg,cat
Cat/2579.jpg,cat
Cat/258.jpg,cat
Cat/2580.jpg,cat
Cat/2581.jpg,cat
Cat/2582.jpg,cat
Cat/2583.jpg,cat
Cat/2585.jpg,cat
Cat/2586.jpg,cat
Cat/2587.jpg,cat
Cat/2588.jpg,cat
Cat/2589.jpg,cat
Cat/259.jpg,cat
Cat/2590.jpg,cat
Cat/2591.jpg,cat
Cat/2592.jpg,cat
Cat/2593.jpg,cat
Cat/2594.jpg,cat
Cat/2595.jpg,cat
Cat/2596.jpg,cat
Cat/2597.jpg,cat
Cat/2598.jpg,cat
Cat/2599.jpg,cat
Cat/2600.jpg,cat
Cat/2601.jpg,cat
Cat/2602.jpg,cat
Cat/2603.jpg,cat
Cat/2605.jpg,cat
Cat/2606.jpg,cat
Cat/2607.jpg,cat
Cat/2608.jpg,cat
Cat/2609.jpg,cat
Cat/261.jpg,cat
Cat/2610.jpg,cat
Cat/2611.jpg,cat
Cat/2612.jpg,cat
Cat/2613.jpg,cat
Cat/2614.jpg,cat
Cat/2615.jpg,cat
Cat/2616.jpg,cat
Cat/2617.jpg,cat
Cat/2618.jpg,cat
Cat/2619.jpg,cat
Cat/262.jpg,cat
Cat/2620.jpg,cat
Cat/2621.jpg,cat
Cat/2622.jpg,cat
Cat/2623.jpg,cat
Cat/2624.jpg,cat
Cat/2625.jpg,cat
Cat/2626.jpg,cat
Cat/2627.jpg,cat
Cat/2628.jpg,cat
Cat/2629.jpg,cat
Cat/263.jpg,cat
Cat/2630.jpg,cat
Cat/2631.jpg,cat
Cat/2633.jpg,cat
Cat/2634.jpg,cat
Cat/2635.jpg,cat
Cat/2636.jpg,cat
Cat/2638.jpg,cat
Cat/264.jpg,cat
Cat/2640.jpg,cat
Cat/2641.jpg,cat
Cat/2642.jpg,cat
Cat/2644.jpg,cat
Cat/2645.jpg,cat
Cat/2646.jpg,cat
Cat/2647.jpg,cat
Cat/265.jpg,cat
Cat/2650.jpg,cat
Cat/2651.jpg,cat
Cat/2652.jpg,cat
Cat/2653.jpg,cat
Cat/2654.jpg,cat
Cat/2655.jpg,cat
Cat/2656.jpg,cat
Cat/2658.jpg,cat
Cat/2659.jpg,cat
Cat/266.jpg,cat
Cat/2660.jpg,cat
Cat/2662.jpg,cat
Cat/2665.jpg,cat
Cat/2666.jpg,cat
Cat/2667.jpg,cat
Cat/267.jpg,cat
Cat/2670.jpg,cat
Cat/2671.jpg,cat
Cat/2672.jpg,cat
Cat/2673.jpg,cat
Cat/2675.jpg,cat
Cat/2676.jpg,cat
Cat/2677.jpg,cat
Cat/268.jpg,cat
Cat/2680.jpg,cat
Cat/2682.jpg,cat
Cat/2683.jpg,cat
Cat/2685.jpg,cat
Cat/2686.jpg,cat
Cat/2687.jpg,cat
Cat/2688.jpg,cat
Cat/2689.jpg,cat
Cat/269.jpg,cat
Cat/2690.jpg,cat
Cat/2691.jpg,cat
Cat/2693.jpg,cat
Cat/2694.jpg,cat
Cat/2695.jpg,cat
Cat/2696.jpg,cat
Cat/2698.jpg,cat
Cat/27.jpg,cat
Cat/2700.jpg,cat
Cat/2701.jpg,cat
Cat/2702.jpg,cat
Cat/2704.jpg,cat
Cat/2705.jpg,cat
Cat/2707.jpg,cat
Cat/2708.jpg,cat
Cat/2709.jpg,cat
Cat/271.jpg,cat
Cat/2710.jpg,cat
Cat/2711.jpg,cat
Cat/2712.jpg,cat
Cat/2713.jpg,cat
Cat/2714.jpg,cat
Cat/2715.jpg,cat
Cat/2716.jpg,cat
Cat/2717.jpg,cat
Cat/2718.jpg,cat
Cat/2719.jpg,cat
Cat/272.jpg,cat
Cat/2721.jpg,cat
Cat/2722.jpg,cat
Cat/2723.jpg,cat
Cat/2724.jpg,cat
Cat/2725.jpg,cat
Cat/2726.jpg,cat
Cat/2727.jpg,cat
Cat/2728.jpg,cat
Cat/273.jpg,cat
Cat/2730.jpg,cat
Cat/2731.jpg,cat
Cat/2732.jpg,cat
Cat/2735.jpg,cat
Cat/2736.jpg,cat
Cat/2737.jpg,cat
Cat/2738.jpg,cat
Cat/2739.jpg,cat
Cat/2743.jpg,cat
Cat/2744.jpg,cat
Cat/2745.jpg,cat
Cat/2746.jpg,cat
Cat/2747.jpg,cat
Cat/2748.jpg,cat
Cat/2749.jpg,cat
Cat/2750.jpg,cat
Cat/2751.jpg,cat
Cat/2753.jpg,cat
Cat/2754.jpg,cat
Cat/2755.jpg,cat
Cat/2756.jpg,cat
Cat/2757.jpg,cat
Cat/2758.jpg,cat
Cat/2759.jpg,cat
Cat/2760.jpg,cat
Cat/2761.jpg,cat
Cat/2762.jpg,cat
Cat/2763.jpg,cat
Cat/2764.jpg,cat
Cat/2765.jpg,cat
Cat/2766.jpg,cat
Cat/2767.jpg,cat
Cat/2768.jpg,cat
Cat/2769.jpg,cat
Cat/277.jpg,cat
Cat/2770.jpg,cat
Cat/2774.jpg,cat
Cat/2775.jpg,cat
Cat/2776.jpg,cat
Cat/2777.jpg,cat
Cat/2778.jpg,cat
Cat/2779.jpg,cat
Cat/2780.jpg,cat
Cat/2781.jpg,cat
Cat/2782.jpg,cat
Cat/2783.jpg,cat
Cat/2785.jpg,cat
Cat/2786.jpg,cat
Cat/2787.jpg,cat
Cat/2789.jpg,cat
Cat/279.jpg,cat
Cat/2791.jpg,cat
Cat/2794.jpg,cat
Cat/2795.jpg,cat
Cat/2796.jpg,cat
Cat/2797.jpg,cat
Cat/2799.jpg,cat
Cat/28.jpg,cat
Cat/280.jpg,cat
Cat/2800.jpg,cat
Cat/2801.jpg,cat
Cat/2802.jpg,cat
Cat/2803.jpg,cat
Cat/2805.jpg,cat
Cat/2806.jpg,cat
Cat/2807.jpg,cat
Cat/2808.jpg,cat
Cat/2809.jpg,cat
Cat/281.jpg,cat
Cat/2810.jpg,cat
Cat/2811.jpg,cat
Cat/2812.jpg,cat
Cat/2813.jpg,cat
Cat/2814.jpg,cat
Cat/2815.jpg,cat
Cat/2816.jpg,cat
Cat/2819.jpg,cat
Cat/2820.jpg,cat
Cat/2821.jpg,cat
Cat/2822.jpg,cat
Cat/2824.jpg,cat
Cat/2825.jpg,cat
Cat/2826.jpg,cat
Cat/2827.jpg,cat
Cat/2828.jpg,cat
Cat/2829.jpg,cat
Cat/283.jpg,cat
Cat/2830.jpg,cat
Cat/2832.jpg,cat
Cat/2833.jpg,cat
Cat/2835.jpg,cat
Cat/2837.jpg,cat
Cat/2838.jpg,cat
Cat/2839.jpg,cat
Cat/284.jpg,cat
Cat/2840.jpg,cat
Cat/2843.jpg,cat
Cat/2844.jpg,cat
Cat/2845.jpg,cat
Cat/2848.jpg,cat
Cat/2849.jpg,cat
Cat/285.jpg,cat
Cat/2850.jpg,cat
Cat/2851.jpg,cat
Cat/2853.jpg,cat
Cat/2854.jpg,cat
Cat/2855.jpg,cat
Cat/2856.jpg,cat
Cat/2857.jpg,cat
Cat/2858.jpg,cat
Cat/2859.jpg,cat
Cat/286.jpg,cat
Cat/2861.jpg,cat
Cat/2863.jpg,cat
Cat/2864.jpg,cat
Cat/2865.jpg,cat
Cat/2866.jpg,cat
Cat/2867.jpg,cat
Cat/2868.jpg,cat
Cat/2869.jpg,cat
Cat/287.jpg,cat
Cat/2870.jpg,cat
Cat/2873.jpg,cat
Cat/2874.jpg,cat
Cat/2875.jpg,cat
Cat/2877.jpg,cat
Cat/2880.jpg,cat
Cat/2882.jpg,cat
Cat/2883.jpg,cat
Cat/2884.jpg,cat
Cat/2887.jpg,cat
Cat/2888.jpg,cat
Cat/2889.jpg,cat
Cat/289.jpg,cat
Cat/2890.jpg,cat
Cat/2891.jpg,cat
Cat/2892.jpg,cat
Cat/2893.jpg,cat
Cat/2894.jpg,cat
Cat/2895.jpg,cat
Cat/2896.jpg,cat
Cat/2897.jpg,cat
Cat/2898.jpg,cat
Cat/2899.jpg,cat
Cat/29.jpg,cat
Cat/290.jpg,cat
Cat/2901.jpg,cat
Cat/2903.jpg,cat
Cat/2904.jpg,cat
Cat/2905.jpg,cat
Cat/2906.jpg,cat
Cat/2907.jpg,cat
Cat/2908.jpg,cat
Cat/291.jpg,cat
Cat/2910.jpg,cat
Cat/2911.jpg,cat
Cat/2912.jpg,cat
Cat/2915.jpg,cat
Cat/2917.jpg,cat
Cat/2918.jpg,cat
Cat/292.jpg,cat
Cat/2921.jpg,cat
Cat/2922.jpg,cat
Cat/2923.jpg,cat
Cat/2924.jpg,cat
Cat/2925.jpg,cat
Cat/2926.jpg,cat
Cat/2927.jpg,cat
Cat/2928.jpg,cat
Cat/2929.jpg,cat
Cat/293.jpg,cat
Cat/2931.jpg,cat
Cat/2932.jpg,cat
Cat/2933.jpg,cat
Cat/2934.jpg,cat
Cat/2935.jpg,cat
Cat/2936.jpg,cat
Cat/2938.jpg,cat
Cat/2939.jpg,cat
Cat/294.jpg,cat
Cat/2940.jpg,cat
Cat/2942.jpg,cat
Cat/2943.jpg,cat
Cat/2944.jpg,cat
Cat/2945.jpg,cat
Cat/2947.jpg,cat
Cat/2948.jpg,cat
Cat/295.jpg,cat
Cat/2950.jpg,cat
Cat/2951.jpg,cat
Cat/2952.jpg,cat
Cat/2953.jpg,cat
Cat/2954.jpg,cat
Cat/2955.jpg,cat
Cat/2956.jpg,cat
Cat/2959.jpg,cat
Cat/2960.jpg,cat
Cat/2961.jpg,cat
Cat/2962.jpg,cat
Cat/2964.jpg,cat
Cat/2965.jpg,cat
Cat/2966.jpg,cat
Cat/2967.jpg,cat
Cat/2968.jpg,cat
Cat/2969.jpg,cat
Cat/2970.jpg,cat
Cat/2971.jpg,cat
Cat/2972.jpg,cat
Cat/2973.jpg,cat
Cat/2975.jpg,cat
Cat/2976.jpg,cat
Cat/2978.jpg,cat
Cat/2979.jpg,cat
Cat/2980.jpg,cat
Cat/2981.jpg,cat
Cat/2982.jpg,cat
Cat/2983.jpg,cat
Cat/2984.jpg,cat
Cat/2985.jpg,cat
Cat/2987.jpg,cat
Cat/2989.jpg,cat
Cat/299.jpg,cat
Cat/2990.jpg,cat
Cat/2991.jpg,cat
Cat/2993.jpg,cat
Cat/2994.jpg,cat
Cat/2995.jpg,cat
Cat/2996.jpg,cat
Cat/2997.jpg,cat
Cat/3.jpg,cat
Cat/30.jpg,cat
Cat/3000.jpg,cat
Cat/3001.jpg,cat
Cat/3002.jpg,cat
Cat/3005.jpg,cat
Cat/3006.jpg,cat
Cat/3007.jpg,cat
Cat/3009.jpg,cat
Cat/301.jpg,cat
Cat/3010.jpg,cat
Cat/3012.jpg,cat
Cat/3014.jpg,cat
Cat/3015.jpg,cat
Cat/3016.jpg,cat
Cat/3017.jpg,cat
Cat/3018.jpg,cat
Cat/3019.jpg,cat
Cat/3020.jpg,cat
Cat/3025.jpg,cat
Cat/3026.jpg,cat
Cat/3027.jpg,cat
Cat/3029.jpg,cat
Cat/303.jpg,cat
Cat/3030.jpg,cat
Cat/3032.jpg,cat
Cat/3033.jpg,cat
Cat/3034.jpg,cat
Cat/3035.jpg,cat
Cat/3038.jpg,cat
Cat/304.jpg,cat
Cat/3040.jpg,cat
Cat/3043.jpg,cat
Cat/3045.jpg,cat
Cat/3047.jpg,cat
Cat/3049.jpg,cat
Cat/305.jpg,cat
Cat/3050.jpg,cat
Cat/3051.jpg,cat
Cat/3052.jpg,cat
Cat/3054.jpg,cat
Cat/3055.jpg,cat
Cat/306.jpg,cat
Cat/3060.jpg,cat
Cat/3061.jpg,cat
Cat/3062.jpg,cat
Cat/3066.jpg,cat
Cat/3067.jpg,cat
Cat/3069.jpg,cat
Cat/307.jpg,cat
Cat/3070.jpg,cat
Cat/3071.jpg,cat
Cat/3072.jpg,cat
Cat/3073.jpg,cat
Cat/3075.jpg,cat
Cat/3076.jpg,cat
Cat/3077.jpg,cat
Cat/3078.jpg,cat
Cat/3079.jpg,cat
Cat/3080.jpg,cat
Cat/3081.jpg,cat
Cat/3082.jpg,cat
Cat/3083.jpg,cat
Cat/3084.jpg,cat
Cat/3085.jpg,cat
Cat/3088.jpg,cat
Cat/3089.jpg,cat
Cat/3090.jpg,cat
Cat/3091.jpg,cat
Cat/3092.jpg,cat
Cat/3093.jpg,cat
Cat/3094.jpg,cat
Cat/3095.jpg,cat
Cat/3096.jpg,cat
Cat/3098.jpg,cat
Cat/310.jpg,cat
Cat/3100.jpg,cat
Cat/3101.jpg,cat
Cat/3102.jpg,cat
Cat/3104.jpg,cat
Cat/3105.jpg,cat
Cat/3106.jpg,cat
Cat/3107.jpg,cat
Cat/3108.jpg,cat
Cat/3109.jpg,cat
Cat/311.jpg,cat
Cat/3110.jpg,cat
Cat/3111.jpg,cat
Cat/3112.jpg,cat
Cat/3114.jpg,cat
Cat/3116.jpg,cat
Cat/3118.jpg,cat
Cat/312.jpg,cat
Cat/3120.jpg,cat
Cat/3121.jpg,cat
Cat/3124.jpg,cat
Cat/3126.jpg,cat
Cat/3127.jpg,cat
Cat/3128.jpg,cat
Cat/3129.jpg,cat
Cat/313.jpg,cat
Cat/3130.jpg,cat
Cat/3131.jpg,cat
Cat/3132.jpg,cat
Cat/3134.jpg,cat
Cat/3135.jpg,cat
Cat/3136.jpg,cat
Cat/3138.jpg,cat
Cat/3139.jpg,cat
Cat/3140.jpg,cat
Cat/3142.jpg,cat
Cat/3144.jpg,cat
Cat/3145.jpg,cat
Cat/3149.jpg,cat
Cat/315.jpg,cat
Cat/3150.jpg,cat
Cat/3151.jpg,cat
Cat/3152.jpg,cat
Cat/3153.jpg,cat
Cat/3154.jpg,cat
Cat/3155.jpg,cat
Cat/3156.jpg,cat
Cat/3157.jpg,cat
Cat/3158.jpg,cat
Cat/3159.jpg,cat
Cat/316.jpg,cat
Cat/3160.jpg,cat
Cat/3161.jpg,cat
Cat/3163.jpg,cat
Cat/3164.jpg,cat
Cat/3165.jpg,cat
Cat/3167.jpg,cat
Cat/3168.jpg,cat
Cat/3169.jpg,cat
Cat/317.jpg,cat
Cat/3170.jpg,cat
Cat/3172.jpg,cat
Cat/3173.jpg,cat
Cat/3174.jpg,cat
Cat/3175.jpg,cat
Cat/3176.jpg,cat
Cat/3177.jpg,cat
Cat/3179.jpg,cat
Cat/318.jpg,cat
Cat/3180.jpg,cat
Cat/3184.jpg,cat
Cat/3185.jpg,cat
Cat/3186.jpg,cat
Cat/3187.jpg,cat
Cat/3188.jpg,cat
Cat/3189.jpg,cat
Cat/319.jpg,cat
Cat/3190.jpg,cat
Cat/3191.jpg,cat
Cat/3192.jpg,cat
Cat/3193.jpg,cat
Cat/3194.jpg,cat
Cat/3195.jpg,cat
Cat/3196.jpg,cat
Cat/3197.jpg,cat
Cat/3199.jpg,cat
Cat/32.jpg,cat
Cat/3201.jpg,cat
Cat/3202.jpg,cat
Cat/3203.jpg,cat
Cat/3204.jpg,cat
Cat/3205.jpg,cat
Cat/3206.jpg,cat
Cat/3207.jpg,cat
Cat/3209.jpg,cat
Cat/321.jpg,cat
Cat/3210.jpg,cat
Cat/3213.jpg,cat
Cat/3214.jpg,cat
Cat/3216.jpg,cat
Cat/3217.jpg,cat
Cat/3218.jpg,cat
Cat/322.jpg,cat
Cat/3220.jpg,cat
Cat/3221.jpg,cat
Cat/3222.jpg,cat
Cat/3223.jpg,cat
Cat/3225.jpg,cat
Cat/3226.jpg,cat
Cat/3227.jpg,cat
Cat/3228.jpg,cat
Cat/3229.jpg,cat
Cat/323.jpg,cat
Cat/3230.jpg,cat
Cat/3231.jpg,cat
Cat/3233.jpg,cat
Cat/3235.jpg,cat
Cat/3236.jpg,cat
Cat/3237.jpg,cat
Cat/3238.jpg,cat
Cat/3239.jpg,cat
Cat/3241.jpg,cat
Cat/3242.jpg,cat
Cat/3244.jpg,cat
Cat/3245.jpg,cat
Cat/3247.jpg,cat
Cat/3248.jpg,cat
Cat/325.jpg,cat
Cat/3250.jpg,cat
Cat/3252.jpg,cat
Cat/3253.jpg,cat
Cat/3254.jpg,cat
Cat/3257.jpg,cat
Cat/3258.jpg,cat
Cat/3259.jpg,cat
Cat/326.jpg,cat
Cat/3260.jpg,cat
Cat/3261.jpg,cat
Cat/3263.jpg,cat
Cat/3266.jpg,cat
Cat/3267.jpg,cat
Cat/3268.jpg,cat
Cat/3269.jpg,cat
Cat/327.jpg,cat
Cat/3270.jpg,cat
Cat/3271.jpg,cat
Cat/3272.jpg,cat
Cat/3273.jpg,cat
Cat/3274.jpg,cat
Cat/3275.jpg,cat
Cat/3276.jpg,cat
Cat/3277.jpg,cat
Cat/3279.jpg,cat
Cat/328.jpg,cat
Cat/3280.jpg,cat
Cat/3281.jpg,cat
Cat/3282.jpg,cat
Cat/3283.jpg,cat
Cat/3284.jpg,cat
Cat/3285.jpg,cat
Cat/3286.jpg,cat
Cat/3290.jpg,cat
Cat/3291.jpg,cat
Cat/3292.jpg,cat
Cat/3294.jpg,cat
Cat/3295.jpg,cat
Cat/3297.jpg,cat
Cat/3298.jpg,cat
Cat/3299.jpg,cat
Cat/33.jpg,cat
Cat/330.jpg,cat
Cat/3300.jpg,cat
Cat/3302.jpg,cat
Cat/3303.jpg,cat
Cat/3304.jpg,cat
Cat/3305.jpg,cat
Cat/3307.jpg,cat
Cat/3308.jpg,cat
Cat/3309.jpg,cat
Cat/331.jpg,cat
Cat/3312.jpg,cat
Cat/3313.jpg,cat
Cat/3314.jpg,cat
Cat/3315.jpg,cat
Cat/3316.jpg,cat
Cat/3317.jpg,cat
Cat/3318.jpg,cat
Cat/3319.jpg,cat
Cat/332.jpg,cat
Cat/3320.jpg,cat
Cat/3321.jpg,cat
Cat/3322.jpg,cat
Cat/3323.jpg,cat
Cat/3324.jpg,cat
Cat/3326.jpg,cat
Cat/3329.jpg,cat
Cat/333.jpg,cat
Cat/3330.jpg,cat
Cat/3331.jpg,cat
Cat/3332.jpg,cat
Cat/3333.jpg,cat
Cat/3334.jpg,cat
Cat/3336.jpg,cat
Cat/3337.jpg,cat
Cat/3338.jpg,cat
Cat/3339.jpg,cat
Cat/334.jpg,cat
Cat/3340.jpg,cat
Cat/3341.jpg,cat
Cat/3343.jpg,cat
Cat/3346.jpg,cat
Cat/3347.jpg,cat
Cat/3350.jpg,cat
Cat/3351.jpg,cat
Cat/3353.jpg,cat
Cat/3354.jpg,cat
Cat/3355.jpg,cat
Cat/3356.jpg,cat
Cat/3357.jpg,cat
Cat/3359.jpg,cat
Cat/336.jpg,cat
Cat/3360.jpg,cat
Cat/3363.jpg,cat
Cat/3364.jpg,cat
Cat/3365.jpg,cat
Cat/3367.jpg,cat
Cat/3368.jpg,cat
Cat/3369.jpg,cat
Cat/337.jpg,cat
Cat/3370.jpg,cat
Cat/3372.jpg,cat
Cat/3374.jpg,cat
Cat/3376.jpg,cat
Cat/3377.jpg,cat
Cat/3379.jpg,cat
Cat/338.jpg,cat
Cat/3381.jpg,cat
Cat/3386.jpg,cat
Cat/3387.jpg,cat
Cat/3389.jpg,cat
Cat/3390.jpg,cat
Cat/3391.jpg,cat
Cat/3392.jpg,cat
Cat/3393.jpg,cat
Cat/3395.jpg,cat
Cat/3396.jpg,cat
Cat/3399.jpg,cat
Cat/34.jpg,cat
Cat/340.jpg,cat
Cat/3400.jpg,cat
Cat/3401.jpg,cat
Cat/3403.jpg,cat
Cat/3404.jpg,cat
Cat/3405.jpg,cat
Cat/3406.jpg,cat
Cat/3407.jpg,cat
Cat/3408.jpg,cat
Cat/3409.jpg,cat
Cat/3410.jpg,cat
Cat/3411.jpg,cat
Cat/3412.jpg,cat
Cat/3413.jpg,cat
Cat/3415.jpg,cat
Cat/3416.jpg,cat
Cat/3417.jpg,cat
Cat/3418.jpg,cat
Cat/3419.jpg,cat
Cat/3421.jpg,cat
Cat/3422.jpg,cat
Cat/3423.jpg,cat
Cat/3424.jpg,cat
Cat/3425.jpg,cat
Cat/3426.jpg,cat
Cat/3427.jpg,cat
Cat/3428.jpg,cat
Cat/3429.jpg,cat
Cat/343.jpg,cat
Cat/3430.jpg,cat
Cat/3431.jpg,cat
Cat/3432.jpg,cat
Cat/3434.jpg,cat
Cat/3436.jpg,cat
Cat/3437.jpg,cat
Cat/3438.jpg,cat
Cat/3439.jpg,cat
Cat/344.jpg,cat
Cat/3440.jpg,cat
Cat/3442.jpg,cat
Cat/3444.jpg,cat
Cat/3445.jpg,cat
Cat/3447.jpg,cat
Cat/3448.jpg,cat
Cat/3449.jpg,cat
Cat/345.jpg,cat
Cat/3450.jpg,cat
Cat/3451.jpg,cat
Cat/3452.jpg,cat
Cat/3453.jpg,cat
Cat/3456.jpg,cat
Cat/3457.jpg,cat
Cat/3458.jpg,cat
Cat/3459.jpg,cat
Cat/346.jpg,cat
Cat/3460.jpg,cat
Cat/3461.jpg,cat
Cat/3462.jpg,cat
Cat/3463.jpg,cat
Cat/3465.jpg,cat
Cat/3466.jpg,cat
Cat/3467.jpg,cat
Cat/3468.jpg,cat
Cat/3469.jpg,cat
Cat/347.jpg,cat
Cat/3471.jpg,cat
Cat/3472.jpg,cat
Cat/3473.jpg,cat
Cat/3474.jpg,cat
Cat/3475.jpg,cat
Cat/3476.jpg,cat
Cat/3477.jpg,cat
Cat/3478.jpg,cat
Cat/3479.jpg,cat
Cat/348.jpg,cat
Cat/3480.jpg,cat
Cat/3483.jpg,cat
Cat/3484.jpg,cat
Cat/3485.jpg,cat
Cat/3486.jpg,cat
Cat/3487.jpg,cat
Cat/3488.jpg,cat
Cat/3489.jpg,cat
Cat/349.jpg,cat
Cat/3490.jpg,cat
Cat/3492.jpg,cat
Cat/3493.jpg,cat
Cat/3494.jpg,cat
Cat/3495.jpg,cat
Cat/3496.jpg,cat
Cat/3497.jpg,cat
Cat/3498.jpg,cat
Cat/35.jpg,cat
Cat/350.jpg,cat
Cat/3500.jpg,cat
Cat/3502.jpg,cat
Cat/3503.jpg,cat
Cat/3504.jpg,cat
Cat/3505.jpg,cat
Cat/3506.jpg,cat
Cat/3507.jpg,cat
Cat/3508.jpg,cat
Cat/3509.jpg,cat
Cat/351.jpg,cat
Cat/3510.jpg,cat
Cat/3511.jpg,cat
Cat/3512.jpg,cat
Cat/3513.jpg,cat
Cat/3514.jpg,cat
Cat/3515.jpg,cat
Cat/3516.jpg,cat
Cat/3517.jpg,cat
Cat/3519.jpg,cat
Cat/352.jpg,cat
Cat/3520.jpg,cat
Cat/3521.jpg,cat
Cat/3522.jpg,cat
Cat/3524.jpg,cat
Cat/3525.jpg,cat
Cat/3526.jpg,cat
Cat/3527.jpg,cat
Cat/3528.jpg,cat
Cat/3529.jpg,cat
Cat/353.jpg,cat
Cat/3530.jpg,cat
Cat/3531.jpg,cat
Cat/3532.jpg,cat
Cat/3533.jpg,cat
Cat/3534.jpg,cat
Cat/3536.jpg,cat
Cat/3537.jpg,cat
Cat/3539.jpg,cat
Cat/354.jpg,cat
Cat/3540.jpg,cat
Cat/3541.jpg,cat
Cat/3542.jpg,cat
Cat/3543.jpg,cat
Cat/3545.jpg,cat
Cat/3546.jpg,cat
Cat/3547.jpg,cat
Cat/3548.jpg,cat
Cat/3549.jpg,cat
Cat/355.jpg,cat
Cat/3550.jpg,cat
Cat/3552.jpg,cat
Cat/3553.jpg,cat
Cat/3554.jpg,cat
Cat/3555.jpg,cat
Cat/3557.jpg,cat
Cat/3558.jpg,cat
Cat/3559.jpg,cat
Cat/356.jpg,cat
Cat/3563.jpg,cat
Cat/3565.jpg,cat
Cat/3568.jpg,cat
Cat/357.jpg,cat
Cat/3570.jpg,cat
Cat/3571.jpg,cat
Cat/3572.jpg,cat
Cat/3573.jpg,cat
Cat/3575.jpg,cat
Cat/3576.jpg,cat
Cat/3577.jpg,cat
Cat/3578.jpg,cat
Cat/3579.jpg,cat
Cat/358.jpg,cat
Cat/3580.jpg,cat
Cat/3581.jpg,cat
Cat/3582.jpg,cat
Cat/3583.jpg,cat
Cat/3584.jpg,cat
Cat/3585.jpg,cat
Cat/3586.jpg,cat
Cat/3587.jpg,cat
Cat/3588.jpg,cat
Cat/359.jpg,cat
Cat/3591.jpg,cat
Cat/3592.jpg,cat
Cat/3595.jpg,cat
Cat/3596.jpg,cat
Cat/3597.jpg,cat
Cat/3598.jpg,cat
Cat/3599.jpg,cat
Cat/36.jpg,cat
Cat/3600.jpg,cat
Cat/3601.jpg,cat
Cat/3602.jpg,cat
Cat/3604.jpg,cat
Cat/3606.jpg,cat
Cat/3608.jpg,cat
Cat/3609.jpg,cat
Cat/361.jpg,cat
Cat/3610.jpg,cat
Cat/3611.jpg,cat
Cat/3612.jpg,cat
Cat/3613.jpg,cat
Cat/3614.jpg,cat
Cat/3615.jpg,cat
Cat/3616.jpg,cat
Cat/3617.jpg,cat
Cat/3618.jpg,cat
Cat/3619.jpg,cat
Cat/362.jpg,cat
Cat/3621.jpg,cat
Cat/3622.jpg,cat
Cat/3624.jpg,cat
Cat/3625.jpg,cat
Cat/3627.jpg,cat
Cat/3628.jpg,cat
Cat/363.jpg,cat
Cat/3631.jpg,cat
Cat/3633.jpg,cat
Cat/3634.jpg,cat
Cat/3635.jpg,cat
Cat/3636.jpg,cat
Cat/3637.jpg,cat
Cat/3638.jpg,cat
Cat/3639.jpg,cat
Cat/364.jpg,cat
Cat/3640.jpg,cat
Cat/3641.jpg,cat
Cat/3643.jpg,cat
Cat/3644.jpg,cat
Cat/3645.jpg,cat
Cat/3646.jpg,cat
Cat/3648.jpg,cat
Cat/3649.jpg,cat
Cat/3650.jpg,cat
Cat/3652.jpg,cat
Cat/3653.jpg,cat
Cat/3654.jpg,cat
Cat/3655.jpg,cat
Cat/3656.jpg,cat
Cat/3657.jpg,cat
Cat/3659.jpg,cat
Cat/366.jpg,cat
Cat/3661.jpg,cat
Cat/3662.jpg,cat
Cat/3663.jpg,cat
Cat/3665.jpg,cat
Cat/3666.jpg,cat
Cat/3668.jpg,cat
Cat/3669.jpg,cat
Cat/367.jpg,cat
Cat/3670.jpg,cat
Cat/3671.jpg,cat
Cat/3672.jpg,cat
Cat/3673.jpg,cat
Cat/3674.jpg,cat
Cat/3675.jpg,cat
Cat/3676.jpg,cat
Cat/3677.jpg,cat
Cat/3678.jpg,cat
Cat/3679.jpg,cat
Cat/368.jpg,cat
Cat/3680.jpg,cat
Cat/3681.jpg,cat
Cat/3682.jpg,cat
Cat/3683.jpg,cat
Cat/3684.jpg,cat
Cat/3686.jpg,cat
Cat/3687.jpg,cat
Cat/3688.jpg,cat
Cat/3689.jpg,cat
Cat/369.jpg,cat
Cat/3690.jpg,cat
Cat/3691.jpg,cat
Cat/3692.jpg,cat
Cat/3694.jpg,cat
Cat/3695.jpg,cat
Cat/3696.jpg,cat
Cat/3697.jpg,cat
Cat/3698.jpg,cat
Cat/370.jpg,cat
Cat/3700.jpg,cat
Cat/3701.jpg,cat
Cat/3703.jpg,cat
Cat/3705.jpg,cat
Cat/3706.jpg,cat
Cat/3708.jpg,cat
Cat/371.jpg,cat
Cat/3711.jpg,cat
Cat/3712.jpg,cat
Cat/3713.jpg,cat
Cat/3716.jpg,cat
Cat/3717.jpg,cat
Cat/3718.jpg,cat
Cat/3719.jpg,cat
Cat/372.jpg,cat
Cat/3720.jpg,cat
Cat/3722.jpg,cat
Cat/3723.jpg,cat
Cat/3724.jpg,cat
Cat/3725.jpg,cat
Cat/3726.jpg,cat
Cat/3727.jpg,cat
Cat/3728.jpg,cat
Cat/373.jpg,cat
Cat/3730.jpg,cat
Cat/3731.jpg,cat
Cat/3734.jpg,cat
Cat/3735.jpg,cat
Cat/3736.jpg,cat
Cat/3737.jpg,cat
Cat/374.jpg,cat
Cat/3740.jpg,cat
Cat/3742.jpg,cat
Cat/3743.jpg,cat
Cat/3744.jpg,cat
Cat/3745.jpg,cat
Cat/3746.jpg,cat
Cat/3747.jpg,cat
Cat/3748.jpg,cat
Cat/3750.jpg,cat
Cat/3751.jpg,cat
Cat/3752.jpg,cat
Cat/3753.jpg,cat
Cat/3754.jpg,cat
Cat/3756.jpg,cat
Cat/3757.jpg,cat
Cat/3758.jpg,cat
Cat/3759.jpg,cat
Cat/376.jpg,cat
Cat/3760.jpg,cat
Cat/3761.jpg,cat
Cat/3763.jpg,cat
Cat/3764.jpg,cat
Cat/3765.jpg,cat
Cat/3766.jpg,cat
Cat/3767.jpg,cat
Cat/3769.jpg,cat
Cat/377.jpg,cat
Cat/3770.jpg,cat
Cat/3771.jpg,cat
Cat/3772.jpg,cat
Cat/3773.jpg,cat
Cat/3774.jpg,cat
Cat/3775.jpg,cat
Cat/3777.jpg,cat
Cat/3779.jpg,cat
Cat/378.jpg,cat
Cat/3781.jpg,cat
Cat/3783.jpg,cat
Cat/3784.jpg,cat
Cat/3785.jpg,cat
Cat/3786.jpg,cat
Cat/3787.jpg,cat
Cat/3788.jpg,cat
Cat/3789.jpg,cat
Cat/379.jpg,cat
Cat/3790.jpg,cat
Cat/3791.jpg,cat
Cat/3792.jpg,cat
Cat/3793.jpg,cat
Cat/3794.jpg,cat
Cat/3796.jpg,cat
Cat/3797.jpg,cat
Cat/3798.jpg,cat
Cat/3799.jpg,cat
Cat/38.jpg,cat
Cat/380.jpg,cat
Cat/3800.jpg,cat
Cat/3802.jpg,cat
Cat/3803.jpg,cat
Cat/3805.jpg,cat
Cat/3806.jpg,cat
Cat/3807.jpg,cat
Cat/3808.jpg,cat
Cat/3809.jpg,cat
Cat/3810.jpg,cat
Cat/3811.jpg,cat
Cat/3815.jpg,cat
Cat/3816.jpg,cat
Cat/3817.jpg,cat
Cat/3818.jpg,cat
Cat/3819.jpg,cat
Cat/382.jpg,cat
Cat/3820.jpg,cat
Cat/3821.jpg,cat
Cat/3822.jpg,cat
Cat/3823.jpg,cat
Cat/3824.jpg,cat
Cat/3825.jpg,cat
Cat/3826.jpg,cat
Cat/3827.jpg,cat
Cat/3828.jpg,cat
Cat/3829.jpg,cat
Cat/383.jpg,cat
Cat/3830.jpg,cat
Cat/3831.jpg,cat
Cat/3832.jpg,cat
Cat/3834.jpg,cat
Cat/3835.jpg,cat
Cat/3836.jpg,cat
Cat/3837.jpg,cat
Cat/384.jpg,cat
Cat/3840.jpg,cat
Cat/3841.jpg,cat
Cat/3844.jpg,cat
Cat/3845.jpg,cat
Cat/3846.jpg,cat
Cat/3847.jpg,cat
Cat/3848.jpg,cat
Cat/3849.jpg,cat
Cat/385.jpg,cat
Cat/3851.jpg,cat
Cat/3852.jpg,cat
Cat/3853.jpg,cat
Cat/3854.jpg,cat
Cat/3855.jpg,cat
Cat/3857.jpg,cat
Cat/3858.jpg,cat
Cat/3859.jpg,cat
Cat/386.jpg,cat
Cat/3861.jpg,cat
Cat/3862.jpg,cat
Cat/3864.jpg,cat
Cat/3865.jpg,cat
Cat/3866.jpg,cat
Cat/3867.jpg,cat
Cat/3868.jpg,cat
Cat/3869.jpg,cat
Cat/3870.jpg,cat
Cat/3871.jpg,cat
Cat/3872.jpg,cat
Cat/3873.jpg,cat
Cat/3875.jpg,cat
Cat/3876.jpg,cat
Cat/3877.jpg,cat
Cat/3879.jpg,cat
Cat/388.jpg,cat
Cat/3881.jpg,cat
Cat/3882.jpg,cat
Cat/3883.jpg,cat
Cat/3885.jpg,cat
Cat/3886.jpg,cat
Cat/3887.jpg,cat
Cat/3888.jpg,cat
Cat/389.jpg,cat
Cat/3892.jpg,cat
Cat/3895.jpg,cat
Cat/3896.jpg,cat
Cat/3897.jpg,cat
Cat/3899.jpg,cat
Cat/390.jpg,cat
Cat/3900.jpg,cat
Cat/3901.jpg,cat
Cat/3902.jpg,cat
Cat/3903.jpg,cat
Cat/3904.jpg,cat
Cat/3906.jpg,cat
Cat/3907.jpg,cat
Cat/391.jpg,cat
Cat/3911.jpg,cat
Cat/3913.jpg,cat
Cat/3914.jpg,cat
Cat/3915.jpg,cat
Cat/3917.jpg,cat
Cat/3918.jpg,cat
Cat/3919.jpg,cat
Cat/392.jpg,cat
Cat/3920.jpg,cat
Cat/3921.jpg,cat
Cat/3922.jpg,cat
Cat/3923.jpg,cat
Cat/3924.jpg,cat
Cat/3925.jpg,cat
Cat/3926.jpg,cat
Cat/3927.jpg,cat
Cat/3930.jpg,cat
Cat/3933.jpg,cat
Cat/3934.jpg,cat
Cat/3935.jpg,cat
Cat/3936.jpg,cat
Cat/3937.jpg,cat
Cat/3938.jpg,cat
Cat/3939.jpg,cat
Cat/394.jpg,cat
Cat/3940.jpg,cat
Cat/3941.jpg,cat
Cat/3943.jpg,cat
Cat/3944.jpg,cat
Cat/3945.jpg,cat
Cat/3947.jpg,cat
Cat/3948.jpg,cat
Cat/3949.jpg,cat
Cat/395.jpg,cat
Cat/3952.jpg,cat
Cat/3953.jpg,cat
Cat/3954.jpg,cat
Cat/3956.jpg,cat
Cat/3957.jpg,cat
Cat/3958.jpg,cat
Cat/3959.jpg,cat
Cat/396.jpg,cat
Cat/3960.jpg,cat
Cat/3961.jpg,cat
Cat/3963.jpg,cat
Cat/3964.jpg,cat
Cat/3965.jpg,cat
Cat/3967.jpg,cat
Cat/3968.jpg,cat
Cat/3969.jpg,cat
Cat/397.jpg,cat
Cat/3972.jpg,cat
Cat/3973.jpg,cat
Cat/3974.jpg,cat
Cat/3975.jpg,cat
Cat/3976.jpg,cat
Cat/3977.jpg,cat
Cat/3978.jpg,cat
Cat/398.jpg,cat
Cat/3980.jpg,cat
Cat/3981.jpg,cat
Cat/3982.jpg,cat
Cat/3983.jpg,cat
Cat/3984.jpg,cat
Cat/3985.jpg,cat
Cat/3988.jpg,cat
Cat/3989.jpg,cat
Cat/399.jpg,cat
Cat/3990.jpg,cat
Cat/3991.jpg,cat
Cat/3993.jpg,cat
Cat/3995.jpg,cat
Cat/3996.jpg,cat
Cat/3997.jpg,cat
Cat/40.jpg,cat
Cat/400.jpg,cat
Cat/4000.jpg,cat
Cat/4001.jpg,cat
Cat/4002.jpg,cat
Cat/4003.jpg,cat
Cat/4004.jpg,cat
Cat/4005.jpg,cat
Cat/4007.jpg,cat
Cat/4008.jpg,cat
Cat/4009.jpg,cat
Cat/401.jpg,cat
Cat/4010.jpg,cat
Cat/4011.jpg,cat
Cat/4012.jpg,cat
Cat/4013.jpg,cat
Cat/4014.jpg,cat
Cat/4016.jpg,cat
Cat/4017.jpg,cat
Cat/4018.jpg,cat
Cat/4019.jpg,cat
Cat/4020.jpg,cat
Cat/4021.jpg,cat
Cat/4022.jpg,cat
Cat/4023.jpg,cat
Cat/4024.jpg,cat
Cat/4025.jpg,cat
Cat/4026.jpg,cat
Cat/4028.jpg,cat
Cat/4029.jpg,cat
Cat/403.jpg,cat
Cat/4030.jpg,cat
Cat/4031.jpg,cat
Cat/4033.jpg,cat
Cat/4034.jpg,cat
Cat/4035.jpg,cat
Cat/4036.jpg,cat
Cat/4037.jpg,cat
Cat/4038.jpg,cat
Cat/4039.jpg,cat
Cat/404.jpg,cat
Cat/4040.jpg,cat
Cat/4041.jpg,cat
Cat/4042.jpg,cat
Cat/4043.jpg,cat
Cat/4044.jpg,cat
Cat/4045.jpg,cat
Cat/4046.jpg,cat
Cat/4049.jpg,cat
Cat/4050.jpg,cat
Cat/4051.jpg,cat
Cat/4053.jpg,cat
Cat/4054.jpg,cat
Cat/4055.jpg,cat
Cat/4057.jpg,cat
Cat/4058.jpg,cat
Cat/4059.jpg,cat
Cat/406.jpg,cat
Cat/4060.jpg,cat
Cat/4061.jpg,cat
Cat/4062.jpg,cat
Cat/4063.jpg,cat
Cat/4065.jpg,cat
Cat/4067.jpg,cat
Cat/4068.jpg,cat
Cat/4069.jpg,cat
Cat/407.jpg,cat
Cat/4070.jpg,cat
Cat/4071.jpg,cat
Cat/4073.jpg,cat
Cat/4075.jpg,cat
Cat/4076.jpg,cat
Cat/4078.jpg,cat
Cat/4080.jpg,cat
Cat/4082.jpg,cat
Cat/4083.jpg,cat
Cat/4084.jpg,cat
Cat/4086.jpg,cat
Cat/4087.jpg,cat
Cat/4088.jpg,cat
Cat/409.jpg,cat
Cat/4090.jpg,cat
Cat/4091.jpg,cat
Cat/4092.jpg,cat
Cat/4093.jpg,cat
Cat/4095.jpg,cat
Cat/4096.jpg,cat
Cat/4098.jpg,cat
Cat/4099.jpg,cat
Cat/41.jpg,cat
Cat/410.jpg,cat
Cat/4100.jpg,cat
Cat/4101.jpg,cat
Cat/4102.jpg,cat
Cat/4103.jpg,cat
Cat/4104.jpg,cat
Cat/4105.jpg,cat
Cat/4108.jpg,cat
Cat/4109.jpg,cat
Cat/4110.jpg,cat
Cat/4111.jpg,cat
Cat/4112.jpg,cat
Cat/4113.jpg,cat
Cat/4114.jpg,cat
Cat/4115.jpg,cat
Cat/4116.jpg,cat
Cat/4117.jpg,cat
Cat/4118.jpg,cat
Cat/4120.jpg,cat
Cat/4123.jpg,cat
Cat/4126.jpg,cat
Cat/4128.jpg,cat
Cat/4129.jpg,cat
Cat/413.jpg,cat
Cat/4132.jpg,cat
Cat/4133.jpg,cat
Cat/4135.jpg,cat
Cat/4136.jpg,cat
Cat/4137.jpg,cat
Cat/4138.jpg,cat
Cat/4139.jpg,cat
Cat/414.jpg,cat
Cat/4140.jpg,cat
Cat/4141.jpg,cat
Cat/4142.jpg,cat
Cat/4143.jpg,cat
Cat/4145.jpg,cat
Cat/4146.jpg,cat
Cat/4147.jpg,cat
Cat/4148.jpg,cat
Cat/415.jpg,cat
Cat/4150.jpg,cat
Cat/4151.jpg,cat
Cat/4152.jpg,cat
Cat/4153.jpg,cat
Cat/4154.jpg,cat
Cat/4155.jpg,cat
Cat/4157.jpg,cat
Cat/4158.jpg,cat
Cat/4159.jpg,cat
Cat/416.jpg,cat
Cat/4160.jpg,cat
Cat/4161.jpg,cat
Cat/4162.jpg,cat
Cat/4163.jpg,cat
Cat/4164.jpg,cat
Cat/4165.jpg,cat
Cat/4166.jpg,cat
Cat/4168.jpg,cat
Cat/4169.jpg,cat
Cat/417.jpg,cat
Cat/4172.jpg,cat
Cat/4173.jpg,cat
Cat/4175.jpg,cat
Cat/4176.jpg,cat
Cat/4177.jpg,cat
Cat/4178.jpg,cat
Cat/418.jpg,cat
Cat/4180.jpg,cat
Cat/4182.jpg,cat
Cat/4183.jpg,cat
Cat/4185.jpg,cat
Cat/4186.jpg,cat
Cat/4187.jpg,cat
Cat/4188.jpg,cat
Cat/4190.jpg,cat
Cat/4191.jpg,cat
Cat/4192.jpg,cat
Cat/4193.jpg,cat
Cat/4194.jpg,cat
Cat/4195.jpg,cat
Cat/4196.jpg,cat
Cat/4197.jpg,cat
Cat/4198.jpg,cat
Cat/4199.jpg,cat
Cat/42.jpg,cat
Cat/420.jpg,cat
Cat/4200.jpg,cat
Cat/4201.jpg,cat
Cat/4202.jpg,cat
Cat/4203.jpg,cat
Cat/4204.jpg,cat
Cat/4205.jpg,cat
Cat/4207.jpg,cat
Cat/4209.jpg,cat
Cat/421.jpg,cat
Cat/4210.jpg,cat
Cat/4211.jpg,cat
Cat/4212.jpg,cat
Cat/4213.jpg,cat
Cat/4214.jpg,cat
Cat/4215.jpg,cat
Cat/4216.jpg,cat
Cat/4217.jpg,cat
Cat/4218.jpg,cat
Cat/422.jpg,cat
Cat/4220.jpg,cat
Cat/4221.jpg,cat
Cat/4222.jpg,cat
Cat/4223.jpg,cat
Cat/4224.jpg,cat
Cat/4225.jpg,cat
Cat/4226.jpg,cat
Cat/4227.jpg,cat
Cat/423.jpg,cat
Cat/4234.jpg,cat
Cat/4235.jpg,cat
Cat/4236.jpg,cat
Cat/4237.jpg,cat
Cat/4238.jpg,cat
Cat/4239.jpg,cat
Cat/424.jpg,cat
Cat/4240.jpg,cat
Cat/4242.jpg,cat
Cat/4243.jpg,cat
Cat/4244.jpg,cat
Cat/4246.jpg,cat
Cat/4247.jpg,cat
Cat/4248.jpg,cat
Cat/4249.jpg,cat
Cat/425.jpg,cat
Cat/4250.jpg,cat
Cat/4251.jpg,cat
Cat/4253.jpg,cat
Cat/4254.jpg,cat
Cat/4255.jpg,cat
Cat/4256.jpg,cat
Cat/4257.jpg,cat
Cat/4258.jpg,cat
Cat/4259.jpg,cat
Cat/4260.jpg,cat
Cat/4261.jpg,cat
Cat/4262.jpg,cat
Cat/4263.jpg,cat
Cat/4264.jpg,cat
Cat/4265.jpg,cat
Cat/4266.jpg,cat
Cat/4268.jpg,cat
Cat/4269.jpg,cat
Cat/427.jpg,cat
Cat/4270.jpg,cat
Cat/4271.jpg,cat
Cat/4272.jpg,cat
Cat/4273.jpg,cat
Cat/4274.jpg,cat
Cat/4276.jpg,cat
Cat/4277.jpg,cat
Cat/4278.jpg,cat
Cat/4279.jpg,cat
Cat/428.jpg,cat
Cat/4281.jpg,cat
Cat/4282.jpg,cat
Cat/4283.jpg,cat
Cat/4285.jpg,cat
Cat/4287.jpg,cat
Cat/4288.jpg,cat
Cat/4289.jpg,cat
Cat/429.jpg,cat
Cat/4290.jpg,cat
Cat/4291.jpg,cat
Cat/4292.jpg,cat
Cat/4293.jpg,cat
Cat/4294.jpg,cat
Cat/4295.jpg,cat
Cat/4296.jpg,cat
Cat/4297.jpg,cat
Cat/4298.jpg,cat
Cat/4299.jpg,cat
Cat/43.jpg,cat
Cat/430.jpg,cat
Cat/4300.jpg,cat
Cat/4301.jpg,cat
Cat/4302.jpg,cat
Cat/4303.jpg,cat
Cat/4304.jpg,cat
Cat/4306.jpg,cat
Cat/4307.jpg,cat
Cat/4308.jpg,cat
Cat/4309.jpg,cat
Cat/431.jpg,cat
Cat/4310.jpg,cat
Cat/4311.jpg,cat
Cat/4313.jpg,cat
Cat/4314.jpg,cat
Cat/4315.jpg,cat
Cat/4317.jpg,cat
Cat/4318.jpg,cat
Cat/4319.jpg,cat
Cat/4320.jpg,cat
Cat/4321.jpg,cat
Cat/4323.jpg,cat
Cat/4325.jpg,cat
Cat/4326.jpg,cat
Cat/4327.jpg,cat
Cat/4329.jpg,cat
Cat/433.jpg,cat
Cat/4330.jpg,cat
Cat/4331.jpg,cat
Cat/4332.jpg,cat
Cat/4333.jpg,cat
Cat/4337.jpg,cat
Cat/4338.jpg,cat
Cat/4339.jpg,cat
Cat/434.jpg,cat
Cat/4340.jpg,cat
Cat/4341.jpg,cat
Cat/4342.jpg,cat
Cat/4343.jpg,cat
Cat/4345.jpg,cat
Cat/4346.jpg,cat
Cat/4347.jpg,cat
Cat/4348.jpg,cat
Cat/4350.jpg,cat
Cat/4351.jpg,cat
Cat/4352.jpg,cat
Cat/4354.jpg,cat
Cat/4355.jpg,cat
Cat/4357.jpg,cat
Cat/436.jpg,cat
Cat/4360.jpg,cat
Cat/4361.jpg,cat
Cat/4363.jpg,cat
Cat/4364.jpg,cat
Cat/4365.jpg,cat
Cat/4366.jpg,cat
Cat/4369.jpg,cat
Cat/437.jpg,cat
Cat/4370.jpg,cat
Cat/4371.jpg,cat
Cat/4372.jpg,cat
Cat/4374.jpg,cat
Cat/4375.jpg,cat
Cat/4376.jpg,cat
Cat/4377.jpg,cat
Cat/4378.jpg,cat
Cat/4379.jpg,cat
Cat/438.jpg,cat
Cat/4380.jpg,cat
Cat/4381.jpg,cat
Cat/4382.jpg,cat
Cat/4383.jpg,cat
Cat/4384.jpg,cat
Cat/4385.jpg,cat
Cat/4386.jpg,cat
Cat/4388.jpg,cat
Cat/4389.jpg,cat
Cat/439.jpg,cat
Cat/4390.jpg,cat
Cat/4391.jpg,cat
Cat/4392.jpg,cat
Cat/4393.jpg,cat
Cat/4395.jpg,cat
Cat/4396.jpg,cat
Cat/4398.jpg,cat
Cat/4399.jpg,cat
Cat/44.jpg,cat
Cat/440.jpg,cat
Cat/4400.jpg,cat
Cat/4401.jpg,cat
Cat/4402.jpg,cat
Cat/4403.jpg,cat
Cat/4404.jpg,cat
Cat/4406.jpg,cat
Cat/4407.jpg,cat
Cat/4408.jpg,cat
Cat/4409.jpg,cat
Cat/441.jpg,cat
Cat/4410.jpg,cat
Cat/4411.jpg,cat
Cat/4413.jpg,cat
Cat/4414.jpg,cat
Cat/4415.jpg,cat
Cat/4416.jpg,cat
Cat/4417.jpg,cat
Cat/4419.jpg,cat
Cat/442.jpg,cat
Cat/4420.jpg,cat
Cat/4421.jpg,cat
Cat/4422.jpg,cat
Cat/4424.jpg,cat
Cat/4425.jpg,cat
Cat/4426.jpg,cat
Cat/4427.jpg,cat
Cat/4428.jpg,cat
Cat/4429.jpg,cat
Cat/443.jpg,cat
Cat/4430.jpg,cat
Cat/4431.jpg,cat
Cat/4432.jpg,cat
Cat/4436.jpg,cat
Cat/4437.jpg,cat
Cat/4438.jpg,cat
Cat/4439.jpg,cat
Cat/444.jpg,cat
Cat/4441.jpg,cat
Cat/4442.jpg,cat
Cat/4443.jpg,cat
Cat/4444.jpg,cat
Cat/4446.jpg,cat
Cat/4447.jpg,cat
Cat/4449.jpg,cat
Cat/445.jpg,cat
Cat/4450.jpg,cat
Cat/4451.jpg,cat
Cat/4452.jpg,cat
Cat/4453.jpg,cat
Cat/4454.jpg,cat
Cat/4455.jpg,cat
Cat/4456.jpg,cat
Cat/4457.jpg,cat
Cat/4458.jpg,cat
Cat/446.jpg,cat
Cat/4460.jpg,cat
Cat/4461.jpg,cat
Cat/4462.jpg,cat
Cat/4464.jpg,cat
Cat/4465.jpg,cat
Cat/4466.jpg,cat
Cat/4467.jpg,cat
Cat/4468.jpg,cat
Cat/4469.jpg,cat
Cat/447.jpg,cat
Cat/4471.jpg,cat
Cat/4472.jpg,cat
Cat/4473.jpg,cat
Cat/4475.jpg,cat
Cat/4476.jpg,cat
Cat/4478.jpg,cat
Cat/4479.jpg,cat
Cat/448.jpg,cat
Cat/4480.jpg,cat
Cat/4481.jpg,cat
Cat/4482.jpg,cat
Cat/4483.jpg,cat
Cat/4484.jpg,cat
Cat/4485.jpg,cat
Cat/4486.jpg,cat
Cat/4489.jpg,cat
Cat/449.jpg,cat
Cat/4490.jpg,cat
Cat/4491.jpg,cat
Cat/4492.jpg,cat
Cat/4494.jpg,cat
Cat/4496.jpg,cat
Cat/4497.jpg,cat
Cat/4498.jpg,cat
Cat/4499.jpg,cat
Cat/45.jpg,cat
Cat/450.jpg,cat
Cat/4502.jpg,cat
Cat/4503.jpg,cat
Cat/4505.jpg,cat
Cat/4506.jpg,cat
Cat/4507.jpg,cat
Cat/4508.jpg,cat
Cat/4509.jpg,cat
Cat/451.jpg,cat
Cat/4510.jpg,cat
Cat/4511.jpg,cat
Cat/4512.jpg,cat
Cat/4513.jpg,cat
Cat/4515.jpg,cat
Cat/4516.jpg,cat
Cat/4517.jpg,cat
Cat/4518.jpg,cat
Cat/452.jpg,cat
Cat/4521.jpg,cat
Cat/4522.jpg,cat
Cat/4523.jpg,cat
Cat/4524.jpg,cat
Cat/4528.jpg,cat
Cat/4529.jpg,cat
Cat/453.jpg,cat
Cat/4530.jpg,cat
Cat/4531.jpg,cat
Cat/4532.jpg,cat
Cat/4533.jpg,cat
Cat/4534.jpg,cat
Cat/4535.jpg,cat
Cat/4536.jpg,cat
Cat/4537.jpg,cat
Cat/4538.jpg,cat
Cat/4539.jpg,cat
Cat/454.jpg,cat
Cat/4541.jpg,cat
Cat/4542.jpg,cat
Cat/4543.jpg,cat
Cat/4544.jpg,cat
Cat/4545.jpg,cat
Cat/4546.jpg,cat
Cat/4547.jpg,cat
Cat/4548.jpg,cat
Cat/4549.jpg,cat
Cat/4551.jpg,cat
Cat/4552.jpg,cat
Cat/4553.jpg,cat
Cat/4555.jpg,cat
Cat/4556.jpg,cat
Cat/4558.jpg,cat
Cat/4560.jpg,cat
Cat/4562.jpg,cat
Cat/4563.jpg,cat
Cat/4564.jpg,cat
Cat/4565.jpg,cat
Cat/4566.jpg,cat
Cat/4567.jpg,cat
Cat/4569.jpg,cat
Cat/4570.jpg,cat
Cat/4571.jpg,cat
Cat/4572.jpg,cat
Cat/4573.jpg,cat
Cat/4574.jpg,cat
Cat/4576.jpg,cat
Cat/4577.jpg,cat
Cat/4578.jpg,cat
Cat/4579.jpg,cat
Cat/458.jpg,cat
Cat/4580.jpg,cat
Cat/4581.jpg,cat
Cat/4583.jpg,cat
Cat/4584.jpg,cat
Cat/4585.jpg,cat
Cat/4586.jpg,cat
Cat/4587.jpg,cat
Cat/4589.jpg,cat
Cat/459.jpg,cat
Cat/4590.jpg,cat
Cat/4591.jpg,cat
Cat/4592.jpg,cat
Cat/4593.jpg,cat
Cat/4594.jpg,cat
Cat/4595.jpg,cat
Cat/4596.jpg,cat
Cat/4597.jpg,cat
Cat/4598.jpg,cat
Cat/4599.jpg,cat
Cat/46.jpg,cat
Cat/460.jpg,cat
Cat/4600.jpg,cat
Cat/4601.jpg,cat
Cat/4602.jpg,cat
Cat/4603.jpg,cat
Cat/4605.jpg,cat
Cat/4607.jpg,cat
Cat/4608.jpg,cat
Cat/4609.jpg,cat
Cat/461.jpg,cat
Cat/4613.jpg,cat
Cat/4614.jpg,cat
Cat/4615.jpg,cat
Cat/4617.jpg,cat
Cat/4619.jpg,cat
Cat/462.jpg,cat
Cat/4620.jpg,cat
Cat/4621.jpg,cat
Cat/4622.jpg,cat
Cat/4624.jpg,cat
Cat/4625.jpg,cat
Cat/4626.jpg,cat
Cat/4627.jpg,cat
Cat/4628.jpg,cat
Cat/4629.jpg,cat
Cat/4630.jpg,cat
Cat/4631.jpg,cat
Cat/4632.jpg,cat
Cat/4633.jpg,cat
Cat/4634.jpg,cat
Cat/4635.jpg,cat
Cat/4636.jpg,cat
Cat/4637.jpg,cat
Cat/4638.jpg,cat
Cat/4639.jpg,cat
Cat/464.jpg,cat
Cat/4640.jpg,cat
Cat/4641.jpg,cat
Cat/4642.jpg,cat
Cat/4643.jpg,cat
Cat/4644.jpg,cat
Cat/4645.jpg,cat
Cat/4646.jpg,cat
Cat/4647.jpg,cat
Cat/4648.jpg,cat
Cat/465.jpg,cat
Cat/4650.jpg,cat
Cat/4652.jpg,cat
Cat/4653.jpg,cat
Cat/4654.jpg,cat
Cat/4655.jpg,cat
Cat/4656.jpg,cat
Cat/4658.jpg,cat
Cat/4659.jpg,cat
Cat/4660.jpg,cat
Cat/4661.jpg,cat
Cat/4664.jpg,cat
Cat/4666.jpg,cat
Cat/4668.jpg,cat
Cat/4669.jpg,cat
Cat/467.jpg,cat
Cat/4671.jpg,cat
Cat/4672.jpg,cat
Cat/4674.jpg,cat
Cat/4675.jpg,cat
Cat/4676.jpg,cat
Cat/4677.jpg,cat
Cat/4678.jpg,cat
Cat/4679.jpg,cat
Cat/468.jpg,cat
Cat/4681.jpg,cat
Cat/4682.jpg,cat
Cat/4683.jpg,cat
Cat/4684.jpg,cat
Cat/4685.jpg,cat
Cat/4686.jpg,cat
Cat/4687.jpg,cat
Cat/469.jpg,cat
Cat/4690.jpg,cat
Cat/4691.jpg,cat
Cat/4692.jpg,cat
Cat/4693.jpg,cat
Cat/4694.jpg,cat
Cat/4695.jpg,cat
Cat/4696.jpg,cat
Cat/4697.jpg,cat
Cat/4698.jpg,cat
Cat/4699.jpg,cat
Cat/47.jpg,cat
Cat/470.jpg,cat
Cat/4701.jpg,cat
Cat/4702.jpg,cat
Cat/4703.jpg,cat
Cat/4704.jpg,cat
Cat/4705.jpg,cat
Cat/4706.jpg,cat
Cat/4707.jpg,cat
Cat/4708.jpg,cat
Cat/4709.jpg,cat
Cat/471.jpg,cat
Cat/4710.jpg,cat
Cat/4711.jpg,cat
Cat/4712.jpg,cat
Cat/4713.jpg,cat
Cat/4714.jpg,cat
Cat/4715.jpg,cat
Cat/4717.jpg,cat
Cat/4718.jpg,cat
Cat/472.jpg,cat
Cat/4721.jpg,cat
Cat/4722.jpg,cat
Cat/4723.jpg,cat
Cat/4724.jpg,cat
Cat/4725.jpg,cat
Cat/4727.jpg,cat
Cat/4728.jpg,cat
Cat/4729.jpg,cat
Cat/473.jpg,cat
Cat/4731.jpg,cat
Cat/4732.jpg,cat
Cat/4734.jpg,cat
Cat/4735.jpg,cat
Cat/4737.jpg,cat
Cat/4738.jpg,cat
Cat/4739.jpg,cat
Cat/474.jpg,cat
Cat/4740.jpg,cat
Cat/4741.jpg,cat
Cat/4742.jpg,cat
Cat/4743.jpg,cat
Cat/4745.jpg,cat
Cat/4746.jpg,cat
Cat/4748.jpg,cat
Cat/4749.jpg,cat
Cat/475.jpg,cat
Cat/4750.jpg,cat
Cat/4751.jpg,cat
Cat/4752.jpg,cat
Cat/4754.jpg,cat
Cat/4755.jpg,cat
Cat/4757.jpg,cat
Cat/4759.jpg,cat
Cat/476.jpg,cat
Cat/4760.jpg,cat
Cat/4761.jpg,cat
Cat/4764.jpg,cat
Cat/4765.jpg,cat
Cat/4766.jpg,cat
Cat/4767.jpg,cat
Cat/4768.jpg,cat
Cat/4769.jpg,cat
Cat/477.jpg,cat
Cat/4770.jpg,cat
Cat/4771.jpg,cat
Cat/4772.jpg,cat
Cat/4773.jpg,cat
Cat/4774.jpg,cat
Cat/4775.jpg,cat
Cat/4776.jpg,cat
Cat/4778.jpg,cat
Cat/478.jpg,cat
Cat/4780.jpg,cat
Cat/4781.jpg,cat
Cat/4782.jpg,cat
Cat/4783.jpg,cat
Cat/4784.jpg,cat
Cat/4785.jpg,cat
Cat/4786.jpg,cat
Cat/4787.jpg,cat
Cat/4789.jpg,cat
Cat/479.jpg,cat
Cat/4790.jpg,cat
Cat/4793.jpg,cat
Cat/4794.jpg,cat
Cat/4795.jpg,cat
Cat/4796.jpg,cat
Cat/4797.jpg,cat
Cat/4799.jpg,cat
Cat/48.jpg,cat
Cat/480.jpg,cat
Cat/4800.jpg,cat
Cat/4801.jpg,cat
Cat/4802.jpg,cat
Cat/4803.jpg,cat
Cat/4805.jpg,cat
Cat/4806.jpg,cat
Cat/4807.jpg,cat
Cat/4808.jpg,cat
Cat/4809.jpg,cat
Cat/481.jpg,cat
Cat/4810.jpg,cat
Cat/4811.jpg,cat
Cat/4812.jpg,cat
Cat/4813.jpg,cat
Cat/4815.jpg,cat
Cat/4818.jpg,cat
Cat/4819.jpg,cat
Cat/482.jpg,cat
Cat/4820.jpg,cat
Cat/4821.jpg,cat
Cat/4822.jpg,cat
Cat/4823.jpg,cat
Cat/4824.jpg,cat
Cat/4825.jpg,cat
Cat/4827.jpg,cat
Cat/4828.jpg,cat
Cat/4829.jpg,cat
Cat/4830.jpg,cat
Cat/4831.jpg,cat
Cat/4832.jpg,cat
Cat/4833.jpg,cat
Cat/4834.jpg,cat
Cat/4836.jpg,cat
Cat/4837.jpg,cat
Cat/4838.jpg,cat
Cat/4839.jpg,cat
Cat/484.jpg,cat
Cat/4841.jpg,cat
Cat/4842.jpg,cat
Cat/4843.jpg,cat
Cat/4845.jpg,cat
Cat/4846.jpg,cat
Cat/4847.jpg,cat
Cat/4848.jpg,cat
Cat/485.jpg,cat
Cat/4851.jpg,cat
Cat/4852.jpg,cat
Cat/4853.jpg,cat
Cat/4854.jpg,cat
Cat/4855.jpg,cat
Cat/4856.jpg,cat
Cat/4857.jpg,cat
Cat/4858.jpg,cat
Cat/4859.jpg,cat
Cat/486.jpg,cat
Cat/4860.jpg,cat
Cat/4862.jpg,cat
Cat/4863.jpg,cat
Cat/4864.jpg,cat
Cat/4865.jpg,cat
Cat/4866.jpg,cat
Cat/4867.jpg,cat
Cat/4868.jpg,cat
Cat/487.jpg,cat
Cat/4871.jpg,cat
Cat/4872.jpg,cat
Cat/4874.jpg,cat
Cat/4875.jpg,cat
Cat/4876.jpg,cat
Cat/4877.jpg,cat
Cat/4878.jpg,cat
Cat/4879.jpg,cat
Cat/488.jpg,cat
Cat/4880.jpg,cat
Cat/4882.jpg,cat
Cat/4883.jpg,cat
Cat/4884.jpg,cat
Cat/4885.jpg,cat
Cat/4886.jpg,cat
Cat/4887.jpg,cat
Cat/4888.jpg,cat
Cat/4889.jpg,cat
Cat/489.jpg,cat
Cat/4890.jpg,cat
Cat/4891.jpg,cat
Cat/4892.jpg,cat
Cat/4893.jpg,cat
Cat/4894.jpg,cat
Cat/4895.jpg,cat
Cat/4896.jpg,cat
Cat/4897.jpg,cat
Cat/4898.jpg,cat
Cat/4899.jpg,cat
Cat/490.jpg,cat
Cat/4900.jpg,cat
Cat/4901.jpg,cat
Cat/4902.jpg,cat
Cat/4903.jpg,cat
Cat/4905.jpg,cat
Cat/4906.jpg,cat
Cat/4908.jpg,cat
Cat/4909.jpg,cat
Cat/491.jpg,cat
Cat/4910.jpg,cat
Cat/4911.jpg,cat
Cat/4912.jpg,cat
Cat/4913.jpg,cat
Cat/4914.jpg,cat
Cat/4915.jpg,cat
Cat/4917.jpg,cat
Cat/4918.jpg,cat
Cat/4919.jpg,cat
Cat/492.jpg,cat
Cat/4921.jpg,cat
Cat/4922.jpg,cat
Cat/4923.jpg,cat
Cat/4924.jpg,cat
Cat/4925.jpg,cat
Cat/4926.jpg,cat
Cat/4927.jpg,cat
Cat/4928.jpg,cat
Cat/4929.jpg,cat
Cat/493.jpg,cat
Cat/4930.jpg,cat
Cat/4931.jpg,cat
Cat/4932.jpg,cat
Cat/4933.jpg,cat
Cat/4934.jpg,cat
Cat/4936.jpg,cat
Cat/4937.jpg,cat
Cat/4938.jpg,cat
Cat/494.jpg,cat
Cat/4942.jpg,cat
Cat/4943.jpg,cat
Cat/4944.jpg,cat
Cat/4945.jpg,cat
Cat/4947.jpg,cat
Cat/4948.jpg,cat
Cat/4949.jpg,cat
Cat/495.jpg,cat
Cat/4952.jpg,cat
Cat/4954.jpg,cat
Cat/4956.jpg,cat
Cat/4958.jpg,cat
Cat/4959.jpg,cat
Cat/496.jpg,cat
Cat/4961.jpg,cat
Cat/4962.jpg,cat
Cat/4963.jpg,cat
Cat/4964.jpg,cat
Cat/4965.jpg,cat
Cat/4966.jpg,cat
Cat/4967.jpg,cat
Cat/4968.jpg,cat
Cat/4969.jpg,cat
Cat/497.jpg,cat
Cat/4970.jpg,cat
Cat/4973.jpg,cat
Cat/4974.jpg,cat
Cat/4976.jpg,cat
Cat/4977.jpg,cat
Cat/4978.jpg,cat
Cat/4979.jpg,cat
Cat/498.jpg,cat
Cat/4980.jpg,cat
Cat/4982.jpg,cat
Cat/4983.jpg,cat
Cat/4984.jpg,cat
Cat/4985.jpg,cat
Cat/4986.jpg,cat
Cat/4987.jpg,cat
Cat/4988.jpg,cat
Cat/4989.jpg,cat
Cat/499.jpg,cat
Cat/4990.jpg,cat
Cat/4992.jpg,cat
Cat/4993.jpg,cat
Cat/4994.jpg,cat
Cat/4995.jpg,cat
Cat/4996.jpg,cat
Cat/4997.jpg,cat
Cat/4998.jpg,cat
Cat/4999.jpg,cat
Cat/5.jpg,cat
Cat/50.jpg,cat
Cat/500.jpg,cat
Cat/5001.jpg,cat
Cat/5003.jpg,cat
Cat/5004.jpg,cat
Cat/5005.jpg,cat
Cat/5006.jpg,cat
Cat/5007.jpg,cat
Cat/5008.jpg,cat
Cat/5009.jpg,cat
Cat/501.jpg,cat
Cat/5010.jpg,cat
Cat/5011.jpg,cat
Cat/5012.jpg,cat
Cat/5014.jpg,cat
Cat/5015.jpg,cat
Cat/5016.jpg,cat
Cat/5018.jpg,cat
Cat/5019.jpg,cat
Cat/502.jpg,cat
Cat/5020.jpg,cat
Cat/5021.jpg,cat
Cat/5023.jpg,cat
Cat/5024.jpg,cat
Cat/5025.jpg,cat
Cat/5026.jpg,cat
Cat/5027.jpg,cat
Cat/5029.jpg,cat
Cat/5032.jpg,cat
Cat/5034.jpg,cat
Cat/5036.jpg,cat
Cat/5037.jpg,cat
Cat/5038.jpg,cat
Cat/5039.jpg,cat
Cat/504.jpg,cat
Cat/5040.jpg,cat
Cat/5041.jpg,cat
Cat/5042.jpg,cat
Cat/5043.jpg,cat
Cat/5045.jpg,cat
Cat/5048.jpg,cat
Cat/5049.jpg,cat
Cat/5051.jpg,cat
Cat/5052.jpg,cat
Cat/5053.jpg,cat
Cat/5054.jpg,cat
Cat/5055.jpg,cat
Cat/5056.jpg,cat
Cat/5057.jpg,cat
Cat/5058.jpg,cat
Cat/506.jpg,cat
Cat/5060.jpg,cat
Cat/5061.jpg,cat
Cat/5062.jpg,cat
Cat/5063.jpg,cat
Cat/5065.jpg,cat
Cat/5066.jpg,cat
Cat/5067.jpg,cat
Cat/5068.jpg,cat
Cat/5069.jpg,cat
Cat/5070.jpg,cat
Cat/5071.jpg,cat
Cat/5072.jpg,cat
Cat/5073.jpg,cat
Cat/5075.jpg,cat
Cat/5077.jpg,cat
Cat/5079.jpg,cat
Cat/508.jpg,cat
Cat/5081.jpg,cat
Cat/5082.jpg,cat
Cat/5083.jpg,cat
Cat/5084.jpg,cat
Cat/5085.jpg,cat
Cat/5086.jpg,cat
Cat/5087.jpg,cat
Cat/5089.jpg,cat
Cat/509.jpg,cat
Cat/5090.jpg,cat
Cat/5091.jpg,cat
Cat/5093.jpg,cat
Cat/5094.jpg,cat
Cat/5095.jpg,cat
Cat/5096.jpg,cat
Cat/5097.jpg,cat
Cat/5098.jpg,cat
Cat/5099.jpg,cat
Cat/51.jpg,cat
Cat/510.jpg,cat
Cat/5100.jpg,cat
Cat/5101.jpg,cat
Cat/5103.jpg,cat
Cat/5107.jpg,cat
Cat/5108.jpg,cat
Cat/5109.jpg,cat
Cat/511.jpg,cat
Cat/5113.jpg,cat
Cat/5114.jpg,cat
Cat/5116.jpg,cat
Cat/5117.jpg,cat
Cat/5118.jpg,cat
Cat/5121.jpg,cat
Cat/5122.jpg,cat
Cat/5123.jpg,cat
Cat/5124.jpg,cat
Cat/5125.jpg,cat
Cat/5126.jpg,cat
Cat/5127.jpg,cat
Cat/5129.jpg,cat
Cat/513.jpg,cat
Cat/5130.jpg,cat
Cat/5131.jpg,cat
Cat/5132.jpg,cat
Cat/5133.jpg,cat
Cat/5134.jpg,cat
Cat/5135.jpg,cat
Cat/5136.jpg,cat
Cat/5137.jpg,cat
Cat/5139.jpg,cat
Cat/514.jpg,cat
Cat/5142.jpg,cat
Cat/5143.jpg,cat
Cat/5144.jpg,cat
Cat/5145.jpg,cat
Cat/5146.jpg,cat
Cat/5147.jpg,cat
Cat/5148.jpg,cat
Cat/5149.jpg,cat
Cat/515.jpg,cat
Cat/5151.jpg,cat
Cat/5152.jpg,cat
Cat/5153.jpg,cat
Cat/5154.jpg,cat
Cat/5156.jpg,cat
Cat/5157.jpg,cat
Cat/5158.jpg,cat
Cat/5159.jpg,cat
Cat/516.jpg,cat
Cat/5160.jpg,cat
Cat/5161.jpg,cat
Cat/5162.jpg,cat
Cat/5163.jpg,cat
Cat/5164.jpg,cat
Cat/5166.jpg,cat
Cat/5167.jpg,cat
Cat/5168.jpg,cat
Cat/5169.jpg,cat
Cat/517.jpg,cat
Cat/5171.jpg,cat
Cat/5172.jpg,cat
Cat/5173.jpg,cat
Cat/5174.jpg,cat
Cat/5175.jpg,cat
Cat/5177.jpg,cat
Cat/5178.jpg,cat
Cat/518.jpg,cat
Cat/5180.jpg,cat
Cat/5181.jpg,cat
Cat/5182.jpg,cat
Cat/5184.jpg,cat
Cat/5185.jpg,cat
Cat/5188.jpg,cat
Cat/5189.jpg,cat
Cat/519.jpg,cat
Cat/5190.jpg,cat
Cat/5191.jpg,cat
Cat/5194.jpg,cat
Cat/5195.jpg,cat
Cat/5196.jpg,cat
Cat/5199.jpg,cat
Cat/52.jpg,cat
Cat/520.jpg,cat
Cat/5200.jpg,cat
Cat/5201.jpg,cat
Cat/5202.jpg,cat
Cat/5203.jpg,cat
Cat/5204.jpg,cat
Cat/5205.jpg,cat
Cat/5206.jpg,cat
Cat/5207.jpg,cat
Cat/5208.jpg,cat
Cat/521.jpg,cat
Cat/5210.jpg,cat
Cat/5211.jpg,cat
Cat/5212.jpg,cat
Cat/5213.jpg,cat
Cat/5214.jpg,cat
Cat/5215.jpg,cat
Cat/5216.jpg,cat
Cat/5217.jpg,cat
Cat/5219.jpg,cat
Cat/522.jpg,cat
Cat/5220.jpg,cat
Cat/5222.jpg,cat
Cat/5223.jpg,cat
Cat/5225.jpg,cat
Cat/5226.jpg,cat
Cat/5227.jpg,cat
Cat/5228.jpg,cat
Cat/5229.jpg,cat
Cat/523.jpg,cat
Cat/5230.jpg,cat
Cat/5232.jpg,cat
Cat/5233.jpg,cat
Cat/5234.jpg,cat
Cat/5236.jpg,cat
Cat/5237.jpg,cat
Cat/5238.jpg,cat
Cat/5239.jpg,cat
Cat/524.jpg,cat
Cat/5241.jpg,cat
Cat/5242.jpg,cat
Cat/5243.jpg,cat
Cat/5244.jpg,cat
Cat/5245.jpg,cat
Cat/5247.jpg,cat
Cat/5248.jpg,cat
Cat/5249.jpg,cat
Cat/525.jpg,cat
Cat/5250.jpg,cat
Cat/5251.jpg,cat
Cat/5252.jpg,cat
Cat/5253.jpg,cat
Cat/5255.jpg,cat
Cat/5256.jpg,cat
Cat/5257.jpg,cat
Cat/5258.jpg,cat
Cat/5259.jpg,cat
Cat/526.jpg,cat
Cat/5260.jpg,cat
Cat/5261.jpg,cat
Cat/5262.jpg,cat
Cat/5263.jpg,cat
Cat/5264.jpg,cat
Cat/5266.jpg,cat
Cat/5267.jpg,cat
Cat/5268.jpg,cat
Cat/5269.jpg,cat
Cat/527.jpg,cat
Cat/5270.jpg,cat
Cat/5271.jpg,cat
Cat/5273.jpg,cat
Cat/5274.jpg,cat
Cat/5275.jpg,cat
Cat/5276.jpg,cat
Cat/5277.jpg,cat
Cat/5280.jpg,cat
Cat/5281.jpg,cat
Cat/5282.jpg,cat
Cat/5283.jpg,cat
Cat/5284.jpg,cat
Cat/5286.jpg,cat
Cat/5287.jpg,cat
Cat/5288.jpg,cat
Cat/5289.jpg,cat
Cat/529.jpg,cat
Cat/5290.jpg,cat
Cat/5291.jpg,cat
Cat/5293.jpg,cat
Cat/5294.jpg,cat
Cat/5295.jpg,cat
Cat/5297.jpg,cat
Cat/5298.jpg,cat
Cat/5299.jpg,cat
Cat/53.jpg,cat
Cat/530.jpg,cat
Cat/5300.jpg,cat
Cat/5301.jpg,cat
Cat/5302.jpg,cat
Cat/5303.jpg,cat
Cat/5304.jpg,cat
Cat/5305.jpg,cat
Cat/5306.jpg,cat
Cat/5307.jpg,cat
Cat/5308.jpg,cat
Cat/5309.jpg,cat
Cat/531.jpg,cat
Cat/5311.jpg,cat
Cat/5312.jpg,cat
Cat/5313.jpg,cat
Cat/5314.jpg,cat
Cat/5315.jpg,cat
Cat/5318.jpg,cat
Cat/5319.jpg,cat
Cat/532.jpg,cat
Cat/5320.jpg,cat
Cat/5321.jpg,cat
Cat/5322.jpg,cat
Cat/5323.jpg,cat
Cat/5324.jpg,cat
Cat/5326.jpg,cat
Cat/5327.jpg,cat
Cat/5328.jpg,cat
Cat/5329.jpg,cat
Cat/5330.jpg,cat
Cat/5331.jpg,cat
Cat/5332.jpg,cat
Cat/5333.jpg,cat
Cat/5334.jpg,cat
Cat/5335.jpg,cat
Cat/5336.jpg,cat
Cat/5338.jpg,cat
Cat/5340.jpg,cat
Cat/5341.jpg,cat
Cat/5342.jpg,cat
Cat/5343.jpg,cat
Cat/5344.jpg,cat
Cat/5345.jpg,cat
Cat/5346.jpg,cat
Cat/5347.jpg,cat
Cat/5348.jpg,cat
Cat/5349.jpg,cat
Cat/535.jpg,cat
Cat/5350.jpg,cat
Cat/5351.jpg,cat
Cat/5352.jpg,cat
Cat/5353.jpg,cat
Cat/5354.jpg,cat
Cat/5355.jpg,cat
Cat/5356.jpg,cat
Cat/5357.jpg,cat
Cat/5358.jpg,cat
Cat/5359.jpg,cat
Cat/536.jpg,cat
Cat/5360.jpg,cat
Cat/5361.jpg,cat
Cat/5362.jpg,cat
Cat/5363.jpg,cat
Cat/5364.jpg,cat
Cat/5365.jpg,cat
Cat/5366.jpg,cat
Cat/5367.jpg,cat
Cat/5368.jpg,cat
Cat/537.jpg,cat
Cat/5370.jpg,cat
Cat/5371.jpg,cat
Cat/5372.jpg,cat
Cat/5373.jpg,cat
Cat/5374.jpg,cat
Cat/5375.jpg,cat
Cat/5376.jpg,cat
Cat/5377.jpg,cat
Cat/5378.jpg,cat
Cat/5379.jpg,cat
Cat/538.jpg,cat
Cat/5380.jpg,cat
Cat/5381.jpg,cat
Cat/5382.jpg,cat
Cat/5384.jpg,cat
Cat/5385.jpg,cat
Cat/5386.jpg,cat
Cat/5387.jpg,cat
Cat/5388.jpg,cat
Cat/5389.jpg,cat
Cat/539.jpg,cat
Cat/5390.jpg,cat
Cat/5391.jpg,cat
Cat/5392.jpg,cat
Cat/5393.jpg,cat
Cat/5394.jpg,cat
Cat/5395.jpg,cat
Cat/5396.jpg,cat
Cat/5397.jpg,cat
Cat/5398.jpg,cat
Cat/5399.jpg,cat
Cat/54.jpg,cat
Cat/540.jpg,cat
Cat/5400.jpg,cat
Cat/5401.jpg,cat
Cat/5403.jpg,cat
Cat/5404.jpg,cat
Cat/5405.jpg,cat
Cat/5406.jpg,cat
Cat/5407.jpg,cat
Cat/5408.jpg,cat
Cat/5409.jpg,cat
Cat/541.jpg,cat
Cat/5411.jpg,cat
Cat/5412.jpg,cat
Cat/5413.jpg,cat
Cat/5414.jpg,cat
Cat/5415.jpg,cat
Cat/5416.jpg,cat
Cat/5417.jpg,cat
Cat/5419.jpg,cat
Cat/542.jpg,cat
Cat/5420.jpg,cat
Cat/5421.jpg,cat
Cat/5422.jpg,cat
Cat/5423.jpg,cat
Cat/5425.jpg,cat
Cat/5426.jpg,cat
Cat/5427.jpg,cat
Cat/5428.jpg,cat
Cat/5429.jpg,cat
Cat/543.jpg,cat
Cat/5430.jpg,cat
Cat/5431.jpg,cat
Cat/5432.jpg,cat
Cat/5433.jpg,cat
Cat/5434.jpg,cat
Cat/5436.jpg,cat
Cat/5437.jpg,cat
Cat/5438.jpg,cat
Cat/5439.jpg,cat
Cat/544.jpg,cat
Cat/5440.jpg,cat
Cat/5441.jpg,cat
Cat/5442.jpg,cat
Cat/5443.jpg,cat
Cat/5444.jpg,cat
Cat/5445.jpg,cat
Cat/5446.jpg,cat
Cat/5447.jpg,cat
Cat/5448.jpg,cat
Cat/5449.jpg,cat
Cat/545.jpg,cat
Cat/5452.jpg,cat
Cat/5453.jpg,cat
Cat/5454.jpg,cat
Cat/5455.jpg,cat
Cat/5456.jpg,cat
Cat/5457.jpg,cat
Cat/5458.jpg,cat
Cat/5459.jpg,cat
Cat/546.jpg,cat
Cat/5460.jpg,cat
Cat/5461.jpg,cat
Cat/5462.jpg,cat
Cat/5463.jpg,cat
Cat/5464.jpg,cat
Cat/5466.jpg,cat
Cat/5468.jpg,cat
Cat/5469.jpg,cat
Cat/5471.jpg,cat
Cat/5472.jpg,cat
Cat/5473.jpg,cat
Cat/5474.jpg,cat
Cat/5475.jpg,cat
Cat/5477.jpg,cat
Cat/5479.jpg,cat
Cat/5481.jpg,cat
Cat/5482.jpg,cat
Cat/5484.jpg,cat
Cat/5485.jpg,cat
Cat/5486.jpg,cat
Cat/5488.jpg,cat
Cat/5489.jpg,cat
Cat/549.jpg,cat
Cat/5490.jpg,cat
Cat/5491.jpg,cat
Cat/5492.jpg,cat
Cat/5493.jpg,cat
Cat/5495.jpg,cat
Cat/5497.jpg,cat
Cat/55.jpg,cat
Cat/550.jpg,cat
Cat/5500.jpg,cat
Cat/5501.jpg,cat
Cat/5502.jpg,cat
Cat/5504.jpg,cat
Cat/5505.jpg,cat
Cat/5506.jpg,cat
Cat/5507.jpg,cat
Cat/5509.jpg,cat
Cat/551.jpg,cat
Cat/5512.jpg,cat
Cat/5514.jpg,cat
Cat/5515.jpg,cat
Cat/5516.jpg,cat
Cat/5517.jpg,cat
Cat/5519.jpg,cat
Cat/552.jpg,cat
Cat/5520.jpg,cat
Cat/5521.jpg,cat
Cat/5522.jpg,cat
Cat/5523.jpg,cat
Cat/5524.jpg,cat
Cat/5525.jpg,cat
Cat/5526.jpg,cat
Cat/5527.jpg,cat
Cat/5528.jpg,cat
Cat/5529.jpg,cat
Cat/553.jpg,cat
Cat/5530.jpg,cat
Cat/5531.jpg,cat
Cat/5532.jpg,cat
Cat/5533.jpg,cat
Cat/5534.jpg,cat
Cat/5535.jpg,cat
Cat/5536.jpg,cat
Cat/5537.jpg,cat
Cat/5538.jpg,cat
Cat/5539.jpg,cat
Cat/554.jpg,cat
Cat/5541.jpg,cat
Cat/5542.jpg,cat
Cat/5543.jpg,cat
Cat/5544.jpg,cat
Cat/5545.jpg,cat
Cat/5546.jpg,cat
Cat/5547.jpg,cat
Cat/5548.jpg,cat
Cat/5549.jpg,cat
Cat/555.jpg,cat
Cat/5550.jpg,cat
Cat/5551.jpg,cat
Cat/5552.jpg,cat
Cat/5553.jpg,cat
Cat/5554.jpg,cat
Cat/5556.jpg,cat
Cat/5557.jpg,cat
Cat/5558.jpg,cat
Cat/5559.jpg,cat
Cat/556.jpg,cat
Cat/5561.jpg,cat
Cat/5562.jpg,cat
Cat/5564.jpg,cat
Cat/5566.jpg,cat
Cat/5568.jpg,cat
Cat/5569.jpg,cat
Cat/5570.jpg,cat
Cat/5571.jpg,cat
Cat/5574.jpg,cat
Cat/5575.jpg,cat
Cat/5577.jpg,cat
Cat/5579.jpg,cat
Cat/558.jpg,cat
Cat/5580.jpg,cat
Cat/5581.jpg,cat
Cat/5582.jpg,cat
Cat/5583.jpg,cat
Cat/5585.jpg,cat
Cat/5586.jpg,cat
Cat/5587.jpg,cat
Cat/5588.jpg,cat
Cat/5589.jpg,cat
Cat/559.jpg,cat
Cat/5590.jpg,cat
Cat/5591.jpg,cat
Cat/5593.jpg,cat
Cat/5594.jpg,cat
Cat/5595.jpg,cat
Cat/5596.jpg,cat
Cat/5598.jpg,cat
Cat/5599.jpg,cat
Cat/56.jpg,cat
Cat/560.jpg,cat
Cat/5600.jpg,cat
Cat/5601.jpg,cat
Cat/5602.jpg,cat
Cat/5603.jpg,cat
Cat/5605.jpg,cat
Cat/5606.jpg,cat
Cat/5609.jpg,cat
Cat/561.jpg,cat
Cat/5610.jpg,cat
Cat/5611.jpg,cat
Cat/5614.jpg,cat
Cat/5615.jpg,cat
Cat/5617.jpg,cat
Cat/5618.jpg,cat
Cat/5619.jpg,cat
Cat/562.jpg,cat
Cat/5620.jpg,cat
Cat/5622.jpg,cat
Cat/5623.jpg,cat
Cat/5624.jpg,cat
Cat/5626.jpg,cat
Cat/5627.jpg,cat
Cat/5628.jpg,cat
Cat/5630.jpg,cat
Cat/5631.jpg,cat
Cat/5632.jpg,cat
Cat/5633.jpg,cat
Cat/5634.jpg,cat
Cat/5635.jpg,cat
Cat/5636.jpg,cat
Cat/5637.jpg,cat
Cat/5638.jpg,cat
Cat/564.jpg,cat
Cat/5640.jpg,cat
Cat/5641.jpg,cat
Cat/5643.jpg,cat
Cat/5644.jpg,cat
Cat/5645.jpg,cat
Cat/5646.jpg,cat
Cat/5647.jpg,cat
Cat/565.jpg,cat
Cat/5651.jpg,cat
Cat/5652.jpg,cat
Cat/5654.jpg,cat
Cat/5655.jpg,cat
Cat/5656.jpg,cat
Cat/5657.jpg,cat
Cat/5658.jpg,cat
Cat/5659.jpg,cat
Cat/566.jpg,cat
Cat/5660.jpg,cat
Cat/5661.jpg,cat
Cat/5662.jpg,cat
Cat/5663.jpg,cat
Cat/5664.jpg,cat
Cat/5665.jpg,cat
Cat/5666.jpg,cat
Cat/5667.jpg,cat
Cat/5668.jpg,cat
Cat/5669.jpg,cat
Cat/567.jpg,cat
Cat/5670.jpg,cat
Cat/5671.jpg,cat
Cat/5672.jpg,cat
Cat/5673.jpg,cat
Cat/5675.jpg,cat
Cat/5676.jpg,cat
Cat/5677.jpg,cat
Cat/5679.jpg,cat
Cat/568.jpg,cat
Cat/5680.jpg,cat
Cat/5681.jpg,cat
Cat/5682.jpg,cat
Cat/5683.jpg,cat
Cat/5684.jpg,cat
Cat/5685.jpg,cat
Cat/5686.jpg,cat
Cat/5687.jpg,cat
Cat/5688.jpg,cat
Cat/569.jpg,cat
Cat/5690.jpg,cat
Cat/5691.jpg,cat
Cat/5692.jpg,cat
Cat/5693.jpg,cat
Cat/5695.jpg,cat
Cat/5697.jpg,cat
Cat/5698.jpg,cat
Cat/5699.jpg,cat
Cat/57.jpg,cat
Cat/570.jpg,cat
Cat/5700.jpg,cat
Cat/5701.jpg,cat
Cat/5702.jpg,cat
Cat/5704.jpg,cat
Cat/5705.jpg,cat
Cat/5706.jpg,cat
Cat/5707.jpg,cat
Cat/5708.jpg,cat
Cat/5709.jpg,cat
Cat/571.jpg,cat
Cat/5710.jpg,cat
Cat/5711.jpg,cat
Cat/5712.jpg,cat
Cat/5713.jpg,cat
Cat/5716.jpg,cat
Cat/5717.jpg,cat
Cat/5718.jpg,cat
Cat/5719.jpg,cat
Cat/572.jpg,cat
Cat/5720.jpg,cat
Cat/5721.jpg,cat
Cat/5722.jpg,cat
Cat/5723.jpg,cat
Cat/5724.jpg,cat
Cat/5725.jpg,cat
Cat/5726.jpg,cat
Cat/5727.jpg,cat
Cat/5728.jpg,cat
Cat/5729.jpg,cat
Cat/573.jpg,cat
Cat/5730.jpg,cat
Cat/5731.jpg,cat
Cat/5732.jpg,cat
Cat/5734.jpg,cat
Cat/5735.jpg,cat
Cat/5736.jpg,cat
Cat/5737.jpg,cat
Cat/5738.jpg,cat
Cat/5739.jpg,cat
Cat/574.jpg,cat
Cat/5740.jpg,cat
Cat/5741.jpg,cat
Cat/5743.jpg,cat
Cat/5744.jpg,cat
Cat/5745.jpg,cat
Cat/5746.jpg,cat
Cat/5747.jpg,cat
Cat/5748.jpg,cat
Cat/5749.jpg,cat
Cat/575.jpg,cat
Cat/5751.jpg,cat
Cat/5752.jpg,cat
Cat/5754.jpg,cat
Cat/5756.jpg,cat
Cat/5758.jpg,cat
Cat/5759.jpg,cat
Cat/576.jpg,cat
Cat/5760.jpg,cat
Cat/5761.jpg,cat
Cat/5762.jpg,cat
Cat/5763.jpg,cat
Cat/5764.jpg,cat
Cat/5765.jpg,cat
Cat/5766.jpg,cat
Cat/5769.jpg,cat
Cat/577.jpg,cat
Cat/5770.jpg,cat
Cat/5772.jpg,cat
Cat/5774.jpg,cat
Cat/5775.jpg,cat
Cat/5776.jpg,cat
Cat/5777.jpg,cat
Cat/5778.jpg,cat
Cat/5779.jpg,cat
Cat/578.jpg,cat
Cat/5780.jpg,cat
Cat/5781.jpg,cat
Cat/5782.jpg,cat
Cat/5783.jpg,cat
Cat/5784.jpg,cat
Cat/5785.jpg,cat
Cat/5786.jpg,cat
Cat/5787.jpg,cat
Cat/5788.jpg,cat
Cat/5789.jpg,cat
Cat/579.jpg,cat
Cat/5790.jpg,cat
Cat/5792.jpg,cat
Cat/5793.jpg,cat
Cat/5794.jpg,cat
Cat/5795.jpg,cat
Cat/5799.jpg,cat
Cat/58.jpg,cat
Cat/5800.jpg,cat
Cat/5801.jpg,cat
Cat/5802.jpg,cat
Cat/5803.jpg,cat
Cat/5804.jpg,cat
Cat/5805.jpg,cat
Cat/5806.jpg,cat
Cat/5807.jpg,cat
Cat/5808.jpg,cat
Cat/5809.jpg,cat
Cat/5810.jpg,cat
Cat/5812.jpg,cat
Cat/5814.jpg,cat
Cat/5815.jpg,cat
Cat/5816.jpg,cat
Cat/5817.jpg,cat
Cat/5818.jpg,cat
Cat/5819.jpg,cat
Cat/582.jpg,cat
Cat/5820.jpg,cat
Cat/5823.jpg,cat
Cat/5824.jpg,cat
Cat/5825.jpg,cat
Cat/5826.jpg,cat
Cat/5827.jpg,cat
Cat/5828.jpg,cat
Cat/5829.jpg,cat
Cat/583.jpg,cat
Cat/5830.jpg,cat
Cat/5831.jpg,cat
Cat/5832.jpg,cat
Cat/5834.jpg,cat
Cat/5835.jpg,cat
Cat/5836.jpg,cat
Cat/5837.jpg,cat
Cat/5838.jpg,cat
Cat/584.jpg,cat
Cat/5840.jpg,cat
Cat/5841.jpg,cat
Cat/5842.jpg,cat
Cat/5844.jpg,cat
Cat/5845.jpg,cat
Cat/5846.jpg,cat
Cat/5847.jpg,cat
Cat/5848.jpg,cat
Cat/5849.jpg,cat
Cat/585.jpg,cat
Cat/5850.jpg,cat
Cat/5851.jpg,cat
Cat/5852.jpg,cat
Cat/5853.jpg,cat
Cat/5854.jpg,cat
Cat/5855.jpg,cat
Cat/5857.jpg,cat
Cat/5858.jpg,cat
Cat/5859.jpg,cat
Cat/586.jpg,cat
Cat/5860.jpg,cat
Cat/5861.jpg,cat
Cat/5862.jpg,cat
Cat/5863.jpg,cat
Cat/5864.jpg,cat
Cat/5867.jpg,cat
Cat/5868.jpg,cat
Cat/5869.jpg,cat
Cat/587.jpg,cat
Cat/5870.jpg,cat
Cat/5871.jpg,cat
Cat/5874.jpg,cat
Cat/5875.jpg,cat
Cat/5876.jpg,cat
Cat/5877.jpg,cat
Cat/5879.jpg,cat
Cat/588.jpg,cat
Cat/5880.jpg,cat
Cat/5884.jpg,cat
Cat/5886.jpg,cat
Cat/5887.jpg,cat
Cat/5888.jpg,cat
Cat/5889.jpg,cat
Cat/589.jpg,cat
Cat/5891.jpg,cat
Cat/5892.jpg,cat
Cat/5894.jpg,cat
Cat/5895.jpg,cat
Cat/5896.jpg,cat
Cat/5897.jpg,cat
Cat/5899.jpg,cat
Cat/59.jpg,cat
Cat/590.jpg,cat
Cat/5900.jpg,cat
Cat/5901.jpg,cat
Cat/5903.jpg,cat
Cat/5904.jpg,cat
Cat/5905.jpg,cat
Cat/5906.jpg,cat
Cat/5907.jpg,cat
Cat/5908.jpg,cat
Cat/591.jpg,cat
Cat/5910.jpg,cat
Cat/5911.jpg,cat
Cat/5912.jpg,cat
Cat/5913.jpg,cat
Cat/5914.jpg,cat
Cat/5915.jpg,cat
Cat/5917.jpg,cat
Cat/5918.jpg,cat
Cat/5919.jpg,cat
Cat/592.jpg,cat
Cat/5920.jpg,cat
Cat/5921.jpg,cat
Cat/5922.jpg,cat
Cat/5923.jpg,cat
Cat/5924.jpg,cat
Cat/5926.jpg,cat
Cat/5927.jpg,cat
Cat/5928.jpg,cat
Cat/5929.jpg,cat
Cat/593.jpg,cat
Cat/5930.jpg,cat
Cat/5931.jpg,cat
Cat/5932.jpg,cat
Cat/5933.jpg,cat
Cat/5934.jpg,cat
Cat/5935.jpg,cat
Cat/5936.jpg,cat
Cat/5938.jpg,cat
Cat/5939.jpg,cat
Cat/594.jpg,cat
Cat/5941.jpg,cat
Cat/5942.jpg,cat
Cat/5943.jpg,cat
Cat/5944.jpg,cat
Cat/5945.jpg,cat
Cat/5947.jpg,cat
Cat/5948.jpg,cat
Cat/5949.jpg,cat
Cat/595.jpg,cat
Cat/5951.jpg,cat
Cat/5952.jpg,cat
Cat/5953.jpg,cat
Cat/5954.jpg,cat
Cat/5955.jpg,cat
Cat/5956.jpg,cat
Cat/5957.jpg,cat
Cat/5959.jpg,cat
Cat/596.jpg,cat
Cat/5960.jpg,cat
Cat/5961.jpg,cat
Cat/5962.jpg,cat
Cat/5963.jpg,cat
Cat/5965.jpg,cat
Cat/5966.jpg,cat
Cat/5967.jpg,cat
Cat/5968.jpg,cat
Cat/5969.jpg,cat
Cat/597.jpg,cat
Cat/5970.jpg,cat
Cat/5971.jpg,cat
Cat/5972.jpg,cat
Cat/5974.jpg,cat
Cat/5975.jpg,cat
Cat/5976.jpg,cat
Cat/5978.jpg,cat
Cat/5979.jpg,cat
Cat/5980.jpg,cat
Cat/5981.jpg,cat
Cat/5982.jpg,cat
Cat/5983.jpg,cat
Cat/5984.jpg,cat
Cat/5986.jpg,cat
Cat/5987.jpg,cat
Cat/5988.jpg,cat
Cat/5989.jpg,cat
Cat/5990.jpg,cat
Cat/5993.jpg,cat
Cat/5995.jpg,cat
Cat/5996.jpg,cat
Cat/5997.jpg,cat
Cat/5998.jpg,cat
Cat/5999.jpg,cat
Cat/6.jpg,cat
Cat/60.jpg,cat
Cat/600.jpg,cat
Cat/6000.jpg,cat
Cat/6001.jpg,cat
Cat/6002.jpg,cat
Cat/6003.jpg,cat
Cat/6004.jpg,cat
Cat/6005.jpg,cat
Cat/6006.jpg,cat
Cat/6008.jpg,cat
Cat/601.jpg,cat
Cat/6010.jpg,cat
Cat/6012.jpg,cat
Cat/6013.jpg,cat
Cat/6015.jpg,cat
Cat/6016.jpg,cat
Cat/6017.jpg,cat
Cat/6018.jpg,cat
Cat/6019.jpg,cat
Cat/602.jpg,cat
Cat/6021.jpg,cat
Cat/6022.jpg,cat
Cat/6023.jpg,cat
Cat/6024.jpg,cat
Cat/6025.jpg,cat
Cat/6026.jpg,cat
Cat/6027.jpg,cat
Cat/6029.jpg,cat
Cat/6030.jpg,cat
Cat/6031.jpg,cat
Cat/6033.jpg,cat
Cat/6034.jpg,cat
Cat/6035.jpg,cat
Cat/6036.jpg,cat
Cat/6037.jpg,cat
Cat/6039.jpg,cat
Cat/604.jpg,cat
Cat/6040.jpg,cat
Cat/6041.jpg,cat
Cat/6044.jpg,cat
Cat/6045.jpg,cat
Cat/6046.jpg,cat
Cat/6047.jpg,cat
Cat/6048.jpg,cat
Cat/6049.jpg,cat
Cat/605.jpg,cat
Cat/6050.jpg,cat
Cat/6051.jpg,cat
Cat/6052.jpg,cat
Cat/6053.jpg,cat
Cat/6054.jpg,cat
Cat/6055.jpg,cat
Cat/6056.jpg,cat
Cat/6057.jpg,cat
Cat/6058.jpg,cat
Cat/6059.jpg,cat
Cat/606.jpg,cat
Cat/6061.jpg,cat
Cat/6063.jpg,cat
Cat/6064.jpg,cat
Cat/6065.jpg,cat
Cat/6066.jpg,cat
Cat/6067.jpg,cat
Cat/6069.jpg,cat
Cat/607.jpg,cat
Cat/6070.jpg,cat
Cat/6071.jpg,cat
Cat/6072.jpg,cat
Cat/6074.jpg,cat
Cat/6075.jpg,cat
Cat/6076.jpg,cat
Cat/6078.jpg,cat
Cat/6079.jpg,cat
Cat/608.jpg,cat
Cat/6080.jpg,cat
Cat/6082.jpg,cat
Cat/6083.jpg,cat
Cat/6084.jpg,cat
Cat/6085.jpg,cat
Cat/6086.jpg,cat
Cat/6087.jpg,cat
Cat/6089.jpg,cat
Cat/609.jpg,cat
Cat/6090.jpg,cat
Cat/6091.jpg,cat
Cat/6092.jpg,cat
Cat/6093.jpg,cat
Cat/6094.jpg,cat
Cat/6095.jpg,cat
Cat/6096.jpg,cat
Cat/6097.jpg,cat
Cat/6098.jpg,cat
Cat/6099.jpg,cat
Cat/61.jpg,cat
Cat/610.jpg,cat
Cat/6100.jpg,cat
Cat/6101.jpg,cat
Cat/6102.jpg,cat
Cat/6103.jpg,cat
Cat/6104.jpg,cat
Cat/6105.jpg,cat
Cat/6106.jpg,cat
Cat/6108.jpg,cat
Cat/6109.jpg,cat
Cat/611.jpg,cat
Cat/6110.jpg,cat
Cat/6111.jpg,cat
Cat/6112.jpg,cat
Cat/6113.jpg,cat
Cat/6114.jpg,cat
Cat/6115.jpg,cat
Cat/6116.jpg,cat
Cat/6118.jpg,cat
Cat/6119.jpg,cat
Cat/6121.jpg,cat
Cat/6122.jpg,cat
Cat/6123.jpg,cat
Cat/6124.jpg,cat
Cat/6125.jpg,cat
Cat/6126.jpg,cat
Cat/6127.jpg,cat
Cat/6128.jpg,cat
Cat/613.jpg,cat
Cat/6130.jpg,cat
Cat/6131.jpg,cat
Cat/6132.jpg,cat
Cat/6133.jpg,cat
Cat/6135.jpg,cat
Cat/6136.jpg,cat
Cat/6137.jpg,cat
Cat/6138.jpg,cat
Cat/6139.jpg,cat
Cat/614.jpg,cat
Cat/6140.jpg,cat
Cat/6141.jpg,cat
Cat/6142.jpg,cat
Cat/6143.jpg,cat
Cat/6144.jpg,cat
Cat/6145.jpg,cat
Cat/6146.jpg,cat
Cat/6147.jpg,cat
Cat/6148.jpg,cat
Cat/6149.jpg,cat
Cat/615.jpg,cat
Cat/6150.jpg,cat
Cat/6151.jpg,cat
Cat/6152.jpg,cat
Cat/6153.jpg,cat
Cat/6154.jpg,cat
Cat/6155.jpg,cat
Cat/6157.jpg,cat
Cat/6158.jpg,cat
Cat/6159.jpg,cat
Cat/616.jpg,cat
Cat/6160.jpg,cat
Cat/6163.jpg,cat
Cat/6164.jpg,cat
Cat/6166.jpg,cat
Cat/6168.jpg,cat
Cat/6169.jpg,cat
Cat/6170.jpg,cat
Cat/6171.jpg,cat
Cat/6173.jpg,cat
Cat/6174.jpg,cat
Cat/6175.jpg,cat
Cat/6176.jpg,cat
Cat/6177.jpg,cat
Cat/6178.jpg,cat
Cat/6179.jpg,cat
Cat/618.jpg,cat
Cat/6181.jpg,cat
Cat/6183.jpg,cat
Cat/6184.jpg,cat
Cat/6185.jpg,cat
Cat/6186.jpg,cat
Cat/6187.jpg,cat
Cat/6189.jpg,cat
Cat/619.jpg,cat
Cat/6190.jpg,cat
Cat/6191.jpg,cat
Cat/6192.jpg,cat
Cat/6193.jpg,cat
Cat/6194.jpg,cat
Cat/6195.jpg,cat
Cat/6196.jpg,cat
Cat/6197.jpg,cat
Cat/6198.jpg,cat
Cat/6199.jpg,cat
Cat/62.jpg,cat
Cat/6200.jpg,cat
Cat/6201.jpg,cat
Cat/6202.jpg,cat
Cat/6203.jpg,cat
Cat/6205.jpg,cat
Cat/6206.jpg,cat
Cat/6207.jpg,cat
Cat/6208.jpg,cat
Cat/6209.jpg,cat
Cat/621.jpg,cat
Cat/6210.jpg,cat
Cat/6211.jpg,cat
Cat/6212.jpg,cat
Cat/6213.jpg,cat
Cat/6215.jpg,cat
Cat/6216.jpg,cat
Cat/6217.jpg,cat
Cat/6218.jpg,cat
Cat/6219.jpg,cat
Cat/622.jpg,cat
Cat/6220.jpg,cat
Cat/6221.jpg,cat
Cat/6223.jpg,cat
Cat/6225.jpg,cat
Cat/6226.jpg,cat
Cat/6228.jpg,cat
Cat/6229.jpg,cat
Cat/623.jpg,cat
Cat/6230.jpg,cat
Cat/6231.jpg,cat
Cat/6232.jpg,cat
Cat/6233.jpg,cat
Cat/6234.jpg,cat
Cat/6235.jpg,cat
Cat/6236.jpg,cat
Cat/6237.jpg,cat
Cat/6238.jpg,cat
Cat/6239.jpg,cat
Cat/624.jpg,cat
Cat/6242.jpg,cat
Cat/6244.jpg,cat
Cat/6245.jpg,cat
Cat/6246.jpg,cat
Cat/6247.jpg,cat
Cat/6248.jpg,cat
Cat/6249.jpg,cat
Cat/6250.jpg,cat
Cat/6251.jpg,cat
Cat/6253.jpg,cat
Cat/6254.jpg,cat
Cat/6255.jpg,cat
Cat/6256.jpg,cat
Cat/6257.jpg,cat
Cat/6259.jpg,cat
Cat/626.jpg,cat
Cat/6260.jpg,cat
Cat/6261.jpg,cat
Cat/6262.jpg,cat
Cat/6263.jpg,cat
Cat/6264.jpg,cat
Cat/6265.jpg,cat
Cat/6266.jpg,cat
Cat/6267.jpg,cat
Cat/6268.jpg,cat
Cat/6269.jpg,cat
Cat/627.jpg,cat
Cat/6270.jpg,cat
Cat/6271.jpg,cat
Cat/6272.jpg,cat
Cat/6273.jpg,cat
Cat/6274.jpg,cat
Cat/6275.jpg,cat
Cat/6276.jpg,cat
Cat/6277.jpg,cat
Cat/6278.jpg,cat
Cat/6280.jpg,cat
Cat/6281.jpg,cat
Cat/6284.jpg,cat
Cat/6285.jpg,cat
Cat/6286.jpg,cat
Cat/6288.jpg,cat
Cat/6289.jpg,cat
Cat/6290.jpg,cat
Cat/6291.jpg,cat
Cat/6292.jpg,cat
Cat/6294.jpg,cat
Cat/6295.jpg,cat
Cat/6296.jpg,cat
Cat/6297.jpg,cat
Cat/6298.jpg,cat
Cat/6299.jpg,cat
Cat/63.jpg,cat
Cat/630.jpg,cat
Cat/6301.jpg,cat
Cat/6304.jpg,cat
Cat/6305.jpg,cat
Cat/6306.jpg,cat
Cat/6307.jpg,cat
Cat/6308.jpg,cat
Cat/6309.jpg,cat
Cat/631.jpg,cat
Cat/6310.jpg,cat
Cat/6311.jpg,cat
Cat/6312.jpg,cat
Cat/6314.jpg,cat
Cat/6315.jpg,cat
Cat/6316.jpg,cat
Cat/6318.jpg,cat
Cat/6319.jpg,cat
Cat/632.jpg,cat
Cat/6321.jpg,cat
Cat/6322.jpg,cat
Cat/6323.jpg,cat
Cat/6325.jpg,cat
Cat/6326.jpg,cat
Cat/6329.jpg,cat
Cat/6330.jpg,cat
Cat/6332.jpg,cat
Cat/6334.jpg,cat
Cat/6335.jpg,cat
Cat/6336.jpg,cat
Cat/6338.jpg,cat
Cat/6339.jpg,cat
Cat/634.jpg,cat
Cat/6340.jpg,cat
Cat/6342.jpg,cat
Cat/6343.jpg,cat
Cat/6344.jpg,cat
Cat/6345.jpg,cat
Cat/6347.jpg,cat
Cat/6348.jpg,cat
Cat/635.jpg,cat
Cat/6351.jpg,cat
Cat/6353.jpg,cat
Cat/6354.jpg,cat
Cat/6355.jpg,cat
Cat/6356.jpg,cat
Cat/6357.jpg,cat
Cat/6358.jpg,cat
Cat/6359.jpg,cat
Cat/636.jpg,cat
Cat/6360.jpg,cat
Cat/6361.jpg,cat
Cat/6362.jpg,cat
Cat/6363.jpg,cat
Cat/6364.jpg,cat
Cat/6365.jpg,cat
Cat/6366.jpg,cat
Cat/6368.jpg,cat
Cat/6369.jpg,cat
Cat/637.jpg,cat
Cat/6370.jpg,cat
Cat/6372.jpg,cat
Cat/6373.jpg,cat
Cat/6374.jpg,cat
Cat/6375.jpg,cat
Cat/6376.jpg,cat
Cat/6377.jpg,cat
Cat/6378.jpg,cat
Cat/638.jpg,cat
Cat/6380.jpg,cat
Cat/6381.jpg,cat
Cat/6382.jpg,cat
Cat/6383.jpg,cat
Cat/6385.jpg,cat
Cat/6386.jpg,cat
Cat/6387.jpg,cat
Cat/6388.jpg,cat
Cat/639.jpg,cat
Cat/6390.jpg,cat
Cat/6391.jpg,cat
Cat/6392.jpg,cat
Cat/6394.jpg,cat
Cat/6395.jpg,cat
Cat/6396.jpg,cat
Cat/6397.jpg,cat
Cat/6398.jpg,cat
Cat/6399.jpg,cat
Cat/6400.jpg,cat
Cat/6401.jpg,cat
Cat/6402.jpg,cat
Cat/6403.jpg,cat
Cat/6404.jpg,cat
Cat/6406.jpg,cat
Cat/6407.jpg,cat
Cat/6408.jpg,cat
Cat/6409.jpg,cat
Cat/6410.jpg,cat
Cat/6411.jpg,cat
Cat/6413.jpg,cat
Cat/6414.jpg,cat
Cat/6415.jpg,cat
Cat/6416.jpg,cat
Cat/6417.jpg,cat
Cat/6418.jpg,cat
Cat/6419.jpg,cat
Cat/642.jpg,cat
Cat/6420.jpg,cat
Cat/6422.jpg,cat
Cat/6423.jpg,cat
Cat/6424.jpg,cat
Cat/6425.jpg,cat
Cat/6426.jpg,cat
Cat/6427.jpg,cat
Cat/6428.jpg,cat
Cat/6429.jpg,cat
Cat/643.jpg,cat
Cat/6430.jpg,cat
Cat/6431.jpg,cat
Cat/6432.jpg,cat
Cat/6433.jpg,cat
Cat/6434.jpg,cat
Cat/6435.jpg,cat
Cat/6438.jpg,cat
Cat/644.jpg,cat
Cat/6443.jpg,cat
Cat/6444.jpg,cat
Cat/6445.jpg,cat
Cat/6447.jpg,cat
Cat/6448.jpg,cat
Cat/6449.jpg,cat
Cat/645.jpg,cat
Cat/6453.jpg,cat
Cat/6455.jpg,cat
Cat/6456.jpg,cat
Cat/6457.jpg,cat
Cat/6458.jpg,cat
Cat/6459.jpg,cat
Cat/6461.jpg,cat
Cat/6462.jpg,cat
Cat/6463.jpg,cat
Cat/6464.jpg,cat
Cat/6465.jpg,cat
Cat/6466.jpg,cat
Cat/6467.jpg,cat
Cat/6470.jpg,cat
Cat/6471.jpg,cat
Cat/6472.jpg,cat
Cat/6473.jpg,cat
Cat/6475.jpg,cat
Cat/6477.jpg,cat
Cat/6478.jpg,cat
Cat/6479.jpg,cat
Cat/648.jpg,cat
Cat/6480.jpg,cat
Cat/6481.jpg,cat
Cat/6482.jpg,cat
Cat/6483.jpg,cat
Cat/6484.jpg,cat
Cat/6485.jpg,cat
Cat/6487.jpg,cat
Cat/6488.jpg,cat
Cat/6489.jpg,cat
Cat/6490.jpg,cat
Cat/6492.jpg,cat
Cat/6494.jpg,cat
Cat/6495.jpg,cat
Cat/6496.jpg,cat
Cat/6497.jpg,cat
Cat/6499.jpg,cat
Cat/65.jpg,cat
Cat/650.jpg,cat
Cat/6500.jpg,cat
Cat/6501.jpg,cat
Cat/6502.jpg,cat
Cat/6503.jpg,cat
Cat/6504.jpg,cat
Cat/6505.jpg,cat
Cat/6506.jpg,cat
Cat/6507.jpg,cat
Cat/6509.jpg,cat
Cat/651.jpg,cat
Cat/6510.jpg,cat
Cat/6511.jpg,cat
Cat/6513.jpg,cat
Cat/6514.jpg,cat
Cat/6515.jpg,cat
Cat/6516.jpg,cat
Cat/6518.jpg,cat
Cat/6520.jpg,cat
Cat/6521.jpg,cat
Cat/6522.jpg,cat
Cat/6523.jpg,cat
Cat/6524.jpg,cat
Cat/6525.jpg,cat
Cat/6526.jpg,cat
Cat/6527.jpg,cat
Cat/6528.jpg,cat
Cat/6529.jpg,cat
Cat/653.jpg,cat
Cat/6530.jpg,cat
Cat/6531.jpg,cat
Cat/6532.jpg,cat
Cat/6533.jpg,cat
Cat/6534.jpg,cat
Cat/6535.jpg,cat
Cat/6536.jpg,cat
Cat/6537.jpg,cat
Cat/6538.jpg,cat
Cat/6539.jpg,cat
Cat/654.jpg,cat
Cat/6540.jpg,cat
Cat/6541.jpg,cat
Cat/6542.jpg,cat
Cat/6543.jpg,cat
Cat/6544.jpg,cat
Cat/6548.jpg,cat
Cat/6549.jpg,cat
Cat/655.jpg,cat
Cat/6550.jpg,cat
Cat/6551.jpg,cat
Cat/6552.jpg,cat
Cat/6554.jpg,cat
Cat/6556.jpg,cat
Cat/6557.jpg,cat
Cat/6559.jpg,cat
Cat/656.jpg,cat
Cat/6560.jpg,cat
Cat/6561.jpg,cat
Cat/6563.jpg,cat
Cat/6564.jpg,cat
Cat/6566.jpg,cat
Cat/6567.jpg,cat
Cat/6568.jpg,cat
Cat/6569.jpg,cat
Cat/657.jpg,cat
Cat/6570.jpg,cat
Cat/6571.jpg,cat
Cat/6572.jpg,cat
Cat/6575.jpg,cat
Cat/6576.jpg,cat
Cat/6577.jpg,cat
Cat/6578.jpg,cat
Cat/6579.jpg,cat
Cat/658.jpg,cat
Cat/6581.jpg,cat
Cat/6582.jpg,cat
Cat/6583.jpg,cat
Cat/6585.jpg,cat
Cat/6586.jpg,cat
Cat/6587.jpg,cat
Cat/6588.jpg,cat
Cat/6589.jpg,cat
Cat/659.jpg,cat
Cat/6590.jpg,cat
Cat/6591.jpg,cat
Cat/6592.jpg,cat
Cat/6593.jpg,cat
Cat/6594.jpg,cat
Cat/6595.jpg,cat
Cat/6596.jpg,cat
Cat/6598.jpg,cat
Cat/6599.jpg,cat
Cat/66.jpg,cat
Cat/660.jpg,cat
Cat/6600.jpg,cat
Cat/6601.jpg,cat
Cat/6602.jpg,cat
Cat/6603.jpg,cat
Cat/6604.jpg,cat
Cat/6605.jpg,cat
Cat/6606.jpg,cat
Cat/6607.jpg,cat
Cat/6608.jpg,cat
Cat/6609.jpg,cat
Cat/661.jpg,cat
Cat/6610.jpg,cat
Cat/6611.jpg,cat
Cat/6613.jpg,cat
Cat/6614.jpg,cat
Cat/6615.jpg,cat
Cat/6616.jpg,cat
Cat/6618.jpg,cat
Cat/6619.jpg,cat
Cat/6620.jpg,cat
Cat/6621.jpg,cat
Cat/6622.jpg,cat
Cat/6624.jpg,cat
Cat/6627.jpg,cat
Cat/6628.jpg,cat
Cat/6629.jpg,cat
Cat/663.jpg,cat
Cat/6630.jpg,cat
Cat/6631.jpg,cat
Cat/6632.jpg,cat
Cat/6633.jpg,cat
Cat/6634.jpg,cat
Cat/6635.jpg,cat
Cat/6636.jpg,cat
Cat/6639.jpg,cat
Cat/664.jpg,cat
Cat/6640.jpg,cat
Cat/6641.jpg,cat
Cat/6642.jpg,cat
Cat/6644.jpg,cat
Cat/6645.jpg,cat
Cat/6646.jpg,cat
Cat/6647.jpg,cat
Cat/6648.jpg,cat
Cat/6649.jpg,cat
Cat/665.jpg,cat
Cat/6650.jpg,cat
Cat/6651.jpg,cat
Cat/6652.jpg,cat
Cat/6653.jpg,cat
Cat/6654.jpg,cat
Cat/6655.jpg,cat
Cat/6656.jpg,cat
Cat/6657.jpg,cat
Cat/6658.jpg,cat
Cat/6659.jpg,cat
Cat/6660.jpg,cat
Cat/6662.jpg,cat
Cat/6663.jpg,cat
Cat/6664.jpg,cat
Cat/6665.jpg,cat
Cat/6666.jpg,cat
Cat/6667.jpg,cat
Cat/6668.jpg,cat
Cat/6669.jpg,cat
Cat/667.jpg,cat
Cat/6671.jpg,cat
Cat/6672.jpg,cat
Cat/6673.jpg,cat
Cat/6675.jpg,cat
Cat/6676.jpg,cat
Cat/6677.jpg,cat
Cat/6679.jpg,cat
Cat/668.jpg,cat
Cat/6680.jpg,cat
Cat/6681.jpg,cat
Cat/6682.jpg,cat
Cat/6683.jpg,cat
Cat/6685.jpg,cat
Cat/6686.jpg,cat
Cat/6687.jpg,cat
Cat/6688.jpg,cat
Cat/6689.jpg,cat
Cat/669.jpg,cat
Cat/6690.jpg,cat
Cat/6692.jpg,cat
Cat/6693.jpg,cat
Cat/6694.jpg,cat
Cat/6695.jpg,cat
Cat/6696.jpg,cat
Cat/6697.jpg,cat
Cat/6698.jpg,cat
Cat/6699.jpg,cat
Cat/67.jpg,cat
Cat/670.jpg,cat
Cat/6700.jpg,cat
Cat/6702.jpg,cat
Cat/6703.jpg,cat
Cat/6704.jpg,cat
Cat/6705.jpg,cat
Cat/6706.jpg,cat
Cat/6707.jpg,cat
Cat/6708.jpg,cat
Cat/6709.jpg,cat
Cat/671.jpg,cat
Cat/6710.jpg,cat
Cat/6713.jpg,cat
Cat/6714.jpg,cat
Cat/6715.jpg,cat
Cat/6716.jpg,cat
Cat/6717.jpg,cat
Cat/6718.jpg,cat
Cat/6719.jpg,cat
Cat/672.jpg,cat
Cat/6720.jpg,cat
Cat/6721.jpg,cat
Cat/6722.jpg,cat
Cat/6723.jpg,cat
Cat/6724.jpg,cat
Cat/6725.jpg,cat
Cat/6726.jpg,cat
Cat/6727.jpg,cat
Cat/6728.jpg,cat
Cat/6729.jpg,cat
Cat/673.jpg,cat
Cat/6730.jpg,cat
Cat/6731.jpg,cat
Cat/6732.jpg,cat
Cat/6733.jpg,cat
Cat/6734.jpg,cat
Cat/6735.jpg,cat
Cat/6736.jpg,cat
Cat/6737.jpg,cat
Cat/6738.jpg,cat
Cat/6739.jpg,cat
Cat/674.jpg,cat
Cat/6740.jpg,cat
Cat/6741.jpg,cat
Cat/6742.jpg,cat
Cat/6743.jpg,cat
Cat/6746.jpg,cat
Cat/6748.jpg,cat
Cat/6749.jpg,cat
Cat/675.jpg,cat
Cat/6750.jpg,cat
Cat/6751.jpg,cat
Cat/6752.jpg,cat
Cat/6753.jpg,cat
Cat/6754.jpg,cat
Cat/6756.jpg,cat
Cat/6757.jpg,cat
Cat/6758.jpg,cat
Cat/676.jpg,cat
Cat/6762.jpg,cat
Cat/6763.jpg,cat
Cat/6764.jpg,cat
Cat/6765.jpg,cat
Cat/6766.jpg,cat
Cat/6767.jpg,cat
Cat/6768.jpg,cat
Cat/6769.jpg,cat
Cat/677.jpg,cat
Cat/6770.jpg,cat
Cat/6771.jpg,cat
Cat/6772.jpg,cat
Cat/6773.jpg,cat
Cat/6775.jpg,cat
Cat/6776.jpg,cat
Cat/6777.jpg,cat
Cat/6778.jpg,cat
Cat/6779.jpg,cat
Cat/6780.jpg,cat
Cat/6781.jpg,cat
Cat/6782.jpg,cat
Cat/6783.jpg,cat
Cat/6784.jpg,cat
Cat/6786.jpg,cat
Cat/6787.jpg,cat
Cat/6788.jpg,cat
Cat/6789.jpg,cat
Cat/679.jpg,cat
Cat/6791.jpg,cat
Cat/6793.jpg,cat
Cat/6794.jpg,cat
Cat/6795.jpg,cat
Cat/6797.jpg,cat
Cat/6798.jpg,cat
Cat/6799.jpg,cat
Cat/68.jpg,cat
Cat/6800.jpg,cat
Cat/6801.jpg,cat
Cat/6802.jpg,cat
Cat/6803.jpg,cat
Cat/6804.jpg,cat
Cat/6805.jpg,cat
Cat/6806.jpg,cat
Cat/6807.jpg,cat
Cat/6809.jpg,cat
Cat/681.jpg,cat
Cat/6810.jpg,cat
Cat/6811.jpg,cat
Cat/6812.jpg,cat
Cat/6813.jpg,cat
Cat/6814.jpg,cat
Cat/6815.jpg,cat
Cat/6817.jpg,cat
Cat/6818.jpg,cat
Cat/6820.jpg,cat
Cat/6822.jpg,cat
Cat/6823.jpg,cat
Cat/6824.jpg,cat
Cat/6825.jpg,cat
Cat/6827.jpg,cat
Cat/6829.jpg,cat
Cat/683.jpg,cat
Cat/6830.jpg,cat
Cat/6832.jpg,cat
Cat/6833.jpg,cat
Cat/6834.jpg,cat
Cat/6837.jpg,cat
Cat/6838.jpg,cat
Cat/6839.jpg,cat
Cat/684.jpg,cat
Cat/6841.jpg,cat
Cat/6842.jpg,cat
Cat/6843.jpg,cat
Cat/6844.jpg,cat
Cat/6845.jpg,cat
Cat/6846.jpg,cat
Cat/6847.jpg,cat
Cat/6849.jpg,cat
Cat/685.jpg,cat
Cat/6851.jpg,cat
Cat/6852.jpg,cat
Cat/6853.jpg,cat
Cat/6854.jpg,cat
Cat/6855.jpg,cat
Cat/6858.jpg,cat
Cat/6859.jpg,cat
Cat/6860.jpg,cat
Cat/6861.jpg,cat
Cat/6862.jpg,cat
Cat/6863.jpg,cat
Cat/6864.jpg,cat
Cat/6865.jpg,cat
Cat/6866.jpg,cat
Cat/6867.jpg,cat
Cat/6868.jpg,cat
Cat/6869.jpg,cat
Cat/687.jpg,cat
Cat/6871.jpg,cat
Cat/6872.jpg,cat
Cat/6873.jpg,cat
Cat/6874.jpg,cat
Cat/6875.jpg,cat
Cat/6876.jpg,cat
Cat/6877.jpg,cat
Cat/6878.jpg,cat
Cat/688.jpg,cat
Cat/6880.jpg,cat
Cat/6881.jpg,cat
Cat/6882.jpg,cat
Cat/6885.jpg,cat
Cat/6887.jpg,cat
Cat/6889.jpg,cat
Cat/689.jpg,cat
Cat/6890.jpg,cat
Cat/6891.jpg,cat
Cat/6892.jpg,cat
Cat/6893.jpg,cat
Cat/6894.jpg,cat
Cat/6895.jpg,cat
Cat/6896.jpg,cat
Cat/6897.jpg,cat
Cat/6898.jpg,cat
Cat/6899.jpg,cat
Cat/690.jpg,cat
Cat/6900.jpg,cat
Cat/6901.jpg,cat
Cat/6903.jpg,cat
Cat/6904.jpg,cat
Cat/6905.jpg,cat
Cat/6906.jpg,cat
Cat/6907.jpg,cat
Cat/6908.jpg,cat
Cat/6910.jpg,cat
Cat/6913.jpg,cat
Cat/6914.jpg,cat
Cat/6915.jpg,cat
Cat/6916.jpg,cat
Cat/6917.jpg,cat
Cat/6918.jpg,cat
Cat/6919.jpg,cat
Cat/692.jpg,cat
Cat/6920.jpg,cat
Cat/6921.jpg,cat
Cat/6922.jpg,cat
Cat/6924.jpg,cat
Cat/6925.jpg,cat
Cat/6926.jpg,cat
Cat/6927.jpg,cat
Cat/6928.jpg,cat
Cat/6929.jpg,cat
Cat/693.jpg,cat
Cat/6930.jpg,cat
Cat/6931.jpg,cat
Cat/6932.jpg,cat
Cat/6933.jpg,cat
Cat/6934.jpg,cat
Cat/6935.jpg,cat
Cat/6936.jpg,cat
Cat/6937.jpg,cat
Cat/6939.jpg,cat
Cat/6942.jpg,cat
Cat/6943.jpg,cat
Cat/6945.jpg,cat
Cat/6946.jpg,cat
Cat/6947.jpg,cat
Cat/6948.jpg,cat
Cat/695.jpg,cat
Cat/6951.jpg,cat
Cat/6952.jpg,cat
Cat/6953.jpg,cat
Cat/6954.jpg,cat
Cat/6955.jpg,cat
Cat/6956.jpg,cat
Cat/6957.jpg,cat
Cat/6958.jpg,cat
Cat/696.jpg,cat
Cat/6960.jpg,cat
Cat/6961.jpg,cat
Cat/6962.jpg,cat
Cat/6963.jpg,cat
Cat/6964.jpg,cat
Cat/6965.jpg,cat
Cat/6966.jpg,cat
Cat/6967.jpg,cat
Cat/6968.jpg,cat
Cat/6969.jpg,cat
Cat/697.jpg,cat
Cat/6970.jpg,cat
Cat/6971.jpg,cat
Cat/6972.jpg,cat
Cat/6974.jpg,cat
Cat/6976.jpg,cat
Cat/6978.jpg,cat
Cat/698.jpg,cat
Cat/6980.jpg,cat
Cat/6982.jpg,cat
Cat/6983.jpg,cat
Cat/6984.jpg,cat
Cat/6985.jpg,cat
Cat/6986.jpg,cat
Cat/6987.jpg,cat
Cat/6988.jpg,cat
Cat/699.jpg,cat
Cat/6990.jpg,cat
Cat/6992.jpg,cat
Cat/6993.jpg,cat
Cat/6994.jpg,cat
Cat/6995.jpg,cat
Cat/6997.jpg,cat
Cat/6998.jpg,cat
Cat/6999.jpg,cat
Cat/7.jpg,cat
Cat/70.jpg,cat
Cat/700.jpg,cat
Cat/7000.jpg,cat
Cat/7001.jpg,cat
Cat/7003.jpg,cat
Cat/7006.jpg,cat
Cat/7008.jpg,cat
Cat/7009.jpg,cat
Cat/701.jpg,cat
Cat/7010.jpg,cat
Cat/7011.jpg,cat
Cat/7012.jpg,cat
Cat/7013.jpg,cat
Cat/7014.jpg,cat
Cat/7015.jpg,cat
Cat/7016.jpg,cat
Cat/7017.jpg,cat
Cat/7018.jpg,cat
Cat/7019.jpg,cat
Cat/702.jpg,cat
Cat/7020.jpg,cat
Cat/7021.jpg,cat
Cat/7022.jpg,cat
Cat/7023.jpg,cat
Cat/7024.jpg,cat
Cat/7025.jpg,cat
Cat/7026.jpg,cat
Cat/7028.jpg,cat
Cat/7029.jpg,cat
Cat/703.jpg,cat
Cat/7031.jpg,cat
Cat/7034.jpg,cat
Cat/7035.jpg,cat
Cat/7036.jpg,cat
Cat/7037.jpg,cat
Cat/7038.jpg,cat
Cat/7039.jpg,cat
Cat/704.jpg,cat
Cat/7041.jpg,cat
Cat/7042.jpg,cat
Cat/7043.jpg,cat
Cat/7044.jpg,cat
Cat/7045.jpg,cat
Cat/7046.jpg,cat
Cat/7047.jpg,cat
Cat/7048.jpg,cat
Cat/7049.jpg,cat
Cat/705.jpg,cat
Cat/7050.jpg,cat
Cat/7051.jpg,cat
Cat/7052.jpg,cat
Cat/7053.jpg,cat
Cat/7054.jpg,cat
Cat/7056.jpg,cat
Cat/7058.jpg,cat
Cat/7059.jpg,cat
Cat/706.jpg,cat
Cat/7061.jpg,cat
Cat/7062.jpg,cat
Cat/7064.jpg,cat
Cat/7065.jpg,cat
Cat/7066.jpg,cat
Cat/7067.jpg,cat
Cat/7069.jpg,cat
Cat/707.jpg,cat
Cat/7072.jpg,cat
Cat/7073.jpg,cat
Cat/7074.jpg,cat
Cat/7076.jpg,cat
Cat/7077.jpg,cat
Cat/7078.jpg,cat
Cat/7079.jpg,cat
Cat/708.jpg,cat
Cat/7081.jpg,cat
Cat/7082.jpg,cat
Cat/7084.jpg,cat
Cat/7085.jpg,cat
Cat/7086.jpg,cat
Cat/7087.jpg,cat
Cat/7089.jpg,cat
Cat/709.jpg,cat
Cat/7090.jpg,cat
Cat/7091.jpg,cat
Cat/7094.jpg,cat
Cat/7096.jpg,cat
Cat/7098.jpg,cat
Cat/7099.jpg,cat
Cat/71.jpg,cat
Cat/710.jpg,cat
Cat/7100.jpg,cat
Cat/7102.jpg,cat
Cat/7103.jpg,cat
Cat/7105.jpg,cat
Cat/7106.jpg,cat
Cat/7108.jpg,cat
Cat/7109.jpg,cat
Cat/711.jpg,cat
Cat/7110.jpg,cat
Cat/7111.jpg,cat
Cat/7112.jpg,cat
Cat/7113.jpg,cat
Cat/7114.jpg,cat
Cat/7115.jpg,cat
Cat/7116.jpg,cat
Cat/7117.jpg,cat
Cat/7119.jpg,cat
Cat/712.jpg,cat
Cat/7120.jpg,cat
Cat/7121.jpg,cat
Cat/7122.jpg,cat
Cat/7124.jpg,cat
Cat/7125.jpg,cat
Cat/7126.jpg,cat
Cat/7127.jpg,cat
Cat/7129.jpg,cat
Cat/713.jpg,cat
Cat/7130.jpg,cat
Cat/7131.jpg,cat
Cat/7132.jpg,cat
Cat/7133.jpg,cat
Cat/7134.jpg,cat
Cat/7136.jpg,cat
Cat/7137.jpg,cat
Cat/7138.jpg,cat
Cat/7139.jpg,cat
Cat/714.jpg,cat
Cat/7140.jpg,cat
Cat/7141.jpg,cat
Cat/7142.jpg,cat
Cat/7143.jpg,cat
Cat/7144.jpg,cat
Cat/7145.jpg,cat
Cat/7147.jpg,cat
Cat/7148.jpg,cat
Cat/7149.jpg,cat
Cat/715.jpg,cat
Cat/7150.jpg,cat
Cat/7151.jpg,cat
Cat/7152.jpg,cat
Cat/7153.jpg,cat
Cat/7154.jpg,cat
Cat/7155.jpg,cat
Cat/7156.jpg,cat
Cat/7158.jpg,cat
Cat/7159.jpg,cat
Cat/7161.jpg,cat
Cat/7162.jpg,cat
Cat/7163.jpg,cat
Cat/7164.jpg,cat
Cat/7166.jpg,cat
Cat/7167.jpg,cat
Cat/7168.jpg,cat
Cat/7169.jpg,cat
Cat/717.jpg,cat
Cat/7170.jpg,cat
Cat/7171.jpg,cat
Cat/7172.jpg,cat
Cat/7173.jpg,cat
Cat/7174.jpg,cat
Cat/7175.jpg,cat
Cat/7176.jpg,cat
Cat/7179.jpg,cat
Cat/718.jpg,cat
Cat/7180.jpg,cat
Cat/7181.jpg,cat
Cat/7182.jpg,cat
Cat/7183.jpg,cat
Cat/7184.jpg,cat
Cat/7185.jpg,cat
Cat/7186.jpg,cat
Cat/7188.jpg,cat
Cat/719.jpg,cat
Cat/7191.jpg,cat
Cat/7192.jpg,cat
Cat/7194.jpg,cat
Cat/7195.jpg,cat
Cat/7196.jpg,cat
Cat/7197.jpg,cat
Cat/7198.jpg,cat
Cat/72.jpg,cat
Cat/7200.jpg,cat
Cat/7201.jpg,cat
Cat/7202.jpg,cat
Cat/7203.jpg,cat
Cat/7204.jpg,cat
Cat/7205.jpg,cat
Cat/7206.jpg,cat
Cat/7207.jpg,cat
Cat/7208.jpg,cat
Cat/7209.jpg,cat
Cat/7210.jpg,cat
Cat/7212.jpg,cat
Cat/7213.jpg,cat
Cat/7214.jpg,cat
Cat/7215.jpg,cat
Cat/7217.jpg,cat
Cat/7218.jpg,cat
Cat/7219.jpg,cat
Cat/7221.jpg,cat
Cat/7222.jpg,cat
Cat/7223.jpg,cat
Cat/7224.jpg,cat
Cat/7225.jpg,cat
Cat/7226.jpg,cat
Cat/7228.jpg,cat
Cat/723.jpg,cat
Cat/7231.jpg,cat
Cat/7232.jpg,cat
Cat/7234.jpg,cat
Cat/7235.jpg,cat
Cat/7236.jpg,cat
Cat/7237.jpg,cat
Cat/7238.jpg,cat
Cat/724.jpg,cat
Cat/7240.jpg,cat
Cat/7241.jpg,cat
Cat/7242.jpg,cat
Cat/7243.jpg,cat
Cat/7244.jpg,cat
Cat/7245.jpg,cat
Cat/7246.jpg,cat
Cat/7248.jpg,cat
Cat/7249.jpg,cat
Cat/725.jpg,cat
Cat/7250.jpg,cat
Cat/7251.jpg,cat
Cat/7254.jpg,cat
Cat/7255.jpg,cat
Cat/7257.jpg,cat
Cat/7258.jpg,cat
Cat/7259.jpg,cat
Cat/7260.jpg,cat
Cat/7261.jpg,cat
Cat/7262.jpg,cat
Cat/7263.jpg,cat
Cat/7264.jpg,cat
Cat/7266.jpg,cat
Cat/7268.jpg,cat
Cat/7269.jpg,cat
Cat/7270.jpg,cat
Cat/7271.jpg,cat
Cat/7272.jpg,cat
Cat/7273.jpg,cat
Cat/7274.jpg,cat
Cat/7276.jpg,cat
Cat/7277.jpg,cat
Cat/7278.jpg,cat
Cat/728.jpg,cat
Cat/7281.jpg,cat
Cat/7282.jpg,cat
Cat/7283.jpg,cat
Cat/7284.jpg,cat
Cat/7285.jpg,cat
Cat/7286.jpg,cat
Cat/7287.jpg,cat
Cat/7288.jpg,cat
Cat/7289.jpg,cat
Cat/729.jpg,cat
Cat/7290.jpg,cat
Cat/7291.jpg,cat
Cat/7292.jpg,cat
Cat/7293.jpg,cat
Cat/7294.jpg,cat
Cat/7295.jpg,cat
Cat/7296.jpg,cat
Cat/7297.jpg,cat
Cat/7299.jpg,cat
Cat/73.jpg,cat
Cat/730.jpg,cat
Cat/7300.jpg,cat
Cat/7301.jpg,cat
Cat/7302.jpg,cat
Cat/7303.jpg,cat
Cat/7304.jpg,cat
Cat/7305.jpg,cat
Cat/7306.jpg,cat
Cat/7307.jpg,cat
Cat/7308.jpg,cat
Cat/731.jpg,cat
Cat/7310.jpg,cat
Cat/7311.jpg,cat
Cat/7312.jpg,cat
Cat/7313.jpg,cat
Cat/7314.jpg,cat
Cat/7318.jpg,cat
Cat/732.jpg,cat
Cat/7320.jpg,cat
Cat/7321.jpg,cat
Cat/7323.jpg,cat
Cat/7324.jpg,cat
Cat/7325.jpg,cat
Cat/7326.jpg,cat
Cat/7327.jpg,cat
Cat/7328.jpg,cat
Cat/7329.jpg,cat
Cat/733.jpg,cat
Cat/7330.jpg,cat
Cat/7332.jpg,cat
Cat/7333.jpg,cat
Cat/7334.jpg,cat
Cat/7336.jpg,cat
Cat/7337.jpg,cat
Cat/7338.jpg,cat
Cat/734.jpg,cat
Cat/7340.jpg,cat
Cat/7341.jpg,cat
Cat/7342.jpg,cat
Cat/7343.jpg,cat
Cat/7344.jpg,cat
Cat/7346.jpg,cat
Cat/7347.jpg,cat
Cat/7348.jpg,cat
Cat/7349.jpg,cat
Cat/735.jpg,cat
Cat/7350.jpg,cat
Cat/7351.jpg,cat
Cat/7352.jpg,cat
Cat/7353.jpg,cat
Cat/7356.jpg,cat
Cat/7357.jpg,cat
Cat/7358.jpg,cat
Cat/736.jpg,cat
Cat/7360.jpg,cat
Cat/7361.jpg,cat
Cat/7362.jpg,cat
Cat/7363.jpg,cat
Cat/7364.jpg,cat
Cat/7367.jpg,cat
Cat/7369.jpg,cat
Cat/737.jpg,cat
Cat/7370.jpg,cat
Cat/7371.jpg,cat
Cat/7372.jpg,cat
Cat/7373.jpg,cat
Cat/7374.jpg,cat
Cat/7377.jpg,cat
Cat/7379.jpg,cat
Cat/738.jpg,cat
Cat/7381.jpg,cat
Cat/7382.jpg,cat
Cat/7383.jpg,cat
Cat/7384.jpg,cat
Cat/7385.jpg,cat
Cat/7386.jpg,cat
Cat/7387.jpg,cat
Cat/7388.jpg,cat
Cat/739.jpg,cat
Cat/7390.jpg,cat
Cat/7391.jpg,cat
Cat/7392.jpg,cat
Cat/7395.jpg,cat
Cat/7396.jpg,cat
Cat/7397.jpg,cat
Cat/7399.jpg,cat
Cat/74.jpg,cat
Cat/740.jpg,cat
Cat/7400.jpg,cat
Cat/7401.jpg,cat
Cat/7402.jpg,cat
Cat/7403.jpg,cat
Cat/7404.jpg,cat
Cat/7405.jpg,cat
Cat/7407.jpg,cat
Cat/7408.jpg,cat
Cat/7409.jpg,cat
Cat/741.jpg,cat
Cat/7410.jpg,cat
Cat/7411.jpg,cat
Cat/7413.jpg,cat
Cat/7414.jpg,cat
Cat/7417.jpg,cat
Cat/7419.jpg,cat
Cat/7422.jpg,cat
Cat/7424.jpg,cat
Cat/7425.jpg,cat
Cat/7426.jpg,cat
Cat/7427.jpg,cat
Cat/7428.jpg,cat
Cat/7429.jpg,cat
Cat/7430.jpg,cat
Cat/7431.jpg,cat
Cat/7432.jpg,cat
Cat/7434.jpg,cat
Cat/7435.jpg,cat
Cat/7436.jpg,cat
Cat/7437.jpg,cat
Cat/7438.jpg,cat
Cat/7439.jpg,cat
Cat/744.jpg,cat
Cat/7440.jpg,cat
Cat/7442.jpg,cat
Cat/7443.jpg,cat
Cat/7444.jpg,cat
Cat/7445.jpg,cat
Cat/7446.jpg,cat
Cat/7447.jpg,cat
Cat/7448.jpg,cat
Cat/7449.jpg,cat
Cat/745.jpg,cat
Cat/7450.jpg,cat
Cat/7453.jpg,cat
Cat/7454.jpg,cat
Cat/7455.jpg,cat
Cat/7456.jpg,cat
Cat/7458.jpg,cat
Cat/7459.jpg,cat
Cat/746.jpg,cat
Cat/7461.jpg,cat
Cat/7462.jpg,cat
Cat/7463.jpg,cat
Cat/7464.jpg,cat
Cat/7465.jpg,cat
Cat/7466.jpg,cat
Cat/7468.jpg,cat
Cat/7469.jpg,cat
Cat/747.jpg,cat
Cat/7470.jpg,cat
Cat/7471.jpg,cat
Cat/7472.jpg,cat
Cat/7473.jpg,cat
Cat/7475.jpg,cat
Cat/7476.jpg,cat
Cat/7477.jpg,cat
Cat/7478.jpg,cat
Cat/7479.jpg,cat
Cat/748.jpg,cat
Cat/7480.jpg,cat
Cat/7482.jpg,cat
Cat/7483.jpg,cat
Cat/7484.jpg,cat
Cat/7485.jpg,cat
Cat/7486.jpg,cat
Cat/7488.jpg,cat
Cat/7489.jpg,cat
Cat/7490.jpg,cat
Cat/7491.jpg,cat
Cat/7492.jpg,cat
Cat/7493.jpg,cat
Cat/7496.jpg,cat
Cat/7497.jpg,cat
Cat/7499.jpg,cat
Cat/75.jpg,cat
Cat/7500.jpg,cat
Cat/7501.jpg,cat
Cat/7502.jpg,cat
Cat/7504.jpg,cat
Cat/7505.jpg,cat
Cat/7506.jpg,cat
Cat/7507.jpg,cat
Cat/7511.jpg,cat
Cat/7512.jpg,cat
Cat/7513.jpg,cat
Cat/7515.jpg,cat
Cat/7517.jpg,cat
Cat/7518.jpg,cat
Cat/7519.jpg,cat
Cat/752.jpg,cat
Cat/7520.jpg,cat
Cat/7521.jpg,cat
Cat/7526.jpg,cat
Cat/7527.jpg,cat
Cat/7528.jpg,cat
Cat/7529.jpg,cat
Cat/7530.jpg,cat
Cat/7531.jpg,cat
Cat/7532.jpg,cat
Cat/7533.jpg,cat
Cat/7534.jpg,cat
Cat/7535.jpg,cat
Cat/7536.jpg,cat
Cat/7537.jpg,cat
Cat/7538.jpg,cat
Cat/7539.jpg,cat
Cat/754.jpg,cat
Cat/7540.jpg,cat
Cat/7541.jpg,cat
Cat/7542.jpg,cat
Cat/7544.jpg,cat
Cat/7546.jpg,cat
Cat/7547.jpg,cat
Cat/7548.jpg,cat
Cat/7549.jpg,cat
Cat/755.jpg,cat
Cat/7550.jpg,cat
Cat/7551.jpg,cat
Cat/7552.jpg,cat
Cat/7554.jpg,cat
Cat/7556.jpg,cat
Cat/7557.jpg,cat
Cat/7558.jpg,cat
Cat/7559.jpg,cat
Cat/7560.jpg,cat
Cat/7562.jpg,cat
Cat/7563.jpg,cat
Cat/7564.jpg,cat
Cat/7565.jpg,cat
Cat/7566.jpg,cat
Cat/7568.jpg,cat
Cat/7569.jpg,cat
Cat/757.jpg,cat
Cat/7570.jpg,cat
Cat/7571.jpg,cat
Cat/7572.jpg,cat
Cat/7574.jpg,cat
Cat/7575.jpg,cat
Cat/7576.jpg,cat
Cat/7577.jpg,cat
Cat/7578.jpg,cat
Cat/7579.jpg,cat
Cat/7580.jpg,cat
Cat/7581.jpg,cat
Cat/7582.jpg,cat
Cat/7583.jpg,cat
Cat/7584.jpg,cat
Cat/7585.jpg,cat
Cat/7587.jpg,cat
Cat/7588.jpg,cat
Cat/7589.jpg,cat
Cat/7590.jpg,cat
Cat/7591.jpg,cat
Cat/7592.jpg,cat
Cat/7593.jpg,cat
Cat/7594.jpg,cat
Cat/7595.jpg,cat
Cat/7596.jpg,cat
Cat/7597.jpg,cat
Cat/7599.jpg,cat
Cat/76.jpg,cat
Cat/7600.jpg,cat
Cat/7601.jpg,cat
Cat/7602.jpg,cat
Cat/7603.jpg,cat
Cat/7604.jpg,cat
Cat/7605.jpg,cat
Cat/7606.jpg,cat
Cat/7607.jpg,cat
Cat/7608.jpg,cat
Cat/7609.jpg,cat
Cat/761.jpg,cat
Cat/7610.jpg,cat
Cat/7611.jpg,cat
Cat/7612.jpg,cat
Cat/7613.jpg,cat
Cat/7614.jpg,cat
Cat/7615.jpg,cat
Cat/7616.jpg,cat
Cat/7617.jpg,cat
Cat/7618.jpg,cat
Cat/7620.jpg,cat
Cat/7621.jpg,cat
Cat/7622.jpg,cat
Cat/7624.jpg,cat
Cat/7625.jpg,cat
Cat/7626.jpg,cat
Cat/7627.jpg,cat
Cat/763.jpg,cat
Cat/7631.jpg,cat
Cat/7632.jpg,cat
Cat/7636.jpg,cat
Cat/7638.jpg,cat
Cat/7639.jpg,cat
Cat/7640.jpg,cat
Cat/7642.jpg,cat
Cat/7643.jpg,cat
Cat/7644.jpg,cat
Cat/7647.jpg,cat
Cat/7648.jpg,cat
Cat/765.jpg,cat
Cat/7650.jpg,cat
Cat/7651.jpg,cat
Cat/7652.jpg,cat
Cat/7653.jpg,cat
Cat/7654.jpg,cat
Cat/7655.jpg,cat
Cat/7656.jpg,cat
Cat/7657.jpg,cat
Cat/7658.jpg,cat
Cat/7659.jpg,cat
Cat/766.jpg,cat
Cat/7660.jpg,cat
Cat/7663.jpg,cat
Cat/7664.jpg,cat
Cat/7665.jpg,cat
Cat/7666.jpg,cat
Cat/7668.jpg,cat
Cat/7669.jpg,cat
Cat/767.jpg,cat
Cat/7671.jpg,cat
Cat/7672.jpg,cat
Cat/7674.jpg,cat
Cat/7676.jpg,cat
Cat/7678.jpg,cat
Cat/7679.jpg,cat
Cat/768.jpg,cat
Cat/7680.jpg,cat
Cat/7682.jpg,cat
Cat/7683.jpg,cat
Cat/7684.jpg,cat
Cat/7685.jpg,cat
Cat/7686.jpg,cat
Cat/7687.jpg,cat
Cat/7688.jpg,cat
Cat/7689.jpg,cat
Cat/7690.jpg,cat
Cat/7691.jpg,cat
Cat/7692.jpg,cat
Cat/7693.jpg,cat
Cat/7694.jpg,cat
Cat/7695.jpg,cat
Cat/7697.jpg,cat
Cat/7698.jpg,cat
Cat/7699.jpg,cat
Cat/7700.jpg,cat
Cat/7701.jpg,cat
Cat/7702.jpg,cat
Cat/7703.jpg,cat
Cat/7704.jpg,cat
Cat/7705.jpg,cat
Cat/7706.jpg,cat
Cat/7707.jpg,cat
Cat/7708.jpg,cat
Cat/771.jpg,cat
Cat/7711.jpg,cat
Cat/7712.jpg,cat
Cat/7713.jpg,cat
Cat/7714.jpg,cat
Cat/7715.jpg,cat
Cat/7716.jpg,cat
Cat/7719.jpg,cat
Cat/772.jpg,cat
Cat/7720.jpg,cat
Cat/7721.jpg,cat
Cat/7722.jpg,cat
Cat/7723.jpg,cat
Cat/7724.jpg,cat
Cat/7725.jpg,cat
Cat/7726.jpg,cat
Cat/7727.jpg,cat
Cat/7728.jpg,cat
Cat/773.jpg,cat
Cat/7730.jpg,cat
Cat/7733.jpg,cat
Cat/7734.jpg,cat
Cat/7735.jpg,cat
Cat/7736.jpg,cat
Cat/7738.jpg,cat
Cat/7739.jpg,cat
Cat/774.jpg,cat
Cat/7740.jpg,cat
Cat/7741.jpg,cat
Cat/7742.jpg,cat
Cat/7743.jpg,cat
Cat/7744.jpg,cat
Cat/7745.jpg,cat
Cat/7746.jpg,cat
Cat/7747.jpg,cat
Cat/7748.jpg,cat
Cat/7749.jpg,cat
Cat/775.jpg,cat
Cat/7750.jpg,cat
Cat/7752.jpg,cat
Cat/7753.jpg,cat
Cat/7756.jpg,cat
Cat/7757.jpg,cat
Cat/7758.jpg,cat
Cat/7759.jpg,cat
Cat/776.jpg,cat
Cat/7760.jpg,cat
Cat/7761.jpg,cat
Cat/7762.jpg,cat
Cat/7763.jpg,cat
Cat/7764.jpg,cat
Cat/7766.jpg,cat
Cat/7767.jpg,cat
Cat/7769.jpg,cat
Cat/777.jpg,cat
Cat/7771.jpg,cat
Cat/7772.jpg,cat
Cat/7773.jpg,cat
Cat/7774.jpg,cat
Cat/7776.jpg,cat
Cat/7778.jpg,cat
Cat/778.jpg,cat
Cat/7780.jpg,cat
Cat/7781.jpg,cat
Cat/7782.jpg,cat
Cat/7783.jpg,cat
Cat/7784.jpg,cat
Cat/7785.jpg,cat
Cat/7787.jpg,cat
Cat/7788.jpg,cat
Cat/7789.jpg,cat
Cat/779.jpg,cat
Cat/7790.jpg,cat
Cat/7792.jpg,cat
Cat/7793.jpg,cat
Cat/7794.jpg,cat
Cat/7795.jpg,cat
Cat/7796.jpg,cat
Cat/7797.jpg,cat
Cat/7798.jpg,cat
Cat/78.jpg,cat
Cat/780.jpg,cat
Cat/7800.jpg,cat
Cat/7801.jpg,cat
Cat/7802.jpg,cat
Cat/7803.jpg,cat
Cat/7804.jpg,cat
Cat/7805.jpg,cat
Cat/7806.jpg,cat
Cat/7807.jpg,cat
Cat/7808.jpg,cat
Cat/7809.jpg,cat
Cat/781.jpg,cat
Cat/7810.jpg,cat
Cat/7812.jpg,cat
Cat/7813.jpg,cat
Cat/7814.jpg,cat
Cat/7815.jpg,cat
Cat/7818.jpg,cat
Cat/7819.jpg,cat
Cat/782.jpg,cat
Cat/7820.jpg,cat
Cat/7821.jpg,cat
Cat/7822.jpg,cat
Cat/7824.jpg,cat
Cat/7825.jpg,cat
Cat/7826.jpg,cat
Cat/7827.jpg,cat
Cat/7828.jpg,cat
Cat/783.jpg,cat
Cat/7830.jpg,cat
Cat/7831.jpg,cat
Cat/7832.jpg,cat
Cat/7833.jpg,cat
Cat/7834.jpg,cat
Cat/7836.jpg,cat
Cat/7837.jpg,cat
Cat/7838.jpg,cat
Cat/7840.jpg,cat
Cat/7841.jpg,cat
Cat/7842.jpg,cat
Cat/7843.jpg,cat
Cat/7844.jpg,cat
Cat/7845.jpg,cat
Cat/7846.jpg,cat
Cat/7847.jpg,cat
Cat/7848.jpg,cat
Cat/7849.jpg,cat
Cat/785.jpg,cat
Cat/7850.jpg,cat
Cat/7851.jpg,cat
Cat/7853.jpg,cat
Cat/7855.jpg,cat
Cat/7856.jpg,cat
Cat/7858.jpg,cat
Cat/7859.jpg,cat
Cat/786.jpg,cat
Cat/7861.jpg,cat
Cat/7862.jpg,cat
Cat/7863.jpg,cat
Cat/7864.jpg,cat
Cat/7865.jpg,cat
Cat/7866.jpg,cat
Cat/7867.jpg,cat
Cat/7868.jpg,cat
Cat/7869.jpg,cat
Cat/787.jpg,cat
Cat/7871.jpg,cat
Cat/7872.jpg,cat
Cat/7874.jpg,cat
Cat/7875.jpg,cat
Cat/7877.jpg,cat
Cat/7879.jpg,cat
Cat/788.jpg,cat
Cat/7880.jpg,cat
Cat/7882.jpg,cat
Cat/7883.jpg,cat
Cat/7884.jpg,cat
Cat/7887.jpg,cat
Cat/7888.jpg,cat
Cat/7889.jpg,cat
Cat/7890.jpg,cat
Cat/7892.jpg,cat
Cat/7893.jpg,cat
Cat/7894.jpg,cat
Cat/7896.jpg,cat
Cat/7897.jpg,cat
Cat/7898.jpg,cat
Cat/7899.jpg,cat
Cat/79.jpg,cat
Cat/7900.jpg,cat
Cat/7901.jpg,cat
Cat/7902.jpg,cat
Cat/7903.jpg,cat
Cat/7904.jpg,cat
Cat/7905.jpg,cat
Cat/7908.jpg,cat
Cat/7909.jpg,cat
Cat/791.jpg,cat
Cat/7910.jpg,cat
Cat/7911.jpg,cat
Cat/7914.jpg,cat
Cat/7915.jpg,cat
Cat/7916.jpg,cat
Cat/7917.jpg,cat
Cat/7918.jpg,cat
Cat/7919.jpg,cat
Cat/792.jpg,cat
Cat/7920.jpg,cat
Cat/7921.jpg,cat
Cat/7922.jpg,cat
Cat/7923.jpg,cat
Cat/7925.jpg,cat
Cat/7926.jpg,cat
Cat/7927.jpg,cat
Cat/7928.jpg,cat
Cat/7929.jpg,cat
Cat/793.jpg,cat
Cat/7930.jpg,cat
Cat/7931.jpg,cat
Cat/7933.jpg,cat
Cat/7934.jpg,cat
Cat/7936.jpg,cat
Cat/7937.jpg,cat
Cat/7938.jpg,cat
Cat/7939.jpg,cat
Cat/794.jpg,cat
Cat/7941.jpg,cat
Cat/7943.jpg,cat
Cat/7944.jpg,cat
Cat/7946.jpg,cat
Cat/7947.jpg,cat
Cat/7948.jpg,cat
Cat/7949.jpg,cat
Cat/795.jpg,cat
Cat/7950.jpg,cat
Cat/7951.jpg,cat
Cat/7953.jpg,cat
Cat/7954.jpg,cat
Cat/7955.jpg,cat
Cat/7956.jpg,cat
Cat/7957.jpg,cat
Cat/7958.jpg,cat
Cat/7959.jpg,cat
Cat/7960.jpg,cat
Cat/7961.jpg,cat
Cat/7962.jpg,cat
Cat/7963.jpg,cat
Cat/7964.jpg,cat
Cat/7965.jpg,cat
Cat/7966.jpg,cat
Cat/7967.jpg,cat
Cat/7968.jpg,cat
Cat/797.jpg,cat
Cat/7971.jpg,cat
Cat/7972.jpg,cat
Cat/7973.jpg,cat
Cat/7975.jpg,cat
Cat/7977.jpg,cat
Cat/7978.jpg,cat
Cat/798.jpg,cat
Cat/7980.jpg,cat
Cat/7981.jpg,cat
Cat/7982.jpg,cat
Cat/7983.jpg,cat
Cat/7985.jpg,cat
Cat/7986.jpg,cat
Cat/7987.jpg,cat
Cat/7988.jpg,cat
Cat/799.jpg,cat
Cat/7990.jpg,cat
Cat/7991.jpg,cat
Cat/7993.jpg,cat
Cat/7995.jpg,cat
Cat/7997.jpg,cat
Cat/7998.jpg,cat
Cat/7999.jpg,cat
Cat/8.jpg,cat
Cat/80.jpg,cat
Cat/800.jpg,cat
Cat/8000.jpg,cat
Cat/8001.jpg,cat
Cat/8002.jpg,cat
Cat/8003.jpg,cat
Cat/8005.jpg,cat
Cat/8006.jpg,cat
Cat/8007.jpg,cat
Cat/8008.jpg,cat
Cat/8009.jpg,cat
Cat/801.jpg,cat
Cat/8010.jpg,cat
Cat/8011.jpg,cat
Cat/8012.jpg,cat
Cat/8013.jpg,cat
Cat/8014.jpg,cat
Cat/8015.jpg,cat
Cat/8016.jpg,cat
Cat/8017.jpg,cat
Cat/8018.jpg,cat
Cat/802.jpg,cat
Cat/8020.jpg,cat
Cat/8021.jpg,cat
Cat/8022.jpg,cat
Cat/8023.jpg,cat
Cat/8024.jpg,cat
Cat/8025.jpg,cat
Cat/8026.jpg,cat
Cat/8027.jpg,cat
Cat/8028.jpg,cat
Cat/8029.jpg,cat
Cat/803.jpg,cat
Cat/8030.jpg,cat
Cat/8031.jpg,cat
Cat/8032.jpg,cat
Cat/8033.jpg,cat
Cat/8035.jpg,cat
Cat/8036.jpg,cat
Cat/8037.jpg,cat
Cat/8038.jpg,cat
Cat/8039.jpg,cat
Cat/804.jpg,cat
Cat/8040.jpg,cat
Cat/8042.jpg,cat
Cat/8044.jpg,cat
Cat/8045.jpg,cat
Cat/8046.jpg,cat
Cat/8047.jpg,cat
Cat/8048.jpg,cat
Cat/8049.jpg,cat
Cat/805.jpg,cat
Cat/8050.jpg,cat
Cat/8051.jpg,cat
Cat/8052.jpg,cat
Cat/8053.jpg,cat
Cat/8055.jpg,cat
Cat/8056.jpg,cat
Cat/8057.jpg,cat
Cat/8059.jpg,cat
Cat/806.jpg,cat
Cat/8060.jpg,cat
Cat/8061.jpg,cat
Cat/8062.jpg,cat
Cat/8063.jpg,cat
Cat/8064.jpg,cat
Cat/8065.jpg,cat
Cat/8067.jpg,cat
Cat/8068.jpg,cat
Cat/8069.jpg,cat
Cat/807.jpg,cat
Cat/8070.jpg,cat
Cat/8072.jpg,cat
Cat/8074.jpg,cat
Cat/8075.jpg,cat
Cat/8076.jpg,cat
Cat/8077.jpg,cat
Cat/8078.jpg,cat
Cat/8079.jpg,cat
Cat/808.jpg,cat
Cat/8080.jpg,cat
Cat/8083.jpg,cat
Cat/8084.jpg,cat
Cat/8085.jpg,cat
Cat/8086.jpg,cat
Cat/8088.jpg,cat
Cat/809.jpg,cat
Cat/8090.jpg,cat
Cat/8091.jpg,cat
Cat/8092.jpg,cat
Cat/8093.jpg,cat
Cat/8094.jpg,cat
Cat/8095.jpg,cat
Cat/8096.jpg,cat
Cat/8097.jpg,cat
Cat/8098.jpg,cat
Cat/8099.jpg,cat
Cat/81.jpg,cat
Cat/810.jpg,cat
Cat/8100.jpg,cat
Cat/8101.jpg,cat
Cat/8102.jpg,cat
Cat/8103.jpg,cat
Cat/8104.jpg,cat
Cat/8105.jpg,cat
Cat/8106.jpg,cat
Cat/8107.jpg,cat
Cat/8108.jpg,cat
Cat/8109.jpg,cat
Cat/811.jpg,cat
Cat/8110.jpg,cat
Cat/8111.jpg,cat
Cat/8112.jpg,cat
Cat/8113.jpg,cat
Cat/8114.jpg,cat
Cat/8115.jpg,cat
Cat/8116.jpg,cat
Cat/8117.jpg,cat
Cat/8118.jpg,cat
Cat/8119.jpg,cat
Cat/812.jpg,cat
Cat/8121.jpg,cat
Cat/8122.jpg,cat
Cat/8123.jpg,cat
Cat/8124.jpg,cat
Cat/8126.jpg,cat
Cat/8127.jpg,cat
Cat/8128.jpg,cat
Cat/8129.jpg,cat
Cat/813.jpg,cat
Cat/8131.jpg,cat
Cat/8132.jpg,cat
Cat/8133.jpg,cat
Cat/8134.jpg,cat
Cat/8136.jpg,cat
Cat/8138.jpg,cat
Cat/8139.jpg,cat
Cat/814.jpg,cat
Cat/8140.jpg,cat
Cat/8141.jpg,cat
Cat/8142.jpg,cat
Cat/8143.jpg,cat
Cat/8144.jpg,cat
Cat/8145.jpg,cat
Cat/8146.jpg,cat
Cat/8147.jpg,cat
Cat/8149.jpg,cat
Cat/815.jpg,cat
Cat/8150.jpg,cat
Cat/8151.jpg,cat
Cat/8152.jpg,cat
Cat/8153.jpg,cat
Cat/8155.jpg,cat
Cat/8156.jpg,cat
Cat/8158.jpg,cat
Cat/8159.jpg,cat
Cat/816.jpg,cat
Cat/8160.jpg,cat
Cat/8161.jpg,cat
Cat/8162.jpg,cat
Cat/8163.jpg,cat
Cat/8164.jpg,cat
Cat/8165.jpg,cat
Cat/8166.jpg,cat
Cat/8167.jpg,cat
Cat/8168.jpg,cat
Cat/8169.jpg,cat
Cat/8170.jpg,cat
Cat/8171.jpg,cat
Cat/8172.jpg,cat
Cat/8174.jpg,cat
Cat/8175.jpg,cat
Cat/8176.jpg,cat
Cat/8177.jpg,cat
Cat/8178.jpg,cat
Cat/8179.jpg,cat
Cat/818.jpg,cat
Cat/8181.jpg,cat
Cat/8182.jpg,cat
Cat/8183.jpg,cat
Cat/8184.jpg,cat
Cat/8185.jpg,cat
Cat/8186.jpg,cat
Cat/8187.jpg,cat
Cat/8188.jpg,cat
Cat/8189.jpg,cat
Cat/819.jpg,cat
Cat/8190.jpg,cat
Cat/8193.jpg,cat
Cat/8194.jpg,cat
Cat/8195.jpg,cat
Cat/8196.jpg,cat
Cat/8197.jpg,cat
Cat/8199.jpg,cat
Cat/820.jpg,cat
Cat/8200.jpg,cat
Cat/8201.jpg,cat
Cat/8202.jpg,cat
Cat/8203.jpg,cat
Cat/8204.jpg,cat
Cat/8205.jpg,cat
Cat/8206.jpg,cat
Cat/8208.jpg,cat
Cat/8209.jpg,cat
Cat/8210.jpg,cat
Cat/8211.jpg,cat
Cat/8212.jpg,cat
Cat/8213.jpg,cat
Cat/8214.jpg,cat
Cat/8215.jpg,cat
Cat/8216.jpg,cat
Cat/8217.jpg,cat
Cat/8218.jpg,cat
Cat/822.jpg,cat
Cat/8221.jpg,cat
Cat/8222.jpg,cat
Cat/8223.jpg,cat
Cat/8224.jpg,cat
Cat/8225.jpg,cat
Cat/8226.jpg,cat
Cat/8227.jpg,cat
Cat/8228.jpg,cat
Cat/8229.jpg,cat
Cat/823.jpg,cat
Cat/8230.jpg,cat
Cat/8231.jpg,cat
Cat/8232.jpg,cat
Cat/8233.jpg,cat
Cat/8234.jpg,cat
Cat/8236.jpg,cat
Cat/8237.jpg,cat
Cat/8238.jpg,cat
Cat/8239.jpg,cat
Cat/824.jpg,cat
Cat/8240.jpg,cat
Cat/8241.jpg,cat
Cat/8245.jpg,cat
Cat/8246.jpg,cat
Cat/8247.jpg,cat
Cat/8249.jpg,cat
Cat/825.jpg,cat
Cat/8253.jpg,cat
Cat/8254.jpg,cat
Cat/8255.jpg,cat
Cat/8256.jpg,cat
Cat/8258.jpg,cat
Cat/8259.jpg,cat
Cat/8260.jpg,cat
Cat/8261.jpg,cat
Cat/8262.jpg,cat
Cat/8263.jpg,cat
Cat/8264.jpg,cat
Cat/8265.jpg,cat
Cat/8266.jpg,cat
Cat/8268.jpg,cat
Cat/8269.jpg,cat
Cat/827.jpg,cat
Cat/8270.jpg,cat
Cat/8271.jpg,cat
Cat/8272.jpg,cat
Cat/8273.jpg,cat
Cat/8274.jpg,cat
Cat/8275.jpg,cat
Cat/8276.jpg,cat
Cat/8279.jpg,cat
Cat/8280.jpg,cat
Cat/8281.jpg,cat
Cat/8282.jpg,cat
Cat/8283.jpg,cat
Cat/8284.jpg,cat
Cat/8285.jpg,cat
Cat/8286.jpg,cat
Cat/8287.jpg,cat
Cat/8288.jpg,cat
Cat/8289.jpg,cat
Cat/829.jpg,cat
Cat/8290.jpg,cat
Cat/8291.jpg,cat
Cat/8292.jpg,cat
Cat/8294.jpg,cat
Cat/8295.jpg,cat
Cat/8296.jpg,cat
Cat/8297.jpg,cat
Cat/8298.jpg,cat
Cat/8299.jpg,cat
Cat/83.jpg,cat
Cat/8300.jpg,cat
Cat/8301.jpg,cat
Cat/8302.jpg,cat
Cat/8303.jpg,cat
Cat/8304.jpg,cat
Cat/8306.jpg,cat
Cat/8307.jpg,cat
Cat/8308.jpg,cat
Cat/8309.jpg,cat
Cat/831.jpg,cat
Cat/8310.jpg,cat
Cat/8311.jpg,cat
Cat/8312.jpg,cat
Cat/8313.jpg,cat
Cat/8314.jpg,cat
Cat/8315.jpg,cat
Cat/8316.jpg,cat
Cat/8317.jpg,cat
Cat/8318.jpg,cat
Cat/8319.jpg,cat
Cat/832.jpg,cat
Cat/8320.jpg,cat
Cat/8322.jpg,cat
Cat/8323.jpg,cat
Cat/8324.jpg,cat
Cat/8326.jpg,cat
Cat/8327.jpg,cat
Cat/8328.jpg,cat
Cat/8329.jpg,cat
Cat/833.jpg,cat
Cat/8330.jpg,cat
Cat/8331.jpg,cat
Cat/8332.jpg,cat
Cat/8333.jpg,cat
Cat/8334.jpg,cat
Cat/8335.jpg,cat
Cat/8339.jpg,cat
Cat/834.jpg,cat
Cat/8340.jpg,cat
Cat/8341.jpg,cat
Cat/8342.jpg,cat
Cat/8343.jpg,cat
Cat/8345.jpg,cat
Cat/8346.jpg,cat
Cat/8348.jpg,cat
Cat/835.jpg,cat
Cat/8350.jpg,cat
Cat/8351.jpg,cat
Cat/8352.jpg,cat
Cat/8353.jpg,cat
Cat/8354.jpg,cat
Cat/8356.jpg,cat
Cat/8358.jpg,cat
Cat/8359.jpg,cat
Cat/8360.jpg,cat
Cat/8361.jpg,cat
Cat/8362.jpg,cat
Cat/8363.jpg,cat
Cat/8364.jpg,cat
Cat/8365.jpg,cat
Cat/8366.jpg,cat
Cat/8367.jpg,cat
Cat/8368.jpg,cat
Cat/8369.jpg,cat
Cat/837.jpg,cat
Cat/8370.jpg,cat
Cat/8371.jpg,cat
Cat/8372.jpg,cat
Cat/8374.jpg,cat
Cat/8375.jpg,cat
Cat/8376.jpg,cat
Cat/8378.jpg,cat
Cat/8379.jpg,cat
Cat/8380.jpg,cat
Cat/8382.jpg,cat
Cat/8383.jpg,cat
Cat/8384.jpg,cat
Cat/8385.jpg,cat
Cat/8386.jpg,cat
Cat/8387.jpg,cat
Cat/8388.jpg,cat
Cat/8389.jpg,cat
Cat/8391.jpg,cat
Cat/8392.jpg,cat
Cat/8393.jpg,cat
Cat/8395.jpg,cat
Cat/8396.jpg,cat
Cat/8397.jpg,cat
Cat/8398.jpg,cat
Cat/8399.jpg,cat
Cat/84.jpg,cat
Cat/840.jpg,cat
Cat/8400.jpg,cat
Cat/8404.jpg,cat
Cat/8405.jpg,cat
Cat/8406.jpg,cat
Cat/8407.jpg,cat
Cat/8408.jpg,cat
Cat/8409.jpg,cat
Cat/841.jpg,cat
Cat/8410.jpg,cat
Cat/8411.jpg,cat
Cat/8412.jpg,cat
Cat/8413.jpg,cat
Cat/8415.jpg,cat
Cat/8417.jpg,cat
Cat/8418.jpg,cat
Cat/842.jpg,cat
Cat/8420.jpg,cat
Cat/8421.jpg,cat
Cat/8422.jpg,cat
Cat/8424.jpg,cat
Cat/8426.jpg,cat
Cat/8427.jpg,cat
Cat/8428.jpg,cat
Cat/8429.jpg,cat
Cat/843.jpg,cat
Cat/8430.jpg,cat
Cat/8431.jpg,cat
Cat/8432.jpg,cat
Cat/8433.jpg,cat
Cat/8435.jpg,cat
Cat/8436.jpg,cat
Cat/8437.jpg,cat
Cat/8438.jpg,cat
Cat/8439.jpg,cat
Cat/844.jpg,cat
Cat/8441.jpg,cat
Cat/8444.jpg,cat
Cat/8446.jpg,cat
Cat/8447.jpg,cat
Cat/8448.jpg,cat
Cat/8449.jpg,cat
Cat/845.jpg,cat
Cat/8452.jpg,cat
Cat/8453.jpg,cat
Cat/8454.jpg,cat
Cat/8458.jpg,cat
Cat/8459.jpg,cat
Cat/846.jpg,cat
Cat/8460.jpg,cat
Cat/8461.jpg,cat
Cat/8462.jpg,cat
Cat/8463.jpg,cat
Cat/8464.jpg,cat
Cat/8465.jpg,cat
Cat/8466.jpg,cat
Cat/8468.jpg,cat
Cat/8469.jpg,cat
Cat/847.jpg,cat
Cat/8470.jpg,cat
Cat/8473.jpg,cat
Cat/8474.jpg,cat
Cat/8476.jpg,cat
Cat/8478.jpg,cat
Cat/8479.jpg,cat
Cat/848.jpg,cat
Cat/8480.jpg,cat
Cat/8481.jpg,cat
Cat/8484.jpg,cat
Cat/8485.jpg,cat
Cat/8486.jpg,cat
Cat/8487.jpg,cat
Cat/8488.jpg,cat
Cat/8489.jpg,cat
Cat/849.jpg,cat
Cat/8490.jpg,cat
Cat/8491.jpg,cat
Cat/8492.jpg,cat
Cat/8493.jpg,cat
Cat/8494.jpg,cat
Cat/8496.jpg,cat
Cat/8497.jpg,cat
Cat/8498.jpg,cat
Cat/8499.jpg,cat
Cat/85.jpg,cat
Cat/850.jpg,cat
Cat/8500.jpg,cat
Cat/8501.jpg,cat
Cat/8502.jpg,cat
Cat/8504.jpg,cat
Cat/8506.jpg,cat
Cat/8507.jpg,cat
Cat/8508.jpg,cat
Cat/8509.jpg,cat
Cat/851.jpg,cat
Cat/8511.jpg,cat
Cat/8512.jpg,cat
Cat/8513.jpg,cat
Cat/8516.jpg,cat
Cat/8517.jpg,cat
Cat/8518.jpg,cat
Cat/8519.jpg,cat
Cat/8520.jpg,cat
Cat/8521.jpg,cat
Cat/8522.jpg,cat
Cat/8523.jpg,cat
Cat/8526.jpg,cat
Cat/8527.jpg,cat
Cat/8528.jpg,cat
Cat/8531.jpg,cat
Cat/8532.jpg,cat
Cat/8534.jpg,cat
Cat/8537.jpg,cat
Cat/8538.jpg,cat
Cat/8539.jpg,cat
Cat/8543.jpg,cat
Cat/8544.jpg,cat
Cat/8545.jpg,cat
Cat/8546.jpg,cat
Cat/8547.jpg,cat
Cat/8548.jpg,cat
Cat/855.jpg,cat
Cat/8550.jpg,cat
Cat/8551.jpg,cat
Cat/8553.jpg,cat
Cat/8554.jpg,cat
Cat/8556.jpg,cat
Cat/8557.jpg,cat
Cat/8558.jpg,cat
Cat/8559.jpg,cat
Cat/8560.jpg,cat
Cat/8561.jpg,cat
Cat/8563.jpg,cat
Cat/8564.jpg,cat
Cat/8565.jpg,cat
Cat/8566.jpg,cat
Cat/8567.jpg,cat
Cat/8568.jpg,cat
Cat/8569.jpg,cat
Cat/857.jpg,cat
Cat/8570.jpg,cat
Cat/8571.jpg,cat
Cat/8572.jpg,cat
Cat/8573.jpg,cat
Cat/8574.jpg,cat
Cat/8575.jpg,cat
Cat/8577.jpg,cat
Cat/8579.jpg,cat
Cat/8580.jpg,cat
Cat/8581.jpg,cat
Cat/8582.jpg,cat
Cat/8583.jpg,cat
Cat/8584.jpg,cat
Cat/8585.jpg,cat
Cat/8586.jpg,cat
Cat/8588.jpg,cat
Cat/8589.jpg,cat
Cat/859.jpg,cat
Cat/8592.jpg,cat
Cat/8593.jpg,cat
Cat/8595.jpg,cat
Cat/8597.jpg,cat
Cat/8599.jpg,cat
Cat/86.jpg,cat
Cat/860.jpg,cat
Cat/8600.jpg,cat
Cat/8601.jpg,cat
Cat/8602.jpg,cat
Cat/8603.jpg,cat
Cat/8604.jpg,cat
Cat/8605.jpg,cat
Cat/8606.jpg,cat
Cat/8607.jpg,cat
Cat/8608.jpg,cat
Cat/8610.jpg,cat
Cat/8611.jpg,cat
Cat/8612.jpg,cat
Cat/8613.jpg,cat
Cat/8614.jpg,cat
Cat/8617.jpg,cat
Cat/8618.jpg,cat
Cat/8619.jpg,cat
Cat/8620.jpg,cat
Cat/8621.jpg,cat
Cat/8623.jpg,cat
Cat/8624.jpg,cat
Cat/8625.jpg,cat
Cat/8629.jpg,cat
Cat/863.jpg,cat
Cat/8630.jpg,cat
Cat/8631.jpg,cat
Cat/8633.jpg,cat
Cat/8634.jpg,cat
Cat/8635.jpg,cat
Cat/8637.jpg,cat
Cat/8638.jpg,cat
Cat/864.jpg,cat
Cat/8640.jpg,cat
Cat/8641.jpg,cat
Cat/8642.jpg,cat
Cat/8643.jpg,cat
Cat/8644.jpg,cat
Cat/8645.jpg,cat
Cat/8646.jpg,cat
Cat/8647.jpg,cat
Cat/865.jpg,cat
Cat/8651.jpg,cat
Cat/8652.jpg,cat
Cat/8653.jpg,cat
Cat/8654.jpg,cat
Cat/8655.jpg,cat
Cat/8656.jpg,cat
Cat/8658.jpg,cat
Cat/8659.jpg,cat
Cat/866.jpg,cat
Cat/8660.jpg,cat
Cat/8662.jpg,cat
Cat/8663.jpg,cat
Cat/8664.jpg,cat
Cat/8665.jpg,cat
Cat/8667.jpg,cat
Cat/8668.jpg,cat
Cat/8669.jpg,cat
Cat/867.jpg,cat
Cat/8670.jpg,cat
Cat/8671.jpg,cat
Cat/8672.jpg,cat
Cat/8673.jpg,cat
Cat/8674.jpg,cat
Cat/8675.jpg,cat
Cat/8676.jpg,cat
Cat/8677.jpg,cat
Cat/8679.jpg,cat
Cat/868.jpg,cat
Cat/8680.jpg,cat
Cat/8682.jpg,cat
Cat/8683.jpg,cat
Cat/8685.jpg,cat
Cat/8686.jpg,cat
Cat/8687.jpg,cat
Cat/8688.jpg,cat
Cat/8689.jpg,cat
Cat/8690.jpg,cat
Cat/8691.jpg,cat
Cat/8692.jpg,cat
Cat/8694.jpg,cat
Cat/8695.jpg,cat
Cat/8696.jpg,cat
Cat/87.jpg,cat
Cat/870.jpg,cat
Cat/8700.jpg,cat
Cat/8701.jpg,cat
Cat/8702.jpg,cat
Cat/8703.jpg,cat
Cat/8704.jpg,cat
Cat/8705.jpg,cat
Cat/8706.jpg,cat
Cat/8707.jpg,cat
Cat/8708.jpg,cat
Cat/8709.jpg,cat
Cat/871.jpg,cat
Cat/8710.jpg,cat
Cat/8711.jpg,cat
Cat/8714.jpg,cat
Cat/8715.jpg,cat
Cat/8716.jpg,cat
Cat/8717.jpg,cat
Cat/8718.jpg,cat
Cat/8719.jpg,cat
Cat/8720.jpg,cat
Cat/8721.jpg,cat
Cat/8723.jpg,cat
Cat/8724.jpg,cat
Cat/8725.jpg,cat
Cat/8726.jpg,cat
Cat/8727.jpg,cat
Cat/8728.jpg,cat
Cat/8729.jpg,cat
Cat/8730.jpg,cat
Cat/8731.jpg,cat
Cat/8732.jpg,cat
Cat/8733.jpg,cat
Cat/8734.jpg,cat
Cat/8735.jpg,cat
Cat/8736.jpg,cat
Cat/8737.jpg,cat
Cat/8738.jpg,cat
Cat/8739.jpg,cat
Cat/874.jpg,cat
Cat/8740.jpg,cat
Cat/8741.jpg,cat
Cat/8742.jpg,cat
Cat/8743.jpg,cat
Cat/8745.jpg,cat
Cat/8746.jpg,cat
Cat/8747.jpg,cat
Cat/8748.jpg,cat
Cat/8749.jpg,cat
Cat/875.jpg,cat
Cat/8750.jpg,cat
Cat/8751.jpg,cat
Cat/8752.jpg,cat
Cat/8753.jpg,cat
Cat/8754.jpg,cat
Cat/8755.jpg,cat
Cat/8756.jpg,cat
Cat/8759.jpg,cat
Cat/8760.jpg,cat
Cat/8761.jpg,cat
Cat/8762.jpg,cat
Cat/8763.jpg,cat
Cat/8764.jpg,cat
Cat/8766.jpg,cat
Cat/8767.jpg,cat
Cat/8768.jpg,cat
Cat/8769.jpg,cat
Cat/877.jpg,cat
Cat/8770.jpg,cat
Cat/8771.jpg,cat
Cat/8772.jpg,cat
Cat/8773.jpg,cat
Cat/8774.jpg,cat
Cat/8775.jpg,cat
Cat/8776.jpg,cat
Cat/8777.jpg,cat
Cat/8778.jpg,cat
Cat/8779.jpg,cat
Cat/878.jpg,cat
Cat/8781.jpg,cat
Cat/8782.jpg,cat
Cat/8783.jpg,cat
Cat/8784.jpg,cat
Cat/8785.jpg,cat
Cat/8786.jpg,cat
Cat/8787.jpg,cat
Cat/8788.jpg,cat
Cat/8789.jpg,cat
Cat/879.jpg,cat
Cat/8790.jpg,cat
Cat/8792.jpg,cat
Cat/8793.jpg,cat
Cat/8794.jpg,cat
Cat/8795.jpg,cat
Cat/8796.jpg,cat
Cat/8797.jpg,cat
Cat/8798.jpg,cat
Cat/8799.jpg,cat
Cat/880.jpg,cat
Cat/8800.jpg,cat
Cat/8801.jpg,cat
Cat/8804.jpg,cat
Cat/8805.jpg,cat
Cat/8806.jpg,cat
Cat/8807.jpg,cat
Cat/8809.jpg,cat
Cat/881.jpg,cat
Cat/8810.jpg,cat
Cat/8811.jpg,cat
Cat/8812.jpg,cat
Cat/8813.jpg,cat
Cat/8814.jpg,cat
Cat/8815.jpg,cat
Cat/8816.jpg,cat
Cat/8817.jpg,cat
Cat/8818.jpg,cat
Cat/8820.jpg,cat
Cat/8821.jpg,cat
Cat/8823.jpg,cat
Cat/8824.jpg,cat
Cat/8825.jpg,cat
Cat/8826.jpg,cat
Cat/8827.jpg,cat
Cat/8828.jpg,cat
Cat/883.jpg,cat
Cat/8830.jpg,cat
Cat/8831.jpg,cat
Cat/8832.jpg,cat
Cat/8833.jpg,cat
Cat/8834.jpg,cat
Cat/8835.jpg,cat
Cat/8836.jpg,cat
Cat/8837.jpg,cat
Cat/8838.jpg,cat
Cat/8839.jpg,cat
Cat/884.jpg,cat
Cat/8840.jpg,cat
Cat/8841.jpg,cat
Cat/8842.jpg,cat
Cat/8843.jpg,cat
Cat/8844.jpg,cat
Cat/8845.jpg,cat
Cat/8847.jpg,cat
Cat/8848.jpg,cat
Cat/8849.jpg,cat
Cat/885.jpg,cat
Cat/8850.jpg,cat
Cat/8851.jpg,cat
Cat/8852.jpg,cat
Cat/8853.jpg,cat
Cat/8854.jpg,cat
Cat/8855.jpg,cat
Cat/8856.jpg,cat
Cat/8857.jpg,cat
Cat/8859.jpg,cat
Cat/8860.jpg,cat
Cat/8861.jpg,cat
Cat/8862.jpg,cat
Cat/8863.jpg,cat
Cat/8864.jpg,cat
Cat/8866.jpg,cat
Cat/8867.jpg,cat
Cat/8870.jpg,cat
Cat/8871.jpg,cat
Cat/8873.jpg,cat
Cat/8874.jpg,cat
Cat/8875.jpg,cat
Cat/8876.jpg,cat
Cat/8877.jpg,cat
Cat/8878.jpg,cat
Cat/8879.jpg,cat
Cat/888.jpg,cat
Cat/8880.jpg,cat
Cat/8881.jpg,cat
Cat/8882.jpg,cat
Cat/8883.jpg,cat
Cat/8884.jpg,cat
Cat/8885.jpg,cat
Cat/8887.jpg,cat
Cat/8888.jpg,cat
Cat/8889.jpg,cat
Cat/889.jpg,cat
Cat/8890.jpg,cat
Cat/8891.jpg,cat
Cat/8893.jpg,cat
Cat/8895.jpg,cat
Cat/8896.jpg,cat
Cat/8897.jpg,cat
Cat/8898.jpg,cat
Cat/8899.jpg,cat
Cat/89.jpg,cat
Cat/890.jpg,cat
Cat/8900.jpg,cat
Cat/8901.jpg,cat
Cat/8902.jpg,cat
Cat/8903.jpg,cat
Cat/8904.jpg,cat
Cat/8905.jpg,cat
Cat/8906.jpg,cat
Cat/8907.jpg,cat
Cat/8908.jpg,cat
Cat/8909.jpg,cat
Cat/891.jpg,cat
Cat/8910.jpg,cat
Cat/8911.jpg,cat
Cat/8913.jpg,cat
Cat/8916.jpg,cat
Cat/8917.jpg,cat
Cat/8918.jpg,cat
Cat/8919.jpg,cat
Cat/8920.jpg,cat
Cat/8921.jpg,cat
Cat/8922.jpg,cat
Cat/8924.jpg,cat
Cat/8925.jpg,cat
Cat/8926.jpg,cat
Cat/8927.jpg,cat
Cat/8928.jpg,cat
Cat/8929.jpg,cat
Cat/8930.jpg,cat
Cat/8931.jpg,cat
Cat/8932.jpg,cat
Cat/8933.jpg,cat
Cat/8935.jpg,cat
Cat/8936.jpg,cat
Cat/8939.jpg,cat
Cat/894.jpg,cat
Cat/8941.jpg,cat
Cat/8942.jpg,cat
Cat/8944.jpg,cat
Cat/8945.jpg,cat
Cat/8946.jpg,cat
Cat/8947.jpg,cat
Cat/8948.jpg,cat
Cat/8949.jpg,cat
Cat/8950.jpg,cat
Cat/8951.jpg,cat
Cat/8952.jpg,cat
Cat/8953.jpg,cat
Cat/8955.jpg,cat
Cat/8956.jpg,cat
Cat/8957.jpg,cat
Cat/8959.jpg,cat
Cat/896.jpg,cat
Cat/8960.jpg,cat
Cat/8961.jpg,cat
Cat/8962.jpg,cat
Cat/8963.jpg,cat
Cat/8964.jpg,cat
Cat/8965.jpg,cat
Cat/8966.jpg,cat
Cat/8967.jpg,cat
Cat/8968.jpg,cat
Cat/8969.jpg,cat
Cat/897.jpg,cat
Cat/8970.jpg,cat
Cat/8971.jpg,cat
Cat/8972.jpg,cat
Cat/8974.jpg,cat
Cat/8975.jpg,cat
Cat/8976.jpg,cat
Cat/8977.jpg,cat
Cat/8978.jpg,cat
Cat/8979.jpg,cat
Cat/898.jpg,cat
Cat/8980.jpg,cat
Cat/8981.jpg,cat
Cat/8983.jpg,cat
Cat/8984.jpg,cat
Cat/8985.jpg,cat
Cat/8986.jpg,cat
Cat/8987.jpg,cat
Cat/8988.jpg,cat
Cat/8989.jpg,cat
Cat/899.jpg,cat
Cat/8990.jpg,cat
Cat/8991.jpg,cat
Cat/8992.jpg,cat
Cat/8993.jpg,cat
Cat/8994.jpg,cat
Cat/8995.jpg,cat
Cat/8996.jpg,cat
Cat/8997.jpg,cat
Cat/8998.jpg,cat
Cat/8999.jpg,cat
Cat/9.jpg,cat
Cat/90.jpg,cat
Cat/900.jpg,cat
Cat/9000.jpg,cat
Cat/9001.jpg,cat
Cat/9002.jpg,cat
Cat/9003.jpg,cat
Cat/9004.jpg,cat
Cat/9005.jpg,cat
Cat/9007.jpg,cat
Cat/9009.jpg,cat
Cat/9010.jpg,cat
Cat/9011.jpg,cat
Cat/9012.jpg,cat
Cat/9013.jpg,cat
Cat/9015.jpg,cat
Cat/9016.jpg,cat
Cat/9017.jpg,cat
Cat/9018.jpg,cat
Cat/9019.jpg,cat
Cat/902.jpg,cat
Cat/9020.jpg,cat
Cat/9022.jpg,cat
Cat/9023.jpg,cat
Cat/9024.jpg,cat
Cat/9026.jpg,cat
Cat/9027.jpg,cat
Cat/9028.jpg,cat
Cat/903.jpg,cat
Cat/9030.jpg,cat
Cat/9031.jpg,cat
Cat/9032.jpg,cat
Cat/9033.jpg,cat
Cat/9034.jpg,cat
Cat/9035.jpg,cat
Cat/9036.jpg,cat
Cat/9037.jpg,cat
Cat/9038.jpg,cat
Cat/9039.jpg,cat
Cat/904.jpg,cat
Cat/9040.jpg,cat
Cat/9041.jpg,cat
Cat/9042.jpg,cat
Cat/9043.jpg,cat
Cat/9044.jpg,cat
Cat/9045.jpg,cat
Cat/9047.jpg,cat
Cat/9048.jpg,cat
Cat/9049.jpg,cat
Cat/905.jpg,cat
Cat/9050.jpg,cat
Cat/9051.jpg,cat
Cat/9053.jpg,cat
Cat/9055.jpg,cat
Cat/9056.jpg,cat
Cat/9057.jpg,cat
Cat/9058.jpg,cat
Cat/9059.jpg,cat
Cat/906.jpg,cat
Cat/9060.jpg,cat
Cat/9061.jpg,cat
Cat/9062.jpg,cat
Cat/9063.jpg,cat
Cat/9064.jpg,cat
Cat/9065.jpg,cat
Cat/9067.jpg,cat
Cat/9068.jpg,cat
Cat/9069.jpg,cat
Cat/907.jpg,cat
Cat/9070.jpg,cat
Cat/9071.jpg,cat
Cat/9072.jpg,cat
Cat/9073.jpg,cat
Cat/9074.jpg,cat
Cat/9075.jpg,cat
Cat/9077.jpg,cat
Cat/9078.jpg,cat
Cat/9079.jpg,cat
Cat/908.jpg,cat
Cat/9080.jpg,cat
Cat/9081.jpg,cat
Cat/9082.jpg,cat
Cat/9083.jpg,cat
Cat/9084.jpg,cat
Cat/9085.jpg,cat
Cat/9086.jpg,cat
Cat/9088.jpg,cat
Cat/9089.jpg,cat
Cat/9090.jpg,cat
Cat/9091.jpg,cat
Cat/9092.jpg,cat
Cat/9093.jpg,cat
Cat/9095.jpg,cat
Cat/9096.jpg,cat
Cat/9097.jpg,cat
Cat/9098.jpg,cat
Cat/9099.jpg,cat
Cat/91.jpg,cat
Cat/9100.jpg,cat
Cat/9101.jpg,cat
Cat/9102.jpg,cat
Cat/9103.jpg,cat
Cat/9105.jpg,cat
Cat/9106.jpg,cat
Cat/9107.jpg,cat
Cat/9108.jpg,cat
Cat/9109.jpg,cat
Cat/911.jpg,cat
Cat/9110.jpg,cat
Cat/9111.jpg,cat
Cat/9112.jpg,cat
Cat/9113.jpg,cat
Cat/9114.jpg,cat
Cat/9115.jpg,cat
Cat/9119.jpg,cat
Cat/9120.jpg,cat
Cat/9121.jpg,cat
Cat/9122.jpg,cat
Cat/9123.jpg,cat
Cat/9124.jpg,cat
Cat/9125.jpg,cat
Cat/9126.jpg,cat
Cat/9128.jpg,cat
Cat/9129.jpg,cat
Cat/913.jpg,cat
Cat/9130.jpg,cat
Cat/9131.jpg,cat
Cat/9133.jpg,cat
Cat/9134.jpg,cat
Cat/9135.jpg,cat
Cat/9138.jpg,cat
Cat/9139.jpg,cat
Cat/914.jpg,cat
Cat/9140.jpg,cat
Cat/9141.jpg,cat
Cat/9142.jpg,cat
Cat/9143.jpg,cat
Cat/9144.jpg,cat
Cat/9145.jpg,cat
Cat/9146.jpg,cat
Cat/9147.jpg,cat
Cat/9148.jpg,cat
Cat/9149.jpg,cat
Cat/9150.jpg,cat
Cat/9151.jpg,cat
Cat/9152.jpg,cat
Cat/9153.jpg,cat
Cat/9154.jpg,cat
Cat/9155.jpg,cat
Cat/9156.jpg,cat
Cat/9158.jpg,cat
Cat/9159.jpg,cat
Cat/916.jpg,cat
Cat/9160.jpg,cat
Cat/9161.jpg,cat
Cat/9164.jpg,cat
Cat/9166.jpg,cat
Cat/9167.jpg,cat
Cat/9168.jpg,cat
Cat/9169.jpg,cat
Cat/9170.jpg,cat
Cat/9171.jpg,cat
Cat/9173.jpg,cat
Cat/9174.jpg,cat
Cat/9175.jpg,cat
Cat/9177.jpg,cat
Cat/9178.jpg,cat
Cat/9179.jpg,cat
Cat/918.jpg,cat
Cat/9180.jpg,cat
Cat/9181.jpg,cat
Cat/9183.jpg,cat
Cat/9184.jpg,cat
Cat/9186.jpg,cat
Cat/9187.jpg,cat
Cat/9188.jpg,cat
Cat/919.jpg,cat
Cat/9190.jpg,cat
Cat/9191.jpg,cat
Cat/9192.jpg,cat
Cat/9193.jpg,cat
Cat/9195.jpg,cat
Cat/9196.jpg,cat
Cat/9197.jpg,cat
Cat/9198.jpg,cat
Cat/920.jpg,cat
Cat/9201.jpg,cat
Cat/9203.jpg,cat
Cat/9204.jpg,cat
Cat/9205.jpg,cat
Cat/9207.jpg,cat
Cat/9208.jpg,cat
Cat/9209.jpg,cat
Cat/921.jpg,cat
Cat/9211.jpg,cat
Cat/9212.jpg,cat
Cat/9213.jpg,cat
Cat/9214.jpg,cat
Cat/9215.jpg,cat
Cat/9216.jpg,cat
Cat/9218.jpg,cat
Cat/9219.jpg,cat
Cat/922.jpg,cat
Cat/9220.jpg,cat
Cat/9221.jpg,cat
Cat/9222.jpg,cat
Cat/9223.jpg,cat
Cat/9224.jpg,cat
Cat/9225.jpg,cat
Cat/9228.jpg,cat
Cat/9229.jpg,cat
Cat/923.jpg,cat
Cat/9230.jpg,cat
Cat/9231.jpg,cat
Cat/9232.jpg,cat
Cat/9234.jpg,cat
Cat/9235.jpg,cat
Cat/9237.jpg,cat
Cat/9238.jpg,cat
Cat/9239.jpg,cat
Cat/924.jpg,cat
Cat/9243.jpg,cat
Cat/9244.jpg,cat
Cat/9246.jpg,cat
Cat/9247.jpg,cat
Cat/9248.jpg,cat
Cat/9249.jpg,cat
Cat/925.jpg,cat
Cat/9250.jpg,cat
Cat/9252.jpg,cat
Cat/9253.jpg,cat
Cat/9255.jpg,cat
Cat/9256.jpg,cat
Cat/9257.jpg,cat
Cat/9258.jpg,cat
Cat/9259.jpg,cat
Cat/926.jpg,cat
Cat/9260.jpg,cat
Cat/9261.jpg,cat
Cat/9262.jpg,cat
Cat/9263.jpg,cat
Cat/9265.jpg,cat
Cat/9266.jpg,cat
Cat/9267.jpg,cat
Cat/9268.jpg,cat
Cat/927.jpg,cat
Cat/9272.jpg,cat
Cat/9273.jpg,cat
Cat/9274.jpg,cat
Cat/9276.jpg,cat
Cat/9277.jpg,cat
Cat/9278.jpg,cat
Cat/9279.jpg,cat
Cat/928.jpg,cat
Cat/9280.jpg,cat
Cat/9281.jpg,cat
Cat/9282.jpg,cat
Cat/9283.jpg,cat
Cat/9284.jpg,cat
Cat/9286.jpg,cat
Cat/9287.jpg,cat
Cat/9288.jpg,cat
Cat/929.jpg,cat
Cat/9290.jpg,cat
Cat/9291.jpg,cat
Cat/9293.jpg,cat
Cat/9294.jpg,cat
Cat/9296.jpg,cat
Cat/9297.jpg,cat
Cat/9298.jpg,cat
Cat/9299.jpg,cat
Cat/9300.jpg,cat
Cat/9301.jpg,cat
Cat/9302.jpg,cat
Cat/9303.jpg,cat
Cat/9304.jpg,cat
Cat/9306.jpg,cat
Cat/9307.jpg,cat
Cat/9308.jpg,cat
Cat/931.jpg,cat
Cat/9310.jpg,cat
Cat/9311.jpg,cat
Cat/9312.jpg,cat
Cat/9314.jpg,cat
Cat/9315.jpg,cat
Cat/9316.jpg,cat
Cat/9317.jpg,cat
Cat/9318.jpg,cat
Cat/932.jpg,cat
Cat/9320.jpg,cat
Cat/9321.jpg,cat
Cat/9322.jpg,cat
Cat/9324.jpg,cat
Cat/9325.jpg,cat
Cat/9326.jpg,cat
Cat/9328.jpg,cat
Cat/9329.jpg,cat
Cat/933.jpg,cat
Cat/9330.jpg,cat
Cat/9331.jpg,cat
Cat/9332.jpg,cat
Cat/9333.jpg,cat
Cat/9337.jpg,cat
Cat/9338.jpg,cat
Cat/9341.jpg,cat
Cat/9342.jpg,cat
Cat/9343.jpg,cat
Cat/9344.jpg,cat
Cat/9345.jpg,cat
Cat/9346.jpg,cat
Cat/9347.jpg,cat
Cat/9348.jpg,cat
Cat/9349.jpg,cat
Cat/935.jpg,cat
Cat/9350.jpg,cat
Cat/9352.jpg,cat
Cat/9353.jpg,cat
Cat/9354.jpg,cat
Cat/9355.jpg,cat
Cat/9356.jpg,cat
Cat/9358.jpg,cat
Cat/936.jpg,cat
Cat/9360.jpg,cat
Cat/9364.jpg,cat
Cat/9365.jpg,cat
Cat/9366.jpg,cat
Cat/9367.jpg,cat
Cat/9368.jpg,cat
Cat/9369.jpg,cat
Cat/937.jpg,cat
Cat/9370.jpg,cat
Cat/9372.jpg,cat
Cat/9373.jpg,cat
Cat/9376.jpg,cat
Cat/9377.jpg,cat
Cat/9378.jpg,cat
Cat/9379.jpg,cat
Cat/938.jpg,cat
Cat/9381.jpg,cat
Cat/9382.jpg,cat
Cat/9383.jpg,cat
Cat/9384.jpg,cat
Cat/9385.jpg,cat
Cat/9386.jpg,cat
Cat/9387.jpg,cat
Cat/9388.jpg,cat
Cat/9389.jpg,cat
Cat/939.jpg,cat
Cat/9390.jpg,cat
Cat/9391.jpg,cat
Cat/9392.jpg,cat
Cat/9393.jpg,cat
Cat/9394.jpg,cat
Cat/9395.jpg,cat
Cat/9396.jpg,cat
Cat/9397.jpg,cat
Cat/9399.jpg,cat
Cat/94.jpg,cat
Cat/940.jpg,cat
Cat/9400.jpg,cat
Cat/9401.jpg,cat
Cat/9402.jpg,cat
Cat/9403.jpg,cat
Cat/9404.jpg,cat
Cat/9405.jpg,cat
Cat/9407.jpg,cat
Cat/9408.jpg,cat
Cat/9409.jpg,cat
Cat/941.jpg,cat
Cat/9410.jpg,cat
Cat/9412.jpg,cat
Cat/9414.jpg,cat
Cat/9415.jpg,cat
Cat/9416.jpg,cat
Cat/9417.jpg,cat
Cat/9418.jpg,cat
Cat/9419.jpg,cat
Cat/942.jpg,cat
Cat/9420.jpg,cat
Cat/9421.jpg,cat
Cat/9422.jpg,cat
Cat/9423.jpg,cat
Cat/9424.jpg,cat
Cat/9425.jpg,cat
Cat/9426.jpg,cat
Cat/9427.jpg,cat
Cat/9428.jpg,cat
Cat/943.jpg,cat
Cat/9430.jpg,cat
Cat/9431.jpg,cat
Cat/9432.jpg,cat
Cat/9434.jpg,cat
Cat/9435.jpg,cat
Cat/9436.jpg,cat
Cat/9437.jpg,cat
Cat/9438.jpg,cat
Cat/9439.jpg,cat
Cat/944.jpg,cat
Cat/9441.jpg,cat
Cat/9442.jpg,cat
Cat/9443.jpg,cat
Cat/9444.jpg,cat
Cat/9445.jpg,cat
Cat/9446.jpg,cat
Cat/9447.jpg,cat
Cat/9448.jpg,cat
Cat/9449.jpg,cat
Cat/945.jpg,cat
Cat/9450.jpg,cat
Cat/9451.jpg,cat
Cat/9452.jpg,cat
Cat/9453.jpg,cat
Cat/9454.jpg,cat
Cat/9455.jpg,cat
Cat/9456.jpg,cat
Cat/9458.jpg,cat
Cat/9459.jpg,cat
Cat/946.jpg,cat
Cat/9462.jpg,cat
Cat/9463.jpg,cat
Cat/9465.jpg,cat
Cat/9466.jpg,cat
Cat/9467.jpg,cat
Cat/9468.jpg,cat
Cat/947.jpg,cat
Cat/9470.jpg,cat
Cat/9471.jpg,cat
Cat/9473.jpg,cat
Cat/9474.jpg,cat
Cat/9475.jpg,cat
Cat/9476.jpg,cat
Cat/9477.jpg,cat
Cat/9478.jpg,cat
Cat/9479.jpg,cat
Cat/948.jpg,cat
Cat/9482.jpg,cat
Cat/9483.jpg,cat
Cat/9484.jpg,cat
Cat/9487.jpg,cat
Cat/9488.jpg,cat
Cat/9489.jpg,cat
Cat/949.jpg,cat
Cat/9490.jpg,cat
Cat/9491.jpg,cat
Cat/9492.jpg,cat
Cat/9493.jpg,cat
Cat/9496.jpg,cat
Cat/9497.jpg,cat
Cat/9498.jpg,cat
Cat/9499.jpg,cat
Cat/95.jpg,cat
Cat/9500.jpg,cat
Cat/9505.jpg,cat
Cat/9506.jpg,cat
Cat/9507.jpg,cat
Cat/9508.jpg,cat
Cat/9509.jpg,cat
Cat/951.jpg,cat
Cat/9510.jpg,cat
Cat/9511.jpg,cat
Cat/9513.jpg,cat
Cat/9514.jpg,cat
Cat/9515.jpg,cat
Cat/9517.jpg,cat
Cat/9518.jpg,cat
Cat/9519.jpg,cat
Cat/9520.jpg,cat
Cat/9521.jpg,cat
Cat/9522.jpg,cat
Cat/9523.jpg,cat
Cat/9524.jpg,cat
Cat/9525.jpg,cat
Cat/9527.jpg,cat
Cat/9528.jpg,cat
Cat/9529.jpg,cat
Cat/953.jpg,cat
Cat/9531.jpg,cat
Cat/9532.jpg,cat
Cat/9534.jpg,cat
Cat/9535.jpg,cat
Cat/9536.jpg,cat
Cat/9537.jpg,cat
Cat/9539.jpg,cat
Cat/954.jpg,cat
Cat/9541.jpg,cat
Cat/9543.jpg,cat
Cat/9544.jpg,cat
Cat/9545.jpg,cat
Cat/9547.jpg,cat
Cat/9548.jpg,cat
Cat/9549.jpg,cat
Cat/9550.jpg,cat
Cat/9551.jpg,cat
Cat/9552.jpg,cat
Cat/9553.jpg,cat
Cat/9554.jpg,cat
Cat/9556.jpg,cat
Cat/9557.jpg,cat
Cat/9558.jpg,cat
Cat/9559.jpg,cat
Cat/9560.jpg,cat
Cat/9561.jpg,cat
Cat/9562.jpg,cat
Cat/9564.jpg,cat
Cat/9565.jpg,cat
Cat/9567.jpg,cat
Cat/9568.jpg,cat
Cat/957.jpg,cat
Cat/9570.jpg,cat
Cat/9571.jpg,cat
Cat/9572.jpg,cat
Cat/9573.jpg,cat
Cat/9574.jpg,cat
Cat/9575.jpg,cat
Cat/9576.jpg,cat
Cat/9577.jpg,cat
Cat/9578.jpg,cat
Cat/9579.jpg,cat
Cat/958.jpg,cat
Cat/9581.jpg,cat
Cat/9582.jpg,cat
Cat/9583.jpg,cat
Cat/9584.jpg,cat
Cat/9586.jpg,cat
Cat/9587.jpg,cat
Cat/959.jpg,cat
Cat/9590.jpg,cat
Cat/9592.jpg,cat
Cat/9594.jpg,cat
Cat/9596.jpg,cat
Cat/9597.jpg,cat
Cat/9598.jpg,cat
Cat/96.jpg,cat
Cat/960.jpg,cat
Cat/9600.jpg,cat
Cat/9601.jpg,cat
Cat/9602.jpg,cat
Cat/9605.jpg,cat
Cat/9606.jpg,cat
Cat/9607.jpg,cat
Cat/9609.jpg,cat
Cat/961.jpg,cat
Cat/9612.jpg,cat
Cat/9613.jpg,cat
Cat/9614.jpg,cat
Cat/9615.jpg,cat
Cat/9616.jpg,cat
Cat/9618.jpg,cat
Cat/9619.jpg,cat
Cat/962.jpg,cat
Cat/9620.jpg,cat
Cat/9623.jpg,cat
Cat/9624.jpg,cat
Cat/9625.jpg,cat
Cat/9627.jpg,cat
Cat/9629.jpg,cat
Cat/963.jpg,cat
Cat/9630.jpg,cat
Cat/9631.jpg,cat
Cat/9633.jpg,cat
Cat/9634.jpg,cat
Cat/9635.jpg,cat
Cat/9636.jpg,cat
Cat/9637.jpg,cat
Cat/9639.jpg,cat
Cat/964.jpg,cat
Cat/9641.jpg,cat
Cat/9642.jpg,cat
Cat/9644.jpg,cat
Cat/9645.jpg,cat
Cat/9648.jpg,cat
Cat/9649.jpg,cat
Cat/965.jpg,cat
Cat/9650.jpg,cat
Cat/9651.jpg,cat
Cat/9653.jpg,cat
Cat/9654.jpg,cat
Cat/9655.jpg,cat
Cat/9656.jpg,cat
Cat/9657.jpg,cat
Cat/9658.jpg,cat
Cat/9659.jpg,cat
Cat/966.jpg,cat
Cat/9660.jpg,cat
Cat/9661.jpg,cat
Cat/9662.jpg,cat
Cat/9663.jpg,cat
Cat/9665.jpg,cat
Cat/9667.jpg,cat
Cat/9668.jpg,cat
Cat/9669.jpg,cat
Cat/967.jpg,cat
Cat/9670.jpg,cat
Cat/9672.jpg,cat
Cat/9673.jpg,cat
Cat/9674.jpg,cat
Cat/9675.jpg,cat
Cat/9676.jpg,cat
Cat/9677.jpg,cat
Cat/9679.jpg,cat
Cat/968.jpg,cat
Cat/9680.jpg,cat
Cat/9681.jpg,cat
Cat/9682.jpg,cat
Cat/9683.jpg,cat
Cat/9685.jpg,cat
Cat/9686.jpg,cat
Cat/9687.jpg,cat
Cat/9688.jpg,cat
Cat/9689.jpg,cat
Cat/969.jpg,cat
Cat/9690.jpg,cat
Cat/9691.jpg,cat
Cat/9692.jpg,cat
Cat/9693.jpg,cat
Cat/9694.jpg,cat
Cat/9697.jpg,cat
Cat/9698.jpg,cat
Cat/97.jpg,cat
Cat/970.jpg,cat
Cat/9700.jpg,cat
Cat/9701.jpg,cat
Cat/9702.jpg,cat
Cat/9703.jpg,cat
Cat/9704.jpg,cat
Cat/9709.jpg,cat
Cat/971.jpg,cat
Cat/9711.jpg,cat
Cat/9712.jpg,cat
Cat/9713.jpg,cat
Cat/9714.jpg,cat
Cat/9715.jpg,cat
Cat/9716.jpg,cat
Cat/9717.jpg,cat
Cat/9718.jpg,cat
Cat/972.jpg,cat
Cat/9720.jpg,cat
Cat/9721.jpg,cat
Cat/9722.jpg,cat
Cat/9724.jpg,cat
Cat/9725.jpg,cat
Cat/9727.jpg,cat
Cat/9728.jpg,cat
Cat/9729.jpg,cat
Cat/973.jpg,cat
Cat/9730.jpg,cat
Cat/9732.jpg,cat
Cat/9734.jpg,cat
Cat/9735.jpg,cat
Cat/9737.jpg,cat
Cat/9739.jpg,cat
Cat/974.jpg,cat
Cat/9740.jpg,cat
Cat/9741.jpg,cat
Cat/9743.jpg,cat
Cat/9745.jpg,cat
Cat/9746.jpg,cat
Cat/9749.jpg,cat
Cat/975.jpg,cat
Cat/9750.jpg,cat
Cat/9751.jpg,cat
Cat/9752.jpg,cat
Cat/9755.jpg,cat
Cat/9757.jpg,cat
Cat/9758.jpg,cat
Cat/9759.jpg,cat
Cat/9760.jpg,cat
Cat/9761.jpg,cat
Cat/9763.jpg,cat
Cat/9765.jpg,cat
Cat/9766.jpg,cat
Cat/9767.jpg,cat
Cat/9768.jpg,cat
Cat/9769.jpg,cat
Cat/977.jpg,cat
Cat/9770.jpg,cat
Cat/9771.jpg,cat
Cat/9772.jpg,cat
Cat/9774.jpg,cat
Cat/9775.jpg,cat
Cat/9776.jpg,cat
Cat/9777.jpg,cat
Cat/9778.jpg,cat
Cat/9779.jpg,cat
Cat/9780.jpg,cat
Cat/9781.jpg,cat
Cat/9782.jpg,cat
Cat/9783.jpg,cat
Cat/9784.jpg,cat
Cat/9785.jpg,cat
Cat/9788.jpg,cat
Cat/9789.jpg,cat
Cat/979.jpg,cat
Cat/9790.jpg,cat
Cat/9791.jpg,cat
Cat/9792.jpg,cat
Cat/9793.jpg,cat
Cat/9794.jpg,cat
Cat/9795.jpg,cat
Cat/9796.jpg,cat
Cat/9797.jpg,cat
Cat/9798.jpg,cat
Cat/98.jpg,cat
Cat/980.jpg,cat
Cat/9800.jpg,cat
Cat/9801.jpg,cat
Cat/9805.jpg,cat
Cat/9806.jpg,cat
Cat/9807.jpg,cat
Cat/9808.jpg,cat
Cat/9809.jpg,cat
Cat/981.jpg,cat
Cat/9810.jpg,cat
Cat/9811.jpg,cat
Cat/9812.jpg,cat
Cat/9813.jpg,cat
Cat/9814.jpg,cat
Cat/9816.jpg,cat
Cat/9818.jpg,cat
Cat/9819.jpg,cat
Cat/982.jpg,cat
Cat/9821.jpg,cat
Cat/9822.jpg,cat
Cat/9823.jpg,cat
Cat/9824.jpg,cat
Cat/9825.jpg,cat
Cat/9826.jpg,cat
Cat/9827.jpg,cat
Cat/9829.jpg,cat
Cat/983.jpg,cat
Cat/9830.jpg,cat
Cat/9831.jpg,cat
Cat/9832.jpg,cat
Cat/9833.jpg,cat
Cat/9835.jpg,cat
Cat/9836.jpg,cat
Cat/9837.jpg,cat
Cat/9838.jpg,cat
Cat/9839.jpg,cat
Cat/984.jpg,cat
Cat/9840.jpg,cat
Cat/9842.jpg,cat
Cat/9843.jpg,cat
Cat/9844.jpg,cat
Cat/9845.jpg,cat
Cat/9846.jpg,cat
Cat/9847.jpg,cat
Cat/9848.jpg,cat
Cat/9849.jpg,cat
Cat/985.jpg,cat
Cat/9850.jpg,cat
Cat/9851.jpg,cat
Cat/9852.jpg,cat
Cat/9853.jpg,cat
Cat/9854.jpg,cat
Cat/9855.jpg,cat
Cat/9856.jpg,cat
Cat/9857.jpg,cat
Cat/9858.jpg,cat
Cat/9862.jpg,cat
Cat/9863.jpg,cat
Cat/9864.jpg,cat
Cat/9865.jpg,cat
Cat/9866.jpg,cat
Cat/9867.jpg,cat
Cat/9870.jpg,cat
Cat/9871.jpg,cat
Cat/9872.jpg,cat
Cat/9873.jpg,cat
Cat/9874.jpg,cat
Cat/9875.jpg,cat
Cat/9876.jpg,cat
Cat/9877.jpg,cat
Cat/9878.jpg,cat
Cat/9879.jpg,cat
Cat/988.jpg,cat
Cat/9880.jpg,cat
Cat/9882.jpg,cat
Cat/9883.jpg,cat
Cat/9884.jpg,cat
Cat/9885.jpg,cat
Cat/9886.jpg,cat
Cat/9887.jpg,cat
Cat/9889.jpg,cat
Cat/9890.jpg,cat
Cat/9891.jpg,cat
Cat/9892.jpg,cat
Cat/9893.jpg,cat
Cat/9894.jpg,cat
Cat/9895.jpg,cat
Cat/9897.jpg,cat
Cat/9898.jpg,cat
Cat/9899.jpg,cat
Cat/99.jpg,cat
Cat/990.jpg,cat
Cat/9900.jpg,cat
Cat/9901.jpg,cat
Cat/9902.jpg,cat
Cat/9903.jpg,cat
Cat/9904.jpg,cat
Cat/9905.jpg,cat
Cat/9908.jpg,cat
Cat/9909.jpg,cat
Cat/991.jpg,cat
Cat/9910.jpg,cat
Cat/9912.jpg,cat
Cat/9913.jpg,cat
Cat/9914.jpg,cat
Cat/9916.jpg,cat
Cat/9918.jpg,cat
Cat/9919.jpg,cat
Cat/992.jpg,cat
Cat/9920.jpg,cat
Cat/9921.jpg,cat
Cat/9922.jpg,cat
Cat/9923.jpg,cat
Cat/9924.jpg,cat
Cat/9926.jpg,cat
Cat/9927.jpg,cat
Cat/9928.jpg,cat
Cat/9929.jpg,cat
Cat/993.jpg,cat
Cat/9930.jpg,cat
Cat/9931.jpg,cat
Cat/9935.jpg,cat
Cat/9936.jpg,cat
Cat/9937.jpg,cat
Cat/9938.jpg,cat
Cat/9939.jpg,cat
Cat/994.jpg,cat
Cat/9940.jpg,cat
Cat/9941.jpg,cat
Cat/9944.jpg,cat
Cat/9945.jpg,cat
Cat/9946.jpg,cat
Cat/9947.jpg,cat
Cat/9948.jpg,cat
Cat/9949.jpg,cat
Cat/9952.jpg,cat
Cat/9953.jpg,cat
Cat/9954.jpg,cat
Cat/9956.jpg,cat
Cat/9957.jpg,cat
Cat/9958.jpg,cat
Cat/996.jpg,cat
Cat/9960.jpg,cat
Cat/9963.jpg,cat
Cat/9965.jpg,cat
Cat/9969.jpg,cat
Cat/9970.jpg,cat
Cat/9971.jpg,cat
Cat/9972.jpg,cat
Cat/9974.jpg,cat
Cat/9975.jpg,cat
Cat/9978.jpg,cat
Cat/9981.jpg,cat
Cat/9982.jpg,cat
Cat/9983.jpg,cat
Cat/9984.jpg,cat
Cat/9987.jpg,cat
Cat/9988.jpg,cat
Cat/9989.jpg,cat
Cat/999.jpg,cat
Cat/9990.jpg,cat
Cat/9991.jpg,cat
Cat/9992.jpg,cat
Cat/9993.jpg,cat
Cat/9994.jpg,cat
Cat/9995.jpg,cat
Cat/9996.jpg,cat
Cat/9997.jpg,cat
Cat/9998.jpg,cat
Dog/0.jpg,dog
Dog/100.jpg,dog
Dog/1000.jpg,dog
Dog/10000.jpg,dog
Dog/10001.jpg,dog
Dog/10002.jpg,dog
Dog/10003.jpg,dog
Dog/10004.jpg,dog
Dog/10005.jpg,dog
Dog/10006.jpg,dog
Dog/10007.jpg,dog
Dog/10008.jpg,dog
Dog/1001.jpg,dog
Dog/10010.jpg,dog
Dog/10011.jpg,dog
Dog/10012.jpg,dog
Dog/10013.jpg,dog
Dog/10014.jpg,dog
Dog/10015.jpg,dog
Dog/10016.jpg,dog
Dog/10019.jpg,dog
Dog/1002.jpg,dog
Dog/10020.jpg,dog
Dog/10021.jpg,dog
Dog/10022.jpg,dog
Dog/10023.jpg,dog
Dog/10025.jpg,dog
Dog/10026.jpg,dog
Dog/10027.jpg,dog
Dog/10028.jpg,dog
Dog/10029.jpg,dog
Dog/1003.jpg,dog
Dog/10030.jpg,dog
Dog/10033.jpg,dog
Dog/10034.jpg,dog
Dog/10035.jpg,dog
Dog/10037.jpg,dog
Dog/10038.jpg,dog
Dog/10039.jpg,dog
Dog/1004.jpg,dog
Dog/10040.jpg,dog
Dog/10041.jpg,dog
Dog/10042.jpg,dog
Dog/10043.jpg,dog
Dog/10044.jpg,dog
Dog/10045.jpg,dog
Dog/10046.jpg,dog
Dog/10048.jpg,dog
Dog/10049.jpg,dog
Dog/10050.jpg,dog
Dog/10052.jpg,dog
Dog/10053.jpg,dog
Dog/10054.jpg,dog
Dog/10055.jpg,dog
Dog/10056.jpg,dog
Dog/10057.jpg,dog
Dog/10058.jpg,dog
Dog/10059.jpg,dog
Dog/1006.jpg,dog
Dog/10061.jpg,dog
Dog/10062.jpg,dog
Dog/10065.jpg,dog
Dog/10066.jpg,dog
Dog/10067.jpg,dog
Dog/10069.jpg,dog
Dog/10071.jpg,dog
Dog/10072.jpg,dog
Dog/10074.jpg,dog
Dog/10075.jpg,dog
Dog/10076.jpg,dog
Dog/10077.jpg,dog
Dog/10078.jpg,dog
Dog/10079.jpg,dog
Dog/10080.jpg,dog
Dog/10081.jpg,dog
Dog/10082.jpg,dog
Dog/10083.jpg,dog
Dog/10086.jpg,dog
Dog/10087.jpg,dog
Dog/10088.jpg,dog
Dog/10089.jpg,dog
Dog/1009.jpg,dog
Dog/10090.jpg,dog
Dog/10091.jpg,dog
Dog/10092.jpg,dog
Dog/10093.jpg,dog
Dog/10095.jpg,dog
Dog/10096.jpg,dog
Dog/10097.jpg,dog
Dog/10098.jpg,dog
Dog/10099.jpg,dog
Dog/1010.jpg,dog
Dog/10101.jpg,dog
Dog/10102.jpg,dog
Dog/10104.jpg,dog
Dog/10106.jpg,dog
Dog/10107.jpg,dog
Dog/10109.jpg,dog
Dog/1011.jpg,dog
Dog/10110.jpg,dog
Dog/10111.jpg,dog
Dog/10112.jpg,dog
Dog/10113.jpg,dog
Dog/10115.jpg,dog
Dog/10116.jpg,dog
Dog/10117.jpg,dog
Dog/10118.jpg,dog
Dog/10119.jpg,dog
Dog/10120.jpg,dog
Dog/10121.jpg,dog
Dog/10123.jpg,dog
Dog/10124.jpg,dog
Dog/10125.jpg,dog
Dog/10126.jpg,dog
Dog/10128.jpg,dog
Dog/10129.jpg,dog
Dog/10131.jpg,dog
Dog/10132.jpg,dog
Dog/10133.jpg,dog
Dog/10136.jpg,dog
Dog/10137.jpg,dog
Dog/10138.jpg,dog
Dog/10139.jpg,dog
Dog/1014.jpg,dog
Dog/10140.jpg,dog
Dog/10142.jpg,dog
Dog/10143.jpg,dog
Dog/10144.jpg,dog
Dog/10145.jpg,dog
Dog/10146.jpg,dog
Dog/10147.jpg,dog
Dog/10148.jpg,dog
Dog/10149.jpg,dog
Dog/1015.jpg,dog
Dog/10150.jpg,dog
Dog/10151.jpg,dog
Dog/10153.jpg,dog
Dog/10154.jpg,dog
Dog/10156.jpg,dog
Dog/10157.jpg,dog
Dog/10158.jpg,dog
Dog/10159.jpg,dog
Dog/1016.jpg,dog
Dog/10161.jpg,dog
Dog/10164.jpg,dog
Dog/10165.jpg,dog
Dog/10166.jpg,dog
Dog/10167.jpg,dog
Dog/10168.jpg,dog
Dog/10169.jpg,dog
Dog/1017.jpg,dog
Dog/10170.jpg,dog
Dog/10171.jpg,dog
Dog/10172.jpg,dog
Dog/10173.jpg,dog
Dog/10174.jpg,dog
Dog/10175.jpg,dog
Dog/10176.jpg,dog
Dog/10177.jpg,dog
Dog/10178.jpg,dog
Dog/10179.jpg,dog
Dog/1018.jpg,dog
Dog/10180.jpg,dog
Dog/10181.jpg,dog
Dog/10182.jpg,dog
Dog/10183.jpg,dog
Dog/10184.jpg,dog
Dog/10186.jpg,dog
Dog/10187.jpg,dog
Dog/10188.jpg,dog
Dog/10189.jpg,dog
Dog/10190.jpg,dog
Dog/10191.jpg,dog
Dog/10192.jpg,dog
Dog/10193.jpg,dog
Dog/10194.jpg,dog
Dog/10195.jpg,dog
Dog/10197.jpg,dog
Dog/10198.jpg,dog
Dog/10199.jpg,dog
Dog/102.jpg,dog
Dog/1020.jpg,dog
Dog/10201.jpg,dog
Dog/10202.jpg,dog
Dog/10203.jpg,dog
Dog/10204.jpg,dog
Dog/10205.jpg,dog
Dog/10207.jpg,dog
Dog/10208.jpg,dog
Dog/10209.jpg,dog
Dog/1021.jpg,dog
Dog/10210.jpg,dog
Dog/10211.jpg,dog
Dog/10212.jpg,dog
Dog/10215.jpg,dog
Dog/10216.jpg,dog
Dog/10217.jpg,dog
Dog/10218.jpg,dog
Dog/10219.jpg,dog
Dog/1022.jpg,dog
Dog/10220.jpg,dog
Dog/10221.jpg,dog
Dog/10222.jpg,dog
Dog/10226.jpg,dog
Dog/10228.jpg,dog
Dog/10230.jpg,dog
Dog/10231.jpg,dog
Dog/10232.jpg,dog
Dog/10233.jpg,dog
Dog/10239.jpg,dog
Dog/1024.jpg,dog
Dog/10241.jpg,dog
Dog/10242.jpg,dog
Dog/10243.jpg,dog
Dog/10244.jpg,dog
Dog/10245.jpg,dog
Dog/10246.jpg,dog
Dog/10247.jpg,dog
Dog/10248.jpg,dog
Dog/10249.jpg,dog
Dog/1025.jpg,dog
Dog/10250.jpg,dog
Dog/10251.jpg,dog
Dog/10252.jpg,dog
Dog/10253.jpg,dog
Dog/10254.jpg,dog
Dog/10255.jpg,dog
Dog/10256.jpg,dog
Dog/10257.jpg,dog
Dog/10258.jpg,dog
Dog/1026.jpg,dog
Dog/10260.jpg,dog
Dog/10261.jpg,dog
Dog/10264.jpg,dog
Dog/10265.jpg,dog
Dog/10266.jpg,dog
Dog/10267.jpg,dog
Dog/10268.jpg,dog
Dog/10269.jpg,dog
Dog/1027.jpg,dog
Dog/10270.jpg,dog
Dog/10271.jpg,dog
Dog/10272.jpg,dog
Dog/10273.jpg,dog
Dog/10274.jpg,dog
Dog/10275.jpg,dog
Dog/10278.jpg,dog
Dog/10279.jpg,dog
Dog/1028.jpg,dog
Dog/10280.jpg,dog
Dog/10281.jpg,dog
Dog/10284.jpg,dog
Dog/10285.jpg,dog
Dog/10286.jpg,dog
Dog/1029.jpg,dog
Dog/10290.jpg,dog
Dog/10292.jpg,dog
Dog/10293.jpg,dog
Dog/10294.jpg,dog
Dog/10295.jpg,dog
Dog/10296.jpg,dog
Dog/10298.jpg,dog
Dog/10299.jpg,dog
Dog/103.jpg,dog
Dog/1030.jpg,dog
Dog/10301.jpg,dog
Dog/10304.jpg,dog
Dog/10305.jpg,dog
Dog/10307.jpg,dog
Dog/10309.jpg,dog
Dog/1031.jpg,dog
Dog/10310.jpg,dog
Dog/10311.jpg,dog
Dog/10313.jpg,dog
Dog/10314.jpg,dog
Dog/10315.jpg,dog
Dog/10316.jpg,dog
Dog/10317.jpg,dog
Dog/10318.jpg,dog
Dog/10319.jpg,dog
Dog/1032.jpg,dog
Dog/10322.jpg,dog
Dog/10323.jpg,dog
Dog/10324.jpg,dog
Dog/10327.jpg,dog
Dog/10328.jpg,dog
Dog/10329.jpg,dog
Dog/1033.jpg,dog
Dog/10330.jpg,dog
Dog/10331.jpg,dog
Dog/10332.jpg,dog
Dog/10333.jpg,dog
Dog/10334.jpg,dog
Dog/10335.jpg,dog
Dog/10337.jpg,dog
Dog/10338.jpg,dog
Dog/10339.jpg,dog
Dog/1034.jpg,dog
Dog/10340.jpg,dog
Dog/10341.jpg,dog
Dog/10343.jpg,dog
Dog/10344.jpg,dog
Dog/10345.jpg,dog
Dog/10346.jpg,dog
Dog/10347.jpg,dog
Dog/10348.jpg,dog
Dog/1035.jpg,dog
Dog/10350.jpg,dog
Dog/10351.jpg,dog
Dog/10352.jpg,dog
Dog/10353.jpg,dog
Dog/10354.jpg,dog
Dog/10355.jpg,dog
Dog/10356.jpg,dog
Dog/10358.jpg,dog
Dog/10359.jpg,dog
Dog/1036.jpg,dog
Dog/10361.jpg,dog
Dog/10362.jpg,dog
Dog/10363.jpg,dog
Dog/10364.jpg,dog
Dog/10365.jpg,dog
Dog/10366.jpg,dog
Dog/10367.jpg,dog
Dog/10369.jpg,dog
Dog/10370.jpg,dog
Dog/10371.jpg,dog
Dog/10372.jpg,dog
Dog/10373.jpg,dog
Dog/10374.jpg,dog
Dog/10376.jpg,dog
Dog/10377.jpg,dog
Dog/10378.jpg,dog
Dog/10379.jpg,dog
Dog/1038.jpg,dog
Dog/10380.jpg,dog
Dog/10381.jpg,dog
Dog/10382.jpg,dog
Dog/10383.jpg,dog
Dog/10384.jpg,dog
Dog/10385.jpg,dog
Dog/10386.jpg,dog
Dog/10387.jpg,dog
Dog/10388.jpg,dog
Dog/10389.jpg,dog
Dog/1039.jpg,dog
Dog/10393.jpg,dog
Dog/10394.jpg,dog
Dog/10395.jpg,dog
Dog/10397.jpg,dog
Dog/10398.jpg,dog
Dog/10399.jpg,dog
Dog/1040.jpg,dog
Dog/10400.jpg,dog
Dog/10402.jpg,dog
Dog/10403.jpg,dog
Dog/10404.jpg,dog
Dog/10406.jpg,dog
Dog/10407.jpg,dog
Dog/10408.jpg,dog
Dog/10409.jpg,dog
Dog/1041.jpg,dog
Dog/10410.jpg,dog
Dog/10411.jpg,dog
Dog/10413.jpg,dog
Dog/10414.jpg,dog
Dog/10415.jpg,dog
Dog/10416.jpg,dog
Dog/10417.jpg,dog
Dog/10418.jpg,dog
Dog/10419.jpg,dog
Dog/1042.jpg,dog
Dog/10420.jpg,dog
Dog/10421.jpg,dog
Dog/10424.jpg,dog
Dog/10425.jpg,dog
Dog/10426.jpg,dog
Dog/10427.jpg,dog
Dog/10428.jpg,dog
Dog/10429.jpg,dog
Dog/1043.jpg,dog
Dog/10430.jpg,dog
Dog/10431.jpg,dog
Dog/10434.jpg,dog
Dog/10435.jpg,dog
Dog/10436.jpg,dog
Dog/10437.jpg,dog
Dog/10438.jpg,dog
Dog/10439.jpg,dog
Dog/10440.jpg,dog
Dog/10441.jpg,dog
Dog/10442.jpg,dog
Dog/10443.jpg,dog
Dog/10444.jpg,dog
Dog/10445.jpg,dog
Dog/10446.jpg,dog
Dog/10447.jpg,dog
Dog/10448.jpg,dog
Dog/10449.jpg,dog
Dog/1045.jpg,dog
Dog/10450.jpg,dog
Dog/10451.jpg,dog
Dog/10452.jpg,dog
Dog/10454.jpg,dog
Dog/10455.jpg,dog
Dog/10456.jpg,dog
Dog/1046.jpg,dog
Dog/10460.jpg,dog
Dog/10461.jpg,dog
Dog/10464.jpg,dog
Dog/10466.jpg,dog
Dog/10467.jpg,dog
Dog/10468.jpg,dog
Dog/10469.jpg,dog
Dog/10470.jpg,dog
Dog/10471.jpg,dog
Dog/10472.jpg,dog
Dog/10473.jpg,dog
Dog/10474.jpg,dog
Dog/10476.jpg,dog
Dog/10477.jpg,dog
Dog/10478.jpg,dog
Dog/10479.jpg,dog
Dog/1048.jpg,dog
Dog/10480.jpg,dog
Dog/10481.jpg,dog
Dog/10482.jpg,dog
Dog/10483.jpg,dog
Dog/10485.jpg,dog
Dog/10486.jpg,dog
Dog/10487.jpg,dog
Dog/10488.jpg,dog
Dog/10489.jpg,dog
Dog/1049.jpg,dog
Dog/10492.jpg,dog
Dog/10493.jpg,dog
Dog/10494.jpg,dog
Dog/10496.jpg,dog
Dog/10498.jpg,dog
Dog/10499.jpg,dog
Dog/105.jpg,dog
Dog/1050.jpg,dog
Dog/10501.jpg,dog
Dog/10502.jpg,dog
Dog/10503.jpg,dog
Dog/10504.jpg,dog
Dog/10505.jpg,dog
Dog/10506.jpg,dog
Dog/1051.jpg,dog
Dog/10510.jpg,dog
Dog/10511.jpg,dog
Dog/10512.jpg,dog
Dog/10513.jpg,dog
Dog/10514.jpg,dog
Dog/10515.jpg,dog
Dog/10517.jpg,dog
Dog/10518.jpg,dog
Dog/10519.jpg,dog
Dog/1052.jpg,dog
Dog/10520.jpg,dog
Dog/10521.jpg,dog
Dog/10522.jpg,dog
Dog/10524.jpg,dog
Dog/10526.jpg,dog
Dog/10527.jpg,dog
Dog/10528.jpg,dog
Dog/10529.jpg,dog
Dog/1053.jpg,dog
Dog/10530.jpg,dog
Dog/10531.jpg,dog
Dog/10532.jpg,dog
Dog/10533.jpg,dog
Dog/10534.jpg,dog
Dog/10535.jpg,dog
Dog/10536.jpg,dog
Dog/10537.jpg,dog
Dog/1054.jpg,dog
Dog/10540.jpg,dog
Dog/10544.jpg,dog
Dog/10545.jpg,dog
Dog/10546.jpg,dog
Dog/10547.jpg,dog
Dog/10548.jpg,dog
Dog/10549.jpg,dog
Dog/1055.jpg,dog
Dog/10550.jpg,dog
Dog/10551.jpg,dog
Dog/10552.jpg,dog
Dog/10554.jpg,dog
Dog/10555.jpg,dog
Dog/10556.jpg,dog
Dog/10558.jpg,dog
Dog/1056.jpg,dog
Dog/10560.jpg,dog
Dog/10561.jpg,dog
Dog/10562.jpg,dog
Dog/10563.jpg,dog
Dog/10564.jpg,dog
Dog/10566.jpg,dog
Dog/10567.jpg,dog
Dog/10568.jpg,dog
Dog/10569.jpg,dog
Dog/1057.jpg,dog
Dog/10570.jpg,dog
Dog/10571.jpg,dog
Dog/10572.jpg,dog
Dog/10573.jpg,dog
Dog/10574.jpg,dog
Dog/10575.jpg,dog
Dog/10576.jpg,dog
Dog/10578.jpg,dog
Dog/10579.jpg,dog
Dog/1058.jpg,dog
Dog/10580.jpg,dog
Dog/10581.jpg,dog
Dog/10583.jpg,dog
Dog/10584.jpg,dog
Dog/10585.jpg,dog
Dog/10586.jpg,dog
Dog/10588.jpg,dog
Dog/10589.jpg,dog
Dog/1059.jpg,dog
Dog/10590.jpg,dog
Dog/10591.jpg,dog
Dog/10592.jpg,dog
Dog/10593.jpg,dog
Dog/10594.jpg,dog
Dog/10595.jpg,dog
Dog/10596.jpg,dog
Dog/10598.jpg,dog
Dog/10599.jpg,dog
Dog/106.jpg,dog
Dog/1060.jpg,dog
Dog/10600.jpg,dog
Dog/10601.jpg,dog
Dog/10602.jpg,dog
Dog/10603.jpg,dog
Dog/10604.jpg,dog
Dog/10605.jpg,dog
Dog/10606.jpg,dog
Dog/10607.jpg,dog
Dog/10608.jpg,dog
Dog/10609.jpg,dog
Dog/1061.jpg,dog
Dog/10610.jpg,dog
Dog/10611.jpg,dog
Dog/10612.jpg,dog
Dog/10613.jpg,dog
Dog/10614.jpg,dog
Dog/10615.jpg,dog
Dog/10617.jpg,dog
Dog/10618.jpg,dog
Dog/10619.jpg,dog
Dog/1062.jpg,dog
Dog/10620.jpg,dog
Dog/10621.jpg,dog
Dog/10622.jpg,dog
Dog/10623.jpg,dog
Dog/10624.jpg,dog
Dog/10625.jpg,dog
Dog/10626.jpg,dog
Dog/10628.jpg,dog
Dog/10629.jpg,dog
Dog/1063.jpg,dog
Dog/10631.jpg,dog
Dog/10632.jpg,dog
Dog/10633.jpg,dog
Dog/10634.jpg,dog
Dog/10635.jpg,dog
Dog/10636.jpg,dog
Dog/10637.jpg,dog
Dog/10638.jpg,dog
Dog/10640.jpg,dog
Dog/10641.jpg,dog
Dog/10642.jpg,dog
Dog/10643.jpg,dog
Dog/10644.jpg,dog
Dog/10645.jpg,dog
Dog/10647.jpg,dog
Dog/10648.jpg,dog
Dog/10649.jpg,dog
Dog/1065.jpg,dog
Dog/10651.jpg,dog
Dog/10652.jpg,dog
Dog/10654.jpg,dog
Dog/10656.jpg,dog
Dog/10658.jpg,dog
Dog/10659.jpg,dog
Dog/1066.jpg,dog
Dog/10660.jpg,dog
Dog/10661.jpg,dog
Dog/10662.jpg,dog
Dog/10664.jpg,dog
Dog/10666.jpg,dog
Dog/10667.jpg,dog
Dog/10668.jpg,dog
Dog/1067.jpg,dog
Dog/10670.jpg,dog
Dog/10672.jpg,dog
Dog/10674.jpg,dog
Dog/10675.jpg,dog
Dog/10676.jpg,dog
Dog/10678.jpg,dog
Dog/10679.jpg,dog
Dog/1068.jpg,dog
Dog/10680.jpg,dog
Dog/10681.jpg,dog
Dog/10682.jpg,dog
Dog/10684.jpg,dog
Dog/10685.jpg,dog
Dog/10686.jpg,dog
Dog/10688.jpg,dog
Dog/10689.jpg,dog
Dog/1069.jpg,dog
Dog/10691.jpg,dog
Dog/10692.jpg,dog
Dog/10693.jpg,dog
Dog/10694.jpg,dog
Dog/10695.jpg,dog
Dog/10698.jpg,dog
Dog/10699.jpg,dog
Dog/107.jpg,dog
Dog/1070.jpg,dog
Dog/10701.jpg,dog
Dog/10703.jpg,dog
Dog/10704.jpg,dog
Dog/10708.jpg,dog
Dog/10709.jpg,dog
Dog/1071.jpg,dog
Dog/10710.jpg,dog
Dog/10712.jpg,dog
Dog/10713.jpg,dog
Dog/10714.jpg,dog
Dog/10716.jpg,dog
Dog/10717.jpg,dog
Dog/10719.jpg,dog
Dog/1072.jpg,dog
Dog/10722.jpg,dog
Dog/10723.jpg,dog
Dog/10724.jpg,dog
Dog/10726.jpg,dog
Dog/10727.jpg,dog
Dog/10728.jpg,dog
Dog/10731.jpg,dog
Dog/10732.jpg,dog
Dog/10733.jpg,dog
Dog/10737.jpg,dog
Dog/10738.jpg,dog
Dog/10739.jpg,dog
Dog/1074.jpg,dog
Dog/10740.jpg,dog
Dog/10741.jpg,dog
Dog/10745.jpg,dog
Dog/10746.jpg,dog
Dog/10748.jpg,dog
Dog/10749.jpg,dog
Dog/1075.jpg,dog
Dog/10751.jpg,dog
Dog/10752.jpg,dog
Dog/10754.jpg,dog
Dog/10756.jpg,dog
Dog/10757.jpg,dog
Dog/10758.jpg,dog
Dog/10759.jpg,dog
Dog/10760.jpg,dog
Dog/10761.jpg,dog
Dog/10762.jpg,dog
Dog/10764.jpg,dog
Dog/10765.jpg,dog
Dog/10766.jpg,dog
Dog/10767.jpg,dog
Dog/10768.jpg,dog
Dog/1077.jpg,dog
Dog/10770.jpg,dog
Dog/10771.jpg,dog
Dog/10774.jpg,dog
Dog/10775.jpg,dog
Dog/10776.jpg,dog
Dog/10777.jpg,dog
Dog/10779.jpg,dog
Dog/1078.jpg,dog
Dog/10781.jpg,dog
Dog/10783.jpg,dog
Dog/10784.jpg,dog
Dog/10785.jpg,dog
Dog/10786.jpg,dog
Dog/10787.jpg,dog
Dog/10788.jpg,dog
Dog/10789.jpg,dog
Dog/1079.jpg,dog
Dog/10790.jpg,dog
Dog/10791.jpg,dog
Dog/10792.jpg,dog
Dog/10793.jpg,dog
Dog/10794.jpg,dog
Dog/10795.jpg,dog
Dog/10796.jpg,dog
Dog/10798.jpg,dog
Dog/10799.jpg,dog
Dog/108.jpg,dog
Dog/1080.jpg,dog
Dog/10800.jpg,dog
Dog/10802.jpg,dog
Dog/10803.jpg,dog
Dog/10804.jpg,dog
Dog/10805.jpg,dog
Dog/10807.jpg,dog
Dog/10808.jpg,dog
Dog/1081.jpg,dog
Dog/10810.jpg,dog
Dog/10812.jpg,dog
Dog/10813.jpg,dog
Dog/10815.jpg,dog
Dog/10816.jpg,dog
Dog/10817.jpg,dog
Dog/10818.jpg,dog
Dog/10819.jpg,dog
Dog/1082.jpg,dog
Dog/10820.jpg,dog
Dog/10821.jpg,dog
Dog/10822.jpg,dog
Dog/10823.jpg,dog
Dog/10824.jpg,dog
Dog/10825.jpg,dog
Dog/10827.jpg,dog
Dog/10828.jpg,dog
Dog/10829.jpg,dog
Dog/1083.jpg,dog
Dog/10830.jpg,dog
Dog/10831.jpg,dog
Dog/10832.jpg,dog
Dog/10834.jpg,dog
Dog/10835.jpg,dog
Dog/10837.jpg,dog
Dog/10838.jpg,dog
Dog/10839.jpg,dog
Dog/1084.jpg,dog
Dog/10840.jpg,dog
Dog/10841.jpg,dog
Dog/10842.jpg,dog
Dog/10843.jpg,dog
Dog/10844.jpg,dog
Dog/10845.jpg,dog
Dog/10846.jpg,dog
Dog/10847.jpg,dog
Dog/10848.jpg,dog
Dog/1085.jpg,dog
Dog/10850.jpg,dog
Dog/10851.jpg,dog
Dog/10852.jpg,dog
Dog/10853.jpg,dog
Dog/10854.jpg,dog
Dog/10855.jpg,dog
Dog/10856.jpg,dog
Dog/10858.jpg,dog
Dog/10859.jpg,dog
Dog/1086.jpg,dog
Dog/10860.jpg,dog
Dog/10861.jpg,dog
Dog/10862.jpg,dog
Dog/10864.jpg,dog
Dog/10865.jpg,dog
Dog/10866.jpg,dog
Dog/10868.jpg,dog
Dog/10869.jpg,dog
Dog/1087.jpg,dog
Dog/10870.jpg,dog
Dog/10871.jpg,dog
Dog/10872.jpg,dog
Dog/10873.jpg,dog
Dog/10874.jpg,dog
Dog/10875.jpg,dog
Dog/10876.jpg,dog
Dog/10877.jpg,dog
Dog/10878.jpg,dog
Dog/10879.jpg,dog
Dog/1088.jpg,dog
Dog/10881.jpg,dog
Dog/10882.jpg,dog
Dog/10883.jpg,dog
Dog/10884.jpg,dog
Dog/10886.jpg,dog
Dog/10887.jpg,dog
Dog/10888.jpg,dog
Dog/10889.jpg,dog
Dog/1089.jpg,dog
Dog/10891.jpg,dog
Dog/10892.jpg,dog
Dog/10893.jpg,dog
Dog/10894.jpg,dog
Dog/10896.jpg,dog
Dog/10898.jpg,dog
Dog/10899.jpg,dog
Dog/10900.jpg,dog
Dog/10902.jpg,dog
Dog/10903.jpg,dog
Dog/10904.jpg,dog
Dog/10905.jpg,dog
Dog/10906.jpg,dog
Dog/10907.jpg,dog
Dog/10909.jpg,dog
Dog/1091.jpg,dog
Dog/10910.jpg,dog
Dog/10911.jpg,dog
Dog/10912.jpg,dog
Dog/10913.jpg,dog
Dog/10914.jpg,dog
Dog/10915.jpg,dog
Dog/10917.jpg,dog
Dog/10918.jpg,dog
Dog/10919.jpg,dog
Dog/1092.jpg,dog
Dog/10923.jpg,dog
Dog/10924.jpg,dog
Dog/10925.jpg,dog
Dog/10927.jpg,dog
Dog/10928.jpg,dog
Dog/10929.jpg,dog
Dog/1093.jpg,dog
Dog/10930.jpg,dog
Dog/10931.jpg,dog
Dog/10932.jpg,dog
Dog/10933.jpg,dog
Dog/10934.jpg,dog
Dog/10936.jpg,dog
Dog/10937.jpg,dog
Dog/10938.jpg,dog
Dog/10939.jpg,dog
Dog/1094.jpg,dog
Dog/10942.jpg,dog
Dog/10943.jpg,dog
Dog/10944.jpg,dog
Dog/10945.jpg,dog
Dog/10946.jpg,dog
Dog/10947.jpg,dog
Dog/10948.jpg,dog
Dog/10949.jpg,dog
Dog/10950.jpg,dog
Dog/10952.jpg,dog
Dog/10953.jpg,dog
Dog/10954.jpg,dog
Dog/10955.jpg,dog
Dog/10956.jpg,dog
Dog/10957.jpg,dog
Dog/10958.jpg,dog
Dog/10959.jpg,dog
Dog/1096.jpg,dog
Dog/10960.jpg,dog
Dog/10962.jpg,dog
Dog/10963.jpg,dog
Dog/10964.jpg,dog
Dog/10965.jpg,dog
Dog/10966.jpg,dog
Dog/10968.jpg,dog
Dog/10969.jpg,dog
Dog/1097.jpg,dog
Dog/10970.jpg,dog
Dog/10971.jpg,dog
Dog/10972.jpg,dog
Dog/10974.jpg,dog
Dog/10975.jpg,dog
Dog/10977.jpg,dog
Dog/10978.jpg,dog
Dog/10979.jpg,dog
Dog/1098.jpg,dog
Dog/10981.jpg,dog
Dog/10982.jpg,dog
Dog/10983.jpg,dog
Dog/10984.jpg,dog
Dog/10986.jpg,dog
Dog/10988.jpg,dog
Dog/10989.jpg,dog
Dog/1099.jpg,dog
Dog/10990.jpg,dog
Dog/10991.jpg,dog
Dog/10992.jpg,dog
Dog/10993.jpg,dog
Dog/10994.jpg,dog
Dog/10996.jpg,dog
Dog/10997.jpg,dog
Dog/10998.jpg,dog
Dog/10999.jpg,dog
Dog/11.jpg,dog
Dog/110.jpg,dog
Dog/1100.jpg,dog
Dog/11000.jpg,dog
Dog/11001.jpg,dog
Dog/11002.jpg,dog
Dog/11003.jpg,dog
Dog/11004.jpg,dog
Dog/11005.jpg,dog
Dog/11006.jpg,dog
Dog/11007.jpg,dog
Dog/11009.jpg,dog
Dog/1101.jpg,dog
Dog/11010.jpg,dog
Dog/11011.jpg,dog
Dog/11013.jpg,dog
Dog/11014.jpg,dog
Dog/11015.jpg,dog
Dog/11016.jpg,dog
Dog/11017.jpg,dog
Dog/11018.jpg,dog
Dog/11019.jpg,dog
Dog/11021.jpg,dog
Dog/11022.jpg,dog
Dog/11023.jpg,dog
Dog/11024.jpg,dog
Dog/11025.jpg,dog
Dog/11026.jpg,dog
Dog/11027.jpg,dog
Dog/11028.jpg,dog
Dog/11029.jpg,dog
Dog/1103.jpg,dog
Dog/11031.jpg,dog
Dog/11032.jpg,dog
Dog/11034.jpg,dog
Dog/11035.jpg,dog
Dog/11036.jpg,dog
Dog/11037.jpg,dog
Dog/11038.jpg,dog
Dog/11039.jpg,dog
Dog/1104.jpg,dog
Dog/11041.jpg,dog
Dog/11042.jpg,dog
Dog/11043.jpg,dog
Dog/11044.jpg,dog
Dog/11045.jpg,dog
Dog/11048.jpg,dog
Dog/11049.jpg,dog
Dog/11050.jpg,dog
Dog/11052.jpg,dog
Dog/11053.jpg,dog
Dog/11054.jpg,dog
Dog/11055.jpg,dog
Dog/11056.jpg,dog
Dog/1106.jpg,dog
Dog/11060.jpg,dog
Dog/11061.jpg,dog
Dog/11062.jpg,dog
Dog/11063.jpg,dog
Dog/11064.jpg,dog
Dog/11065.jpg,dog
Dog/11066.jpg,dog
Dog/11067.jpg,dog
Dog/11068.jpg,dog
Dog/11069.jpg,dog
Dog/1107.jpg,dog
Dog/11070.jpg,dog
Dog/11071.jpg,dog
Dog/11072.jpg,dog
Dog/11074.jpg,dog
Dog/11075.jpg,dog
Dog/11077.jpg,dog
Dog/11078.jpg,dog
Dog/11079.jpg,dog
Dog/1108.jpg,dog
Dog/11080.jpg,dog
Dog/11085.jpg,dog
Dog/11088.jpg,dog
Dog/11089.jpg,dog
Dog/1109.jpg,dog
Dog/11090.jpg,dog
Dog/11091.jpg,dog
Dog/11092.jpg,dog
Dog/11093.jpg,dog
Dog/11094.jpg,dog
Dog/11095.jpg,dog
Dog/11098.jpg,dog
Dog/11099.jpg,dog
Dog/111.jpg,dog
Dog/1110.jpg,dog
Dog/11101.jpg,dog
Dog/11102.jpg,dog
Dog/11104.jpg,dog
Dog/11105.jpg,dog
Dog/11106.jpg,dog
Dog/11107.jpg,dog
Dog/11108.jpg,dog
Dog/11109.jpg,dog
Dog/1111.jpg,dog
Dog/11110.jpg,dog
Dog/11111.jpg,dog
Dog/11112.jpg,dog
Dog/11114.jpg,dog
Dog/11115.jpg,dog
Dog/11116.jpg,dog
Dog/11117.jpg,dog
Dog/11118.jpg,dog
Dog/1112.jpg,dog
Dog/11120.jpg,dog
Dog/11121.jpg,dog
Dog/11124.jpg,dog
Dog/11125.jpg,dog
Dog/11127.jpg,dog
Dog/11128.jpg,dog
Dog/1113.jpg,dog
Dog/11130.jpg,dog
Dog/11131.jpg,dog
Dog/11132.jpg,dog
Dog/11133.jpg,dog
Dog/11135.jpg,dog
Dog/11136.jpg,dog
Dog/11137.jpg,dog
Dog/11138.jpg,dog
Dog/11139.jpg,dog
Dog/1114.jpg,dog
Dog/11140.jpg,dog
Dog/11142.jpg,dog
Dog/11144.jpg,dog
Dog/11145.jpg,dog
Dog/11148.jpg,dog
Dog/11151.jpg,dog
Dog/11152.jpg,dog
Dog/11153.jpg,dog
Dog/11154.jpg,dog
Dog/11155.jpg,dog
Dog/11156.jpg,dog
Dog/11157.jpg,dog
Dog/11158.jpg,dog
Dog/1116.jpg,dog
Dog/11160.jpg,dog
Dog/11161.jpg,dog
Dog/11162.jpg,dog
Dog/11163.jpg,dog
Dog/11164.jpg,dog
Dog/11165.jpg,dog
Dog/11166.jpg,dog
Dog/11167.jpg,dog
Dog/11168.jpg,dog
Dog/11169.jpg,dog
Dog/1117.jpg,dog
Dog/11170.jpg,dog
Dog/11171.jpg,dog
Dog/11172.jpg,dog
Dog/11174.jpg,dog
Dog/11175.jpg,dog
Dog/11176.jpg,dog
Dog/11178.jpg,dog
Dog/11179.jpg,dog
Dog/1118.jpg,dog
Dog/11182.jpg,dog
Dog/11183.jpg,dog
Dog/11184.jpg,dog
Dog/11187.jpg,dog
Dog/11188.jpg,dog
Dog/11189.jpg,dog
Dog/1119.jpg,dog
Dog/11190.jpg,dog
Dog/11191.jpg,dog
Dog/11192.jpg,dog
Dog/11194.jpg,dog
Dog/11195.jpg,dog
Dog/11196.jpg,dog
Dog/11197.jpg,dog
Dog/11198.jpg,dog
Dog/11199.jpg,dog
Dog/112.jpg,dog
Dog/1120.jpg,dog
Dog/11200.jpg,dog
Dog/11201.jpg,dog
Dog/11202.jpg,dog
Dog/11203.jpg,dog
Dog/11204.jpg,dog
Dog/11205.jpg,dog
Dog/11206.jpg,dog
Dog/11207.jpg,dog
Dog/11208.jpg,dog
Dog/11209.jpg,dog
Dog/1121.jpg,dog
Dog/11211.jpg,dog
Dog/11212.jpg,dog
Dog/11213.jpg,dog
Dog/11215.jpg,dog
Dog/11216.jpg,dog
Dog/11217.jpg,dog
Dog/11218.jpg,dog
Dog/11219.jpg,dog
Dog/1122.jpg,dog
Dog/11220.jpg,dog
Dog/11221.jpg,dog
Dog/11222.jpg,dog
Dog/11223.jpg,dog
Dog/11224.jpg,dog
Dog/11226.jpg,dog
Dog/11227.jpg,dog
Dog/11229.jpg,dog
Dog/1123.jpg,dog
Dog/11230.jpg,dog
Dog/11231.jpg,dog
Dog/11232.jpg,dog
Dog/11233.jpg,dog
Dog/11234.jpg,dog
Dog/11235.jpg,dog
Dog/11236.jpg,dog
Dog/11237.jpg,dog
Dog/11238.jpg,dog
Dog/11239.jpg,dog
Dog/1124.jpg,dog
Dog/11241.jpg,dog
Dog/11242.jpg,dog
Dog/11243.jpg,dog
Dog/11244.jpg,dog
Dog/11245.jpg,dog
Dog/11246.jpg,dog
Dog/11247.jpg,dog
Dog/11248.jpg,dog
Dog/11249.jpg,dog
Dog/11250.jpg,dog
Dog/11251.jpg,dog
Dog/11252.jpg,dog
Dog/11253.jpg,dog
Dog/11256.jpg,dog
Dog/11257.jpg,dog
Dog/11258.jpg,dog
Dog/11259.jpg,dog
Dog/1126.jpg,dog
Dog/11260.jpg,dog
Dog/11261.jpg,dog
Dog/11262.jpg,dog
Dog/11263.jpg,dog
Dog/11264.jpg,dog
Dog/11266.jpg,dog
Dog/11268.jpg,dog
Dog/11269.jpg,dog
Dog/1127.jpg,dog
Dog/11270.jpg,dog
Dog/11271.jpg,dog
Dog/11272.jpg,dog
Dog/11274.jpg,dog
Dog/11276.jpg,dog
Dog/11277.jpg,dog
Dog/11278.jpg,dog
Dog/11279.jpg,dog
Dog/1128.jpg,dog
Dog/11280.jpg,dog
Dog/11281.jpg,dog
Dog/11282.jpg,dog
Dog/11283.jpg,dog
Dog/11284.jpg,dog
Dog/11285.jpg,dog
Dog/11286.jpg,dog
Dog/11287.jpg,dog
Dog/11288.jpg,dog
Dog/11289.jpg,dog
Dog/1129.jpg,dog
Dog/11291.jpg,dog
Dog/11293.jpg,dog
Dog/11294.jpg,dog
Dog/11295.jpg,dog
Dog/11296.jpg,dog
Dog/11297.jpg,dog
Dog/11299.jpg,dog
Dog/1130.jpg,dog
Dog/11300.jpg,dog
Dog/11301.jpg,dog
Dog/11302.jpg,dog
Dog/11303.jpg,dog
Dog/11304.jpg,dog
Dog/11305.jpg,dog
Dog/11307.jpg,dog
Dog/11308.jpg,dog
Dog/11309.jpg,dog
Dog/11310.jpg,dog
Dog/11311.jpg,dog
Dog/11315.jpg,dog
Dog/11316.jpg,dog
Dog/11317.jpg,dog
Dog/11318.jpg,dog
Dog/11319.jpg,dog
Dog/11321.jpg,dog
Dog/11322.jpg,dog
Dog/11323.jpg,dog
Dog/11324.jpg,dog
Dog/11325.jpg,dog
Dog/11327.jpg,dog
Dog/11329.jpg,dog
Dog/11330.jpg,dog
Dog/11331.jpg,dog
Dog/11332.jpg,dog
Dog/11333.jpg,dog
Dog/11335.jpg,dog
Dog/11336.jpg,dog
Dog/11337.jpg,dog
Dog/11339.jpg,dog
Dog/1134.jpg,dog
Dog/11341.jpg,dog
Dog/11342.jpg,dog
Dog/11344.jpg,dog
Dog/11346.jpg,dog
Dog/11347.jpg,dog
Dog/11348.jpg,dog
Dog/1135.jpg,dog
Dog/11351.jpg,dog
Dog/11352.jpg,dog
Dog/11353.jpg,dog
Dog/11354.jpg,dog
Dog/11355.jpg,dog
Dog/11356.jpg,dog
Dog/11357.jpg,dog
Dog/11358.jpg,dog
Dog/11359.jpg,dog
Dog/11360.jpg,dog
Dog/11361.jpg,dog
Dog/11362.jpg,dog
Dog/11363.jpg,dog
Dog/11365.jpg,dog
Dog/11366.jpg,dog
Dog/11367.jpg,dog
Dog/11368.jpg,dog
Dog/1137.jpg,dog
Dog/11370.jpg,dog
Dog/11371.jpg,dog
Dog/11373.jpg,dog
Dog/11374.jpg,dog
Dog/11375.jpg,dog
Dog/11379.jpg,dog
Dog/1138.jpg,dog
Dog/11380.jpg,dog
Dog/11382.jpg,dog
Dog/11383.jpg,dog
Dog/11384.jpg,dog
Dog/11385.jpg,dog
Dog/11386.jpg,dog
Dog/11388.jpg,dog
Dog/11389.jpg,dog
Dog/1139.jpg,dog
Dog/11390.jpg,dog
Dog/11391.jpg,dog
Dog/11392.jpg,dog
Dog/11393.jpg,dog
Dog/11395.jpg,dog
Dog/11396.jpg,dog
Dog/11398.jpg,dog
Dog/11399.jpg,dog
Dog/114.jpg,dog
Dog/1140.jpg,dog
Dog/11402.jpg,dog
Dog/11403.jpg,dog
Dog/11406.jpg,dog
Dog/11407.jpg,dog
Dog/11408.jpg,dog
Dog/11409.jpg,dog
Dog/1141.jpg,dog
Dog/11410.jpg,dog
Dog/11411.jpg,dog
Dog/11412.jpg,dog
Dog/11416.jpg,dog
Dog/11417.jpg,dog
Dog/11418.jpg,dog
Dog/11419.jpg,dog
Dog/1142.jpg,dog
Dog/11420.jpg,dog
Dog/11421.jpg,dog
Dog/11422.jpg,dog
Dog/11423.jpg,dog
Dog/11424.jpg,dog
Dog/11426.jpg,dog
Dog/11427.jpg,dog
Dog/11429.jpg,dog
Dog/1143.jpg,dog
Dog/11431.jpg,dog
Dog/11432.jpg,dog
Dog/11433.jpg,dog
Dog/11434.jpg,dog
Dog/11435.jpg,dog
Dog/11436.jpg,dog
Dog/11437.jpg,dog
Dog/11438.jpg,dog
Dog/11439.jpg,dog
Dog/11440.jpg,dog
Dog/11441.jpg,dog
Dog/11442.jpg,dog
Dog/11443.jpg,dog
Dog/11444.jpg,dog
Dog/11445.jpg,dog
Dog/11447.jpg,dog
Dog/11448.jpg,dog
Dog/11449.jpg,dog
Dog/1145.jpg,dog
Dog/11450.jpg,dog
Dog/11453.jpg,dog
Dog/11456.jpg,dog
Dog/11457.jpg,dog
Dog/11458.jpg,dog
Dog/11459.jpg,dog
Dog/1146.jpg,dog
Dog/11460.jpg,dog
Dog/11461.jpg,dog
Dog/11462.jpg,dog
Dog/11464.jpg,dog
Dog/11467.jpg,dog
Dog/11468.jpg,dog
Dog/11469.jpg,dog
Dog/11471.jpg,dog
Dog/11473.jpg,dog
Dog/11474.jpg,dog
Dog/11477.jpg,dog
Dog/11478.jpg,dog
Dog/11479.jpg,dog
Dog/1148.jpg,dog
Dog/11480.jpg,dog
Dog/11481.jpg,dog
Dog/11482.jpg,dog
Dog/11483.jpg,dog
Dog/11484.jpg,dog
Dog/11485.jpg,dog
Dog/11486.jpg,dog
Dog/11487.jpg,dog
Dog/11488.jpg,dog
Dog/11489.jpg,dog
Dog/1149.jpg,dog
Dog/11491.jpg,dog
Dog/11493.jpg,dog
Dog/11494.jpg,dog
Dog/11495.jpg,dog
Dog/11496.jpg,dog
Dog/11497.jpg,dog
Dog/11498.jpg,dog
Dog/11499.jpg,dog
Dog/115.jpg,dog
Dog/1150.jpg,dog
Dog/11500.jpg,dog
Dog/11501.jpg,dog
Dog/11502.jpg,dog
Dog/11503.jpg,dog
Dog/11505.jpg,dog
Dog/11506.jpg,dog
Dog/11507.jpg,dog
Dog/11509.jpg,dog
Dog/1151.jpg,dog
Dog/11510.jpg,dog
Dog/11512.jpg,dog
Dog/11513.jpg,dog
Dog/11514.jpg,dog
Dog/11517.jpg,dog
Dog/1152.jpg,dog
Dog/11520.jpg,dog
Dog/11521.jpg,dog
Dog/11522.jpg,dog
Dog/11523.jpg,dog
Dog/11524.jpg,dog
Dog/11525.jpg,dog
Dog/11526.jpg,dog
Dog/11527.jpg,dog
Dog/11528.jpg,dog
Dog/11529.jpg,dog
Dog/1153.jpg,dog
Dog/11530.jpg,dog
Dog/11531.jpg,dog
Dog/11532.jpg,dog
Dog/11533.jpg,dog
Dog/11534.jpg,dog
Dog/11535.jpg,dog
Dog/11536.jpg,dog
Dog/11537.jpg,dog
Dog/11538.jpg,dog
Dog/11539.jpg,dog
Dog/1154.jpg,dog
Dog/11540.jpg,dog
Dog/11541.jpg,dog
Dog/11543.jpg,dog
Dog/11544.jpg,dog
Dog/11545.jpg,dog
Dog/11546.jpg,dog
Dog/11547.jpg,dog
Dog/11548.jpg,dog
Dog/11549.jpg,dog
Dog/1155.jpg,dog
Dog/11550.jpg,dog
Dog/11551.jpg,dog
Dog/11552.jpg,dog
Dog/11553.jpg,dog
Dog/11554.jpg,dog
Dog/11555.jpg,dog
Dog/11556.jpg,dog
Dog/11557.jpg,dog
Dog/11559.jpg,dog
Dog/1156.jpg,dog
Dog/11560.jpg,dog
Dog/11561.jpg,dog
Dog/11562.jpg,dog
Dog/11563.jpg,dog
Dog/11565.jpg,dog
Dog/11566.jpg,dog
Dog/11567.jpg,dog
Dog/11568.jpg,dog
Dog/11569.jpg,dog
Dog/1157.jpg,dog
Dog/11570.jpg,dog
Dog/11571.jpg,dog
Dog/11572.jpg,dog
Dog/11573.jpg,dog
Dog/11574.jpg,dog
Dog/11575.jpg,dog
Dog/11576.jpg,dog
Dog/11577.jpg,dog
Dog/11578.jpg,dog
Dog/11579.jpg,dog
Dog/1158.jpg,dog
Dog/11580.jpg,dog
Dog/11581.jpg,dog
Dog/11582.jpg,dog
Dog/11584.jpg,dog
Dog/11585.jpg,dog
Dog/11586.jpg,dog
Dog/11587.jpg,dog
Dog/11589.jpg,dog
Dog/11590.jpg,dog
Dog/11591.jpg,dog
Dog/11592.jpg,dog
Dog/11595.jpg,dog
Dog/11596.jpg,dog
Dog/11597.jpg,dog
Dog/11598.jpg,dog
Dog/116.jpg,dog
Dog/1160.jpg,dog
Dog/11600.jpg,dog
Dog/11602.jpg,dog
Dog/11603.jpg,dog
Dog/11604.jpg,dog
Dog/11605.jpg,dog
Dog/11606.jpg,dog
Dog/11607.jpg,dog
Dog/11608.jpg,dog
Dog/11609.jpg,dog
Dog/11610.jpg,dog
Dog/11611.jpg,dog
Dog/11612.jpg,dog
Dog/11613.jpg,dog
Dog/11614.jpg,dog
Dog/11615.jpg,dog
Dog/11616.jpg,dog
Dog/11617.jpg,dog
Dog/11619.jpg,dog
Dog/1162.jpg,dog
Dog/11620.jpg,dog
Dog/11621.jpg,dog
Dog/11622.jpg,dog
Dog/11623.jpg,dog
Dog/11624.jpg,dog
Dog/11625.jpg,dog
Dog/11626.jpg,dog
Dog/11628.jpg,dog
Dog/11629.jpg,dog
Dog/1163.jpg,dog
Dog/11632.jpg,dog
Dog/11634.jpg,dog
Dog/11635.jpg,dog
Dog/11636.jpg,dog
Dog/11638.jpg,dog
Dog/11639.jpg,dog
Dog/1164.jpg,dog
Dog/11640.jpg,dog
Dog/11642.jpg,dog
Dog/11643.jpg,dog
Dog/11645.jpg,dog
Dog/11646.jpg,dog
Dog/11647.jpg,dog
Dog/11648.jpg,dog
Dog/11649.jpg,dog
Dog/1165.jpg,dog
Dog/11650.jpg,dog
Dog/11651.jpg,dog
Dog/11653.jpg,dog
Dog/11654.jpg,dog
Dog/11655.jpg,dog
Dog/11656.jpg,dog
Dog/11658.jpg,dog
Dog/1166.jpg,dog
Dog/11660.jpg,dog
Dog/11661.jpg,dog
Dog/11662.jpg,dog
Dog/11663.jpg,dog
Dog/11665.jpg,dog
Dog/11666.jpg,dog
Dog/11667.jpg,dog
Dog/11668.jpg,dog
Dog/11669.jpg,dog
Dog/1167.jpg,dog
Dog/11670.jpg,dog
Dog/11671.jpg,dog
Dog/11672.jpg,dog
Dog/11673.jpg,dog
Dog/11674.jpg,dog
Dog/11677.jpg,dog
Dog/1168.jpg,dog
Dog/11681.jpg,dog
Dog/11682.jpg,dog
Dog/11683.jpg,dog
Dog/11684.jpg,dog
Dog/11685.jpg,dog
Dog/11686.jpg,dog
Dog/11688.jpg,dog
Dog/11689.jpg,dog
Dog/11690.jpg,dog
Dog/11691.jpg,dog
Dog/11692.jpg,dog
Dog/11693.jpg,dog
Dog/11696.jpg,dog
Dog/11698.jpg,dog
Dog/11699.jpg,dog
Dog/11700.jpg,dog
Dog/11701.jpg,dog
Dog/11703.jpg,dog
Dog/11704.jpg,dog
Dog/11705.jpg,dog
Dog/11707.jpg,dog
Dog/11708.jpg,dog
Dog/11709.jpg,dog
Dog/1171.jpg,dog
Dog/11710.jpg,dog
Dog/11711.jpg,dog
Dog/11712.jpg,dog
Dog/11713.jpg,dog
Dog/11715.jpg,dog
Dog/11716.jpg,dog
Dog/11717.jpg,dog
Dog/11718.jpg,dog
Dog/1172.jpg,dog
Dog/11720.jpg,dog
Dog/11722.jpg,dog
Dog/11723.jpg,dog
Dog/11724.jpg,dog
Dog/11725.jpg,dog
Dog/11726.jpg,dog
Dog/11727.jpg,dog
Dog/11728.jpg,dog
Dog/11729.jpg,dog
Dog/1173.jpg,dog
Dog/11730.jpg,dog
Dog/11732.jpg,dog
Dog/11733.jpg,dog
Dog/11736.jpg,dog
Dog/11737.jpg,dog
Dog/11738.jpg,dog
Dog/11739.jpg,dog
Dog/11740.jpg,dog
Dog/11741.jpg,dog
Dog/11742.jpg,dog
Dog/11743.jpg,dog
Dog/11745.jpg,dog
Dog/11746.jpg,dog
Dog/11749.jpg,dog
Dog/1175.jpg,dog
Dog/11750.jpg,dog
Dog/11751.jpg,dog
Dog/11752.jpg,dog
Dog/11754.jpg,dog
Dog/11755.jpg,dog
Dog/11756.jpg,dog
Dog/11757.jpg,dog
Dog/11758.jpg,dog
Dog/11759.jpg,dog
Dog/11760.jpg,dog
Dog/11761.jpg,dog
Dog/11762.jpg,dog
Dog/11763.jpg,dog
Dog/11764.jpg,dog
Dog/11767.jpg,dog
Dog/11768.jpg,dog
Dog/11769.jpg,dog
Dog/1177.jpg,dog
Dog/11770.jpg,dog
Dog/11771.jpg,dog
Dog/11772.jpg,dog
Dog/11773.jpg,dog
Dog/11774.jpg,dog
Dog/11775.jpg,dog
Dog/11776.jpg,dog
Dog/11777.jpg,dog
Dog/11778.jpg,dog
Dog/11779.jpg,dog
Dog/1178.jpg,dog
Dog/11780.jpg,dog
Dog/11781.jpg,dog
Dog/11782.jpg,dog
Dog/11783.jpg,dog
Dog/11784.jpg,dog
Dog/11785.jpg,dog
Dog/11786.jpg,dog
Dog/11787.jpg,dog
Dog/11789.jpg,dog
Dog/1179.jpg,dog
Dog/11790.jpg,dog
Dog/11791.jpg,dog
Dog/11792.jpg,dog
Dog/11793.jpg,dog
Dog/11794.jpg,dog
Dog/11795.jpg,dog
Dog/11796.jpg,dog
Dog/11797.jpg,dog
Dog/11798.jpg,dog
Dog/11799.jpg,dog
Dog/1180.jpg,dog
Dog/11800.jpg,dog
Dog/11801.jpg,dog
Dog/11802.jpg,dog
Dog/11803.jpg,dog
Dog/11804.jpg,dog
Dog/11805.jpg,dog
Dog/11806.jpg,dog
Dog/11808.jpg,dog
Dog/11809.jpg,dog
Dog/1181.jpg,dog
Dog/11810.jpg,dog
Dog/11811.jpg,dog
Dog/11812.jpg,dog
Dog/11813.jpg,dog
Dog/11816.jpg,dog
Dog/11817.jpg,dog
Dog/11819.jpg,dog
Dog/1182.jpg,dog
Dog/11820.jpg,dog
Dog/11821.jpg,dog
Dog/11823.jpg,dog
Dog/11824.jpg,dog
Dog/11825.jpg,dog
Dog/11826.jpg,dog
Dog/11827.jpg,dog
Dog/11828.jpg,dog
Dog/1183.jpg,dog
Dog/11830.jpg,dog
Dog/11832.jpg,dog
Dog/11833.jpg,dog
Dog/11834.jpg,dog
Dog/11835.jpg,dog
Dog/11836.jpg,dog
Dog/11837.jpg,dog
Dog/11838.jpg,dog
Dog/11839.jpg,dog
Dog/1184.jpg,dog
Dog/11840.jpg,dog
Dog/11842.jpg,dog
Dog/11843.jpg,dog
Dog/11844.jpg,dog
Dog/11847.jpg,dog
Dog/11848.jpg,dog
Dog/11849.jpg,dog
Dog/1185.jpg,dog
Dog/11850.jpg,dog
Dog/11851.jpg,dog
Dog/11852.jpg,dog
Dog/11853.jpg,dog
Dog/11854.jpg,dog
Dog/11855.jpg,dog
Dog/11856.jpg,dog
Dog/11857.jpg,dog
Dog/11859.jpg,dog
Dog/11860.jpg,dog
Dog/11861.jpg,dog
Dog/11862.jpg,dog
Dog/11863.jpg,dog
Dog/11864.jpg,dog
Dog/11865.jpg,dog
Dog/11867.jpg,dog
Dog/11868.jpg,dog
Dog/11869.jpg,dog
Dog/1187.jpg,dog
Dog/11870.jpg,dog
Dog/11871.jpg,dog
Dog/11872.jpg,dog
Dog/11873.jpg,dog
Dog/11875.jpg,dog
Dog/11876.jpg,dog
Dog/11877.jpg,dog
Dog/11878.jpg,dog
Dog/1188.jpg,dog
Dog/11880.jpg,dog
Dog/11881.jpg,dog
Dog/11882.jpg,dog
Dog/11883.jpg,dog
Dog/11884.jpg,dog
Dog/11885.jpg,dog
Dog/11886.jpg,dog
Dog/11887.jpg,dog
Dog/11888.jpg,dog
Dog/11889.jpg,dog
Dog/1189.jpg,dog
Dog/11890.jpg,dog
Dog/11892.jpg,dog
Dog/11893.jpg,dog
Dog/11896.jpg,dog
Dog/11897.jpg,dog
Dog/11898.jpg,dog
Dog/11899.jpg,dog
Dog/119.jpg,dog
Dog/1190.jpg,dog
Dog/11900.jpg,dog
Dog/11901.jpg,dog
Dog/11903.jpg,dog
Dog/11904.jpg,dog
Dog/11905.jpg,dog
Dog/11906.jpg,dog
Dog/11907.jpg,dog
Dog/11908.jpg,dog
Dog/11909.jpg,dog
Dog/1191.jpg,dog
Dog/11910.jpg,dog
Dog/11911.jpg,dog
Dog/11912.jpg,dog
Dog/11914.jpg,dog
Dog/11915.jpg,dog
Dog/11916.jpg,dog
Dog/11917.jpg,dog
Dog/11918.jpg,dog
Dog/11919.jpg,dog
Dog/1192.jpg,dog
Dog/11920.jpg,dog
Dog/11921.jpg,dog
Dog/11923.jpg,dog
Dog/11924.jpg,dog
Dog/11925.jpg,dog
Dog/11926.jpg,dog
Dog/11927.jpg,dog
Dog/11928.jpg,dog
Dog/11929.jpg,dog
Dog/1193.jpg,dog
Dog/11930.jpg,dog
Dog/11932.jpg,dog
Dog/11933.jpg,dog
Dog/11934.jpg,dog
Dog/11935.jpg,dog
Dog/11936.jpg,dog
Dog/11937.jpg,dog
Dog/11938.jpg,dog
Dog/11939.jpg,dog
Dog/1194.jpg,dog
Dog/11940.jpg,dog
Dog/11941.jpg,dog
Dog/11942.jpg,dog
Dog/11943.jpg,dog
Dog/11944.jpg,dog
Dog/11945.jpg,dog
Dog/11946.jpg,dog
Dog/11947.jpg,dog
Dog/11948.jpg,dog
Dog/11949.jpg,dog
Dog/1195.jpg,dog
Dog/11950.jpg,dog
Dog/11951.jpg,dog
Dog/11952.jpg,dog
Dog/11953.jpg,dog
Dog/11954.jpg,dog
Dog/11955.jpg,dog
Dog/11956.jpg,dog
Dog/11957.jpg,dog
Dog/11959.jpg,dog
Dog/1196.jpg,dog
Dog/11960.jpg,dog
Dog/11961.jpg,dog
Dog/11962.jpg,dog
Dog/11964.jpg,dog
Dog/11965.jpg,dog
Dog/11967.jpg,dog
Dog/11969.jpg,dog
Dog/1197.jpg,dog
Dog/11970.jpg,dog
Dog/11973.jpg,dog
Dog/11974.jpg,dog
Dog/11975.jpg,dog
Dog/11976.jpg,dog
Dog/11977.jpg,dog
Dog/11978.jpg,dog
Dog/11979.jpg,dog
Dog/11980.jpg,dog
Dog/11982.jpg,dog
Dog/11983.jpg,dog
Dog/11984.jpg,dog
Dog/11985.jpg,dog
Dog/11986.jpg,dog
Dog/11987.jpg,dog
Dog/11989.jpg,dog
Dog/1199.jpg,dog
Dog/11990.jpg,dog
Dog/11991.jpg,dog
Dog/11993.jpg,dog
Dog/11994.jpg,dog
Dog/11995.jpg,dog
Dog/11996.jpg,dog
Dog/11997.jpg,dog
Dog/11998.jpg,dog
Dog/12.jpg,dog
Dog/120.jpg,dog
Dog/1200.jpg,dog
Dog/12000.jpg,dog
Dog/12001.jpg,dog
Dog/12003.jpg,dog
Dog/12004.jpg,dog
Dog/12005.jpg,dog
Dog/12007.jpg,dog
Dog/12008.jpg,dog
Dog/12010.jpg,dog
Dog/12011.jpg,dog
Dog/12012.jpg,dog
Dog/12013.jpg,dog
Dog/12014.jpg,dog
Dog/12016.jpg,dog
Dog/12017.jpg,dog
Dog/1202.jpg,dog
Dog/12020.jpg,dog
Dog/12021.jpg,dog
Dog/12022.jpg,dog
Dog/12023.jpg,dog
Dog/12025.jpg,dog
Dog/12026.jpg,dog
Dog/12028.jpg,dog
Dog/12029.jpg,dog
Dog/1203.jpg,dog
Dog/12030.jpg,dog
Dog/12031.jpg,dog
Dog/12033.jpg,dog
Dog/12034.jpg,dog
Dog/12035.jpg,dog
Dog/12036.jpg,dog
Dog/12037.jpg,dog
Dog/12038.jpg,dog
Dog/12039.jpg,dog
Dog/12040.jpg,dog
Dog/12041.jpg,dog
Dog/12042.jpg,dog
Dog/12043.jpg,dog
Dog/12044.jpg,dog
Dog/12045.jpg,dog
Dog/12047.jpg,dog
Dog/12048.jpg,dog
Dog/12049.jpg,dog
Dog/1205.jpg,dog
Dog/12050.jpg,dog
Dog/12051.jpg,dog
Dog/12052.jpg,dog
Dog/12053.jpg,dog
Dog/12054.jpg,dog
Dog/12055.jpg,dog
Dog/12056.jpg,dog
Dog/12058.jpg,dog
Dog/12059.jpg,dog
Dog/1206.jpg,dog
Dog/12060.jpg,dog
Dog/12061.jpg,dog
Dog/12062.jpg,dog
Dog/12063.jpg,dog
Dog/12064.jpg,dog
Dog/12065.jpg,dog
Dog/12067.jpg,dog
Dog/12069.jpg,dog
Dog/1207.jpg,dog
Dog/12070.jpg,dog
Dog/12072.jpg,dog
Dog/12075.jpg,dog
Dog/12076.jpg,dog
Dog/12077.jpg,dog
Dog/12078.jpg,dog
Dog/1208.jpg,dog
Dog/12080.jpg,dog
Dog/12081.jpg,dog
Dog/12082.jpg,dog
Dog/12083.jpg,dog
Dog/12085.jpg,dog
Dog/12086.jpg,dog
Dog/12089.jpg,dog
Dog/1209.jpg,dog
Dog/12090.jpg,dog
Dog/12092.jpg,dog
Dog/12093.jpg,dog
Dog/12094.jpg,dog
Dog/12096.jpg,dog
Dog/12097.jpg,dog
Dog/12099.jpg,dog
Dog/12100.jpg,dog
Dog/12102.jpg,dog
Dog/12103.jpg,dog
Dog/12104.jpg,dog
Dog/12105.jpg,dog
Dog/12106.jpg,dog
Dog/12107.jpg,dog
Dog/12108.jpg,dog
Dog/12109.jpg,dog
Dog/1211.jpg,dog
Dog/12110.jpg,dog
Dog/12111.jpg,dog
Dog/12112.jpg,dog
Dog/12113.jpg,dog
Dog/12114.jpg,dog
Dog/12117.jpg,dog
Dog/12118.jpg,dog
Dog/1212.jpg,dog
Dog/12120.jpg,dog
Dog/12121.jpg,dog
Dog/12122.jpg,dog
Dog/12123.jpg,dog
Dog/12124.jpg,dog
Dog/12127.jpg,dog
Dog/12128.jpg,dog
Dog/1213.jpg,dog
Dog/12130.jpg,dog
Dog/12131.jpg,dog
Dog/12132.jpg,dog
Dog/12133.jpg,dog
Dog/12134.jpg,dog
Dog/12135.jpg,dog
Dog/12136.jpg,dog
Dog/12137.jpg,dog
Dog/12138.jpg,dog
Dog/12139.jpg,dog
Dog/1214.jpg,dog
Dog/12142.jpg,dog
Dog/12143.jpg,dog
Dog/12144.jpg,dog
Dog/12145.jpg,dog
Dog/12146.jpg,dog
Dog/12147.jpg,dog
Dog/12148.jpg,dog
Dog/1215.jpg,dog
Dog/12150.jpg,dog
Dog/12151.jpg,dog
Dog/12152.jpg,dog
Dog/12154.jpg,dog
Dog/12155.jpg,dog
Dog/12156.jpg,dog
Dog/12157.jpg,dog
Dog/12158.jpg,dog
Dog/12159.jpg,dog
Dog/12160.jpg,dog
Dog/12161.jpg,dog
Dog/12162.jpg,dog
Dog/12163.jpg,dog
Dog/12164.jpg,dog
Dog/12165.jpg,dog
Dog/12166.jpg,dog
Dog/12167.jpg,dog
Dog/12169.jpg,dog
Dog/12170.jpg,dog
Dog/12171.jpg,dog
Dog/12175.jpg,dog
Dog/12177.jpg,dog
Dog/12178.jpg,dog
Dog/12179.jpg,dog
Dog/1218.jpg,dog
Dog/12181.jpg,dog
Dog/12182.jpg,dog
Dog/12183.jpg,dog
Dog/12184.jpg,dog
Dog/12185.jpg,dog
Dog/12186.jpg,dog
Dog/12188.jpg,dog
Dog/12189.jpg,dog
Dog/12190.jpg,dog
Dog/12191.jpg,dog
Dog/12192.jpg,dog
Dog/12193.jpg,dog
Dog/12195.jpg,dog
Dog/12196.jpg,dog
Dog/12197.jpg,dog
Dog/12198.jpg,dog
Dog/12199.jpg,dog
Dog/122.jpg,dog
Dog/12201.jpg,dog
Dog/12203.jpg,dog
Dog/12206.jpg,dog
Dog/12207.jpg,dog
Dog/12208.jpg,dog
Dog/12209.jpg,dog
Dog/1221.jpg,dog
Dog/12210.jpg,dog
Dog/12211.jpg,dog
Dog/12212.jpg,dog
Dog/12214.jpg,dog
Dog/12215.jpg,dog
Dog/12216.jpg,dog
Dog/12217.jpg,dog
Dog/12219.jpg,dog
Dog/1222.jpg,dog
Dog/12220.jpg,dog
Dog/12221.jpg,dog
Dog/12222.jpg,dog
Dog/12223.jpg,dog
Dog/12224.jpg,dog
Dog/12225.jpg,dog
Dog/12226.jpg,dog
Dog/12227.jpg,dog
Dog/1223.jpg,dog
Dog/12230.jpg,dog
Dog/12231.jpg,dog
Dog/12232.jpg,dog
Dog/12233.jpg,dog
Dog/12235.jpg,dog
Dog/12236.jpg,dog
Dog/12237.jpg,dog
Dog/12238.jpg,dog
Dog/1224.jpg,dog
Dog/12240.jpg,dog
Dog/12241.jpg,dog
Dog/12243.jpg,dog
Dog/12244.jpg,dog
Dog/12245.jpg,dog
Dog/12246.jpg,dog
Dog/12248.jpg,dog
Dog/12249.jpg,dog
Dog/1225.jpg,dog
Dog/12251.jpg,dog
Dog/12252.jpg,dog
Dog/12253.jpg,dog
Dog/12254.jpg,dog
Dog/12255.jpg,dog
Dog/12256.jpg,dog
Dog/12259.jpg,dog
Dog/12260.jpg,dog
Dog/12261.jpg,dog
Dog/12262.jpg,dog
Dog/12263.jpg,dog
Dog/12264.jpg,dog
Dog/12265.jpg,dog
Dog/12266.jpg,dog
Dog/12268.jpg,dog
Dog/12269.jpg,dog
Dog/1227.jpg,dog
Dog/12270.jpg,dog
Dog/12271.jpg,dog
Dog/12272.jpg,dog
Dog/12274.jpg,dog
Dog/12275.jpg,dog
Dog/12276.jpg,dog
Dog/12277.jpg,dog
Dog/12280.jpg,dog
Dog/12281.jpg,dog
Dog/12282.jpg,dog
Dog/12283.jpg,dog
Dog/12284.jpg,dog
Dog/12285.jpg,dog
Dog/12286.jpg,dog
Dog/12287.jpg,dog
Dog/12288.jpg,dog
Dog/12289.jpg,dog
Dog/1229.jpg,dog
Dog/12290.jpg,dog
Dog/12291.jpg,dog
Dog/12292.jpg,dog
Dog/12293.jpg,dog
Dog/12294.jpg,dog
Dog/12295.jpg,dog
Dog/12296.jpg,dog
Dog/12297.jpg,dog
Dog/12298.jpg,dog
Dog/12299.jpg,dog
Dog/123.jpg,dog
Dog/1230.jpg,dog
Dog/12300.jpg,dog
Dog/12301.jpg,dog
Dog/12304.jpg,dog
Dog/12305.jpg,dog
Dog/12306.jpg,dog
Dog/12307.jpg,dog
Dog/12308.jpg,dog
Dog/12309.jpg,dog
Dog/1231.jpg,dog
Dog/12310.jpg,dog
Dog/12311.jpg,dog
Dog/12312.jpg,dog
Dog/12313.jpg,dog
Dog/12314.jpg,dog
Dog/12315.jpg,dog
Dog/12316.jpg,dog
Dog/12317.jpg,dog
Dog/12319.jpg,dog
Dog/1232.jpg,dog
Dog/12320.jpg,dog
Dog/12321.jpg,dog
Dog/12322.jpg,dog
Dog/12323.jpg,dog
Dog/12324.jpg,dog
Dog/12325.jpg,dog
Dog/12326.jpg,dog
Dog/12327.jpg,dog
Dog/12328.jpg,dog
Dog/12329.jpg,dog
Dog/12330.jpg,dog
Dog/12331.jpg,dog
Dog/12332.jpg,dog
Dog/12333.jpg,dog
Dog/12335.jpg,dog
Dog/12336.jpg,dog
Dog/12338.jpg,dog
Dog/12339.jpg,dog
Dog/1234.jpg,dog
Dog/12340.jpg,dog
Dog/12341.jpg,dog
Dog/12342.jpg,dog
Dog/12343.jpg,dog
Dog/12344.jpg,dog
Dog/12345.jpg,dog
Dog/12347.jpg,dog
Dog/12348.jpg,dog
Dog/12349.jpg,dog
Dog/1235.jpg,dog
Dog/12350.jpg,dog
Dog/12351.jpg,dog
Dog/12352.jpg,dog
Dog/12354.jpg,dog
Dog/12356.jpg,dog
Dog/12357.jpg,dog
Dog/12359.jpg,dog
Dog/1236.jpg,dog
Dog/12360.jpg,dog
Dog/12361.jpg,dog
Dog/12362.jpg,dog
Dog/12364.jpg,dog
Dog/12367.jpg,dog
Dog/12368.jpg,dog
Dog/1237.jpg,dog
Dog/12370.jpg,dog
Dog/12372.jpg,dog
Dog/12373.jpg,dog
Dog/12374.jpg,dog
Dog/12375.jpg,dog
Dog/12376.jpg,dog
Dog/12377.jpg,dog
Dog/12378.jpg,dog
Dog/1238.jpg,dog
Dog/12380.jpg,dog
Dog/12381.jpg,dog
Dog/12383.jpg,dog
Dog/12384.jpg,dog
Dog/12386.jpg,dog
Dog/12389.jpg,dog
Dog/1239.jpg,dog
Dog/12392.jpg,dog
Dog/12393.jpg,dog
Dog/12395.jpg,dog
Dog/12396.jpg,dog
Dog/12397.jpg,dog
Dog/12398.jpg,dog
Dog/12399.jpg,dog
Dog/1240.jpg,dog
Dog/12400.jpg,dog
Dog/12401.jpg,dog
Dog/12402.jpg,dog
Dog/12403.jpg,dog
Dog/12404.jpg,dog
Dog/12405.jpg,dog
Dog/12406.jpg,dog
Dog/12407.jpg,dog
Dog/12408.jpg,dog
Dog/12409.jpg,dog
Dog/1241.jpg,dog
Dog/12411.jpg,dog
Dog/12412.jpg,dog
Dog/12413.jpg,dog
Dog/12414.jpg,dog
Dog/12416.jpg,dog
Dog/12417.jpg,dog
Dog/12418.jpg,dog
Dog/12419.jpg,dog
Dog/1242.jpg,dog
Dog/12420.jpg,dog
Dog/12421.jpg,dog
Dog/12422.jpg,dog
Dog/12423.jpg,dog
Dog/12424.jpg,dog
Dog/12425.jpg,dog
Dog/12428.jpg,dog
Dog/12429.jpg,dog
Dog/1243.jpg,dog
Dog/12430.jpg,dog
Dog/12433.jpg,dog
Dog/12435.jpg,dog
Dog/12436.jpg,dog
Dog/12437.jpg,dog
Dog/12439.jpg,dog
Dog/12440.jpg,dog
Dog/12441.jpg,dog
Dog/12443.jpg,dog
Dog/12446.jpg,dog
Dog/12447.jpg,dog
Dog/12448.jpg,dog
Dog/12449.jpg,dog
Dog/12450.jpg,dog
Dog/12451.jpg,dog
Dog/12452.jpg,dog
Dog/12453.jpg,dog
Dog/12454.jpg,dog
Dog/12455.jpg,dog
Dog/12456.jpg,dog
Dog/12457.jpg,dog
Dog/12459.jpg,dog
Dog/1246.jpg,dog
Dog/12460.jpg,dog
Dog/12463.jpg,dog
Dog/12465.jpg,dog
Dog/12467.jpg,dog
Dog/12468.jpg,dog
Dog/12469.jpg,dog
Dog/12470.jpg,dog
Dog/12472.jpg,dog
Dog/12473.jpg,dog
Dog/12475.jpg,dog
Dog/12476.jpg,dog
Dog/12477.jpg,dog
Dog/12479.jpg,dog
Dog/1248.jpg,dog
Dog/12480.jpg,dog
Dog/12481.jpg,dog
Dog/12482.jpg,dog
Dog/12483.jpg,dog
Dog/12484.jpg,dog
Dog/12486.jpg,dog
Dog/12487.jpg,dog
Dog/12488.jpg,dog
Dog/1249.jpg,dog
Dog/12491.jpg,dog
Dog/12492.jpg,dog
Dog/12493.jpg,dog
Dog/12494.jpg,dog
Dog/12495.jpg,dog
Dog/12497.jpg,dog
Dog/125.jpg,dog
Dog/1250.jpg,dog
Dog/1251.jpg,dog
Dog/1252.jpg,dog
Dog/1253.jpg,dog
Dog/1254.jpg,dog
Dog/1255.jpg,dog
Dog/1256.jpg,dog
Dog/1260.jpg,dog
Dog/1261.jpg,dog
Dog/1262.jpg,dog
Dog/1263.jpg,dog
Dog/1264.jpg,dog
Dog/1265.jpg,dog
Dog/1266.jpg,dog
Dog/1267.jpg,dog
Dog/1269.jpg,dog
Dog/1270.jpg,dog
Dog/1271.jpg,dog
Dog/1272.jpg,dog
Dog/1274.jpg,dog
Dog/1275.jpg,dog
Dog/1276.jpg,dog
Dog/1277.jpg,dog
Dog/1278.jpg,dog
Dog/1279.jpg,dog
Dog/1280.jpg,dog
Dog/1281.jpg,dog
Dog/1283.jpg,dog
Dog/1285.jpg,dog
Dog/1286.jpg,dog
Dog/1287.jpg,dog
Dog/1288.jpg,dog
Dog/1289.jpg,dog
Dog/1290.jpg,dog
Dog/1291.jpg,dog
Dog/1292.jpg,dog
Dog/1293.jpg,dog
Dog/1294.jpg,dog
Dog/1295.jpg,dog
Dog/1297.jpg,dog
Dog/1298.jpg,dog
Dog/1299.jpg,dog
Dog/1300.jpg,dog
Dog/1301.jpg,dog
Dog/1302.jpg,dog
Dog/1303.jpg,dog
Dog/1306.jpg,dog
Dog/1307.jpg,dog
Dog/131.jpg,dog
Dog/1311.jpg,dog
Dog/1312.jpg,dog
Dog/1313.jpg,dog
Dog/1314.jpg,dog
Dog/1315.jpg,dog
Dog/1316.jpg,dog
Dog/1317.jpg,dog
Dog/1318.jpg,dog
Dog/1319.jpg,dog
Dog/132.jpg,dog
Dog/1321.jpg,dog
Dog/1322.jpg,dog
Dog/1324.jpg,dog
Dog/1325.jpg,dog
Dog/1326.jpg,dog
Dog/1327.jpg,dog
Dog/1328.jpg,dog
Dog/1329.jpg,dog
Dog/133.jpg,dog
Dog/1330.jpg,dog
Dog/1331.jpg,dog
Dog/1332.jpg,dog
Dog/1333.jpg,dog
Dog/1334.jpg,dog
Dog/1336.jpg,dog
Dog/1337.jpg,dog
Dog/1338.jpg,dog
Dog/1339.jpg,dog
Dog/134.jpg,dog
Dog/1340.jpg,dog
Dog/1341.jpg,dog
Dog/1342.jpg,dog
Dog/1343.jpg,dog
Dog/1344.jpg,dog
Dog/1346.jpg,dog
Dog/1347.jpg,dog
Dog/1348.jpg,dog
Dog/1349.jpg,dog
Dog/135.jpg,dog
Dog/1350.jpg,dog
Dog/1352.jpg,dog
Dog/1353.jpg,dog
Dog/1354.jpg,dog
Dog/1355.jpg,dog
Dog/1356.jpg,dog
Dog/1357.jpg,dog
Dog/1358.jpg,dog
Dog/1359.jpg,dog
Dog/1360.jpg,dog
Dog/1361.jpg,dog
Dog/1363.jpg,dog
Dog/1364.jpg,dog
Dog/1365.jpg,dog
Dog/1366.jpg,dog
Dog/1367.jpg,dog
Dog/1368.jpg,dog
Dog/1369.jpg,dog
Dog/137.jpg,dog
Dog/1370.jpg,dog
Dog/1371.jpg,dog
Dog/1372.jpg,dog
Dog/1373.jpg,dog
Dog/1375.jpg,dog
Dog/1376.jpg,dog
Dog/1377.jpg,dog
Dog/1378.jpg,dog
Dog/1379.jpg,dog
Dog/138.jpg,dog
Dog/1380.jpg,dog
Dog/1381.jpg,dog
Dog/1383.jpg,dog
Dog/1386.jpg,dog
Dog/1387.jpg,dog
Dog/1388.jpg,dog
Dog/1390.jpg,dog
Dog/1391.jpg,dog
Dog/1392.jpg,dog
Dog/1393.jpg,dog
Dog/1394.jpg,dog
Dog/1395.jpg,dog
Dog/1396.jpg,dog
Dog/1397.jpg,dog
Dog/1398.jpg,dog
Dog/14.jpg,dog
Dog/1400.jpg,dog
Dog/1402.jpg,dog
Dog/1403.jpg,dog
Dog/1404.jpg,dog
Dog/1405.jpg,dog
Dog/1406.jpg,dog
Dog/1407.jpg,dog
Dog/1408.jpg,dog
Dog/1409.jpg,dog
Dog/141.jpg,dog
Dog/1411.jpg,dog
Dog/1412.jpg,dog
Dog/1413.jpg,dog
Dog/1414.jpg,dog
Dog/1415.jpg,dog
Dog/142.jpg,dog
Dog/1420.jpg,dog
Dog/1421.jpg,dog
Dog/1422.jpg,dog
Dog/1423.jpg,dog
Dog/1424.jpg,dog
Dog/1425.jpg,dog
Dog/1426.jpg,dog
Dog/1427.jpg,dog
Dog/1428.jpg,dog
Dog/1429.jpg,dog
Dog/1430.jpg,dog
Dog/1431.jpg,dog
Dog/1432.jpg,dog
Dog/1433.jpg,dog
Dog/1434.jpg,dog
Dog/1435.jpg,dog
Dog/1438.jpg,dog
Dog/144.jpg,dog
Dog/1440.jpg,dog
Dog/1441.jpg,dog
Dog/1442.jpg,dog
Dog/1444.jpg,dog
Dog/1445.jpg,dog
Dog/1446.jpg,dog
Dog/1447.jpg,dog
Dog/1448.jpg,dog
Dog/1449.jpg,dog
Dog/1450.jpg,dog
Dog/1451.jpg,dog
Dog/1453.jpg,dog
Dog/1454.jpg,dog
Dog/1455.jpg,dog
Dog/1456.jpg,dog
Dog/1457.jpg,dog
Dog/146.jpg,dog
Dog/1460.jpg,dog
Dog/1461.jpg,dog
Dog/1462.jpg,dog
Dog/1465.jpg,dog
Dog/1466.jpg,dog
Dog/1467.jpg,dog
Dog/1468.jpg,dog
Dog/1469.jpg,dog
Dog/147.jpg,dog
Dog/1470.jpg,dog
Dog/1472.jpg,dog
Dog/1473.jpg,dog
Dog/1474.jpg,dog
Dog/1476.jpg,dog
Dog/1477.jpg,dog
Dog/1478.jpg,dog
Dog/1479.jpg,dog
Dog/1481.jpg,dog
Dog/1482.jpg,dog
Dog/1483.jpg,dog
Dog/1485.jpg,dog
Dog/1487.jpg,dog
Dog/1488.jpg,dog
Dog/1489.jpg,dog
Dog/149.jpg,dog
Dog/1490.jpg,dog
Dog/1491.jpg,dog
Dog/1492.jpg,dog
Dog/1493.jpg,dog
Dog/1494.jpg,dog
Dog/1495.jpg,dog
Dog/1497.jpg,dog
Dog/1498.jpg,dog
Dog/1499.jpg,dog
Dog/15.jpg,dog
Dog/1500.jpg,dog
Dog/1501.jpg,dog
Dog/1503.jpg,dog
Dog/1504.jpg,dog
Dog/1507.jpg,dog
Dog/1509.jpg,dog
Dog/151.jpg,dog
Dog/1510.jpg,dog
Dog/1511.jpg,dog
Dog/1513.jpg,dog
Dog/1514.jpg,dog
Dog/1515.jpg,dog
Dog/1516.jpg,dog
Dog/1517.jpg,dog
Dog/1519.jpg,dog
Dog/152.jpg,dog
Dog/1520.jpg,dog
Dog/1521.jpg,dog
Dog/1522.jpg,dog
Dog/1523.jpg,dog
Dog/1525.jpg,dog
Dog/1528.jpg,dog
Dog/1529.jpg,dog
Dog/153.jpg,dog
Dog/1530.jpg,dog
Dog/1531.jpg,dog
Dog/1533.jpg,dog
Dog/1534.jpg,dog
Dog/1537.jpg,dog
Dog/1538.jpg,dog
Dog/1539.jpg,dog
Dog/154.jpg,dog
Dog/1541.jpg,dog
Dog/1542.jpg,dog
Dog/1543.jpg,dog
Dog/1544.jpg,dog
Dog/1545.jpg,dog
Dog/1546.jpg,dog
Dog/1547.jpg,dog
Dog/1548.jpg,dog
Dog/1549.jpg,dog
Dog/155.jpg,dog
Dog/1550.jpg,dog
Dog/1551.jpg,dog
Dog/1552.jpg,dog
Dog/1554.jpg,dog
Dog/1555.jpg,dog
Dog/1556.jpg,dog
Dog/1558.jpg,dog
Dog/1561.jpg,dog
Dog/1562.jpg,dog
Dog/1565.jpg,dog
Dog/1566.jpg,dog
Dog/1567.jpg,dog
Dog/1569.jpg,dog
Dog/157.jpg,dog
Dog/1570.jpg,dog
Dog/1572.jpg,dog
Dog/1575.jpg,dog
Dog/1577.jpg,dog
Dog/1578.jpg,dog
Dog/1579.jpg,dog
Dog/158.jpg,dog
Dog/1581.jpg,dog
Dog/1582.jpg,dog
Dog/1584.jpg,dog
Dog/1585.jpg,dog
Dog/1586.jpg,dog
Dog/1587.jpg,dog
Dog/1588.jpg,dog
Dog/1589.jpg,dog
Dog/159.jpg,dog
Dog/1590.jpg,dog
Dog/1591.jpg,dog
Dog/1592.jpg,dog
Dog/1594.jpg,dog
Dog/1595.jpg,dog
Dog/1596.jpg,dog
Dog/1597.jpg,dog
Dog/1598.jpg,dog
Dog/1599.jpg,dog
Dog/160.jpg,dog
Dog/1600.jpg,dog
Dog/1601.jpg,dog
Dog/1602.jpg,dog
Dog/1603.jpg,dog
Dog/1604.jpg,dog
Dog/1605.jpg,dog
Dog/1606.jpg,dog
Dog/1608.jpg,dog
Dog/1609.jpg,dog
Dog/1610.jpg,dog
Dog/1611.jpg,dog
Dog/1612.jpg,dog
Dog/1613.jpg,dog
Dog/1614.jpg,dog
Dog/1615.jpg,dog
Dog/1616.jpg,dog
Dog/1617.jpg,dog
Dog/1618.jpg,dog
Dog/1619.jpg,dog
Dog/1620.jpg,dog
Dog/1621.jpg,dog
Dog/1622.jpg,dog
Dog/1623.jpg,dog
Dog/1624.jpg,dog
Dog/1625.jpg,dog
Dog/1626.jpg,dog
Dog/1628.jpg,dog
Dog/1629.jpg,dog
Dog/163.jpg,dog
Dog/1630.jpg,dog
Dog/1631.jpg,dog
Dog/1632.jpg,dog
Dog/1633.jpg,dog
Dog/1634.jpg,dog
Dog/1635.jpg,dog
Dog/1636.jpg,dog
Dog/1637.jpg,dog
Dog/1638.jpg,dog
Dog/164.jpg,dog
Dog/1640.jpg,dog
Dog/1641.jpg,dog
Dog/1642.jpg,dog
Dog/1643.jpg,dog
Dog/1644.jpg,dog
Dog/1645.jpg,dog
Dog/1646.jpg,dog
Dog/1648.jpg,dog
Dog/165.jpg,dog
Dog/1650.jpg,dog
Dog/1651.jpg,dog
Dog/1652.jpg,dog
Dog/1653.jpg,dog
Dog/1654.jpg,dog
Dog/1655.jpg,dog
Dog/1656.jpg,dog
Dog/1657.jpg,dog
Dog/1658.jpg,dog
Dog/166.jpg,dog
Dog/1660.jpg,dog
Dog/1662.jpg,dog
Dog/1664.jpg,dog
Dog/1665.jpg,dog
Dog/1666.jpg,dog
Dog/1668.jpg,dog
Dog/1669.jpg,dog
Dog/167.jpg,dog
Dog/1670.jpg,dog
Dog/1673.jpg,dog
Dog/1676.jpg,dog
Dog/1677.jpg,dog
Dog/1679.jpg,dog
Dog/168.jpg,dog
Dog/1681.jpg,dog
Dog/1682.jpg,dog
Dog/1683.jpg,dog
Dog/1685.jpg,dog
Dog/1686.jpg,dog
Dog/1687.jpg,dog
Dog/1688.jpg,dog
Dog/1689.jpg,dog
Dog/169.jpg,dog
Dog/1690.jpg,dog
Dog/1691.jpg,dog
Dog/1693.jpg,dog
Dog/1694.jpg,dog
Dog/1695.jpg,dog
Dog/1696.jpg,dog
Dog/1697.jpg,dog
Dog/1698.jpg,dog
Dog/1699.jpg,dog
Dog/1700.jpg,dog
Dog/1701.jpg,dog
Dog/1703.jpg,dog
Dog/1707.jpg,dog
Dog/1708.jpg,dog
Dog/1709.jpg,dog
Dog/171.jpg,dog
Dog/1710.jpg,dog
Dog/1711.jpg,dog
Dog/1712.jpg,dog
Dog/1713.jpg,dog
Dog/1714.jpg,dog
Dog/1715.jpg,dog
Dog/1716.jpg,dog
Dog/1717.jpg,dog
Dog/1718.jpg,dog
Dog/1719.jpg,dog
Dog/172.jpg,dog
Dog/1720.jpg,dog
Dog/1721.jpg,dog
Dog/1722.jpg,dog
Dog/1723.jpg,dog
Dog/1724.jpg,dog
Dog/1725.jpg,dog
Dog/1726.jpg,dog
Dog/1727.jpg,dog
Dog/1729.jpg,dog
Dog/173.jpg,dog
Dog/1733.jpg,dog
Dog/1734.jpg,dog
Dog/1735.jpg,dog
Dog/1736.jpg,dog
Dog/1737.jpg,dog
Dog/1738.jpg,dog
Dog/1739.jpg,dog
Dog/174.jpg,dog
Dog/1740.jpg,dog
Dog/1741.jpg,dog
Dog/1743.jpg,dog
Dog/1744.jpg,dog
Dog/1746.jpg,dog
Dog/1747.jpg,dog
Dog/1748.jpg,dog
Dog/1749.jpg,dog
Dog/175.jpg,dog
Dog/1750.jpg,dog
Dog/1751.jpg,dog
Dog/1752.jpg,dog
Dog/1753.jpg,dog
Dog/1754.jpg,dog
Dog/1755.jpg,dog
Dog/1756.jpg,dog
Dog/1757.jpg,dog
Dog/1759.jpg,dog
Dog/176.jpg,dog
Dog/1760.jpg,dog
Dog/1761.jpg,dog
Dog/1762.jpg,dog
Dog/1763.jpg,dog
Dog/1764.jpg,dog
Dog/1765.jpg,dog
Dog/1767.jpg,dog
Dog/1768.jpg,dog
Dog/1769.jpg,dog
Dog/177.jpg,dog
Dog/1770.jpg,dog
Dog/1771.jpg,dog
Dog/1772.jpg,dog
Dog/1773.jpg,dog
Dog/1774.jpg,dog
Dog/1775.jpg,dog
Dog/1776.jpg,dog
Dog/1777.jpg,dog
Dog/1778.jpg,dog
Dog/178.jpg,dog
Dog/1781.jpg,dog
Dog/1782.jpg,dog
Dog/1783.jpg,dog
Dog/1784.jpg,dog
Dog/1785.jpg,dog
Dog/1786.jpg,dog
Dog/1788.jpg,dog
Dog/1789.jpg,dog
Dog/1790.jpg,dog
Dog/1793.jpg,dog
Dog/1794.jpg,dog
Dog/1796.jpg,dog
Dog/1797.jpg,dog
Dog/1798.jpg,dog
Dog/1799.jpg,dog
Dog/18.jpg,dog
Dog/180.jpg,dog
Dog/1800.jpg,dog
Dog/1801.jpg,dog
Dog/1802.jpg,dog
Dog/1803.jpg,dog
Dog/1804.jpg,dog
Dog/1805.jpg,dog
Dog/1806.jpg,dog
Dog/1807.jpg,dog
Dog/1808.jpg,dog
Dog/1809.jpg,dog
Dog/181.jpg,dog
Dog/1810.jpg,dog
Dog/1811.jpg,dog
Dog/1812.jpg,dog
Dog/1814.jpg,dog
Dog/1815.jpg,dog
Dog/1816.jpg,dog
Dog/1817.jpg,dog
Dog/1818.jpg,dog
Dog/1819.jpg,dog
Dog/182.jpg,dog
Dog/1820.jpg,dog
Dog/1821.jpg,dog
Dog/1822.jpg,dog
Dog/1823.jpg,dog
Dog/1824.jpg,dog
Dog/1825.jpg,dog
Dog/1826.jpg,dog
Dog/1827.jpg,dog
Dog/1828.jpg,dog
Dog/1829.jpg,dog
Dog/1830.jpg,dog
Dog/1831.jpg,dog
Dog/1832.jpg,dog
Dog/1834.jpg,dog
Dog/1835.jpg,dog
Dog/1836.jpg,dog
Dog/1837.jpg,dog
Dog/1838.jpg,dog
Dog/1839.jpg,dog
Dog/184.jpg,dog
Dog/1840.jpg,dog
Dog/1842.jpg,dog
Dog/1843.jpg,dog
Dog/1844.jpg,dog
Dog/1848.jpg,dog
Dog/1849.jpg,dog
Dog/185.jpg,dog
Dog/1850.jpg,dog
Dog/1851.jpg,dog
Dog/1852.jpg,dog
Dog/1853.jpg,dog
Dog/1855.jpg,dog
Dog/1856.jpg,dog
Dog/1857.jpg,dog
Dog/1858.jpg,dog
Dog/1859.jpg,dog
Dog/186.jpg,dog
Dog/1860.jpg,dog
Dog/1861.jpg,dog
Dog/1862.jpg,dog
Dog/1863.jpg,dog
Dog/1864.jpg,dog
Dog/1865.jpg,dog
Dog/1866.jpg,dog
Dog/1868.jpg,dog
Dog/1869.jpg,dog
Dog/187.jpg,dog
Dog/1870.jpg,dog
Dog/1871.jpg,dog
Dog/1872.jpg,dog
Dog/1873.jpg,dog
Dog/1875.jpg,dog
Dog/1876.jpg,dog
Dog/1877.jpg,dog
Dog/1878.jpg,dog
Dog/188.jpg,dog
Dog/1880.jpg,dog
Dog/1881.jpg,dog
Dog/1882.jpg,dog
Dog/1884.jpg,dog
Dog/1885.jpg,dog
Dog/1887.jpg,dog
Dog/1888.jpg,dog
Dog/1889.jpg,dog
Dog/189.jpg,dog
Dog/1890.jpg,dog
Dog/1891.jpg,dog
Dog/1892.jpg,dog
Dog/1893.jpg,dog
Dog/1894.jpg,dog
Dog/1895.jpg,dog
Dog/1896.jpg,dog
Dog/1898.jpg,dog
Dog/1899.jpg,dog
Dog/19.jpg,dog
Dog/1900.jpg,dog
Dog/1901.jpg,dog
Dog/1902.jpg,dog
Dog/1903.jpg,dog
Dog/1904.jpg,dog
Dog/1905.jpg,dog
Dog/1908.jpg,dog
Dog/1910.jpg,dog
Dog/1911.jpg,dog
Dog/1912.jpg,dog
Dog/1913.jpg,dog
Dog/1914.jpg,dog
Dog/1915.jpg,dog
Dog/1916.jpg,dog
Dog/1918.jpg,dog
Dog/1919.jpg,dog
Dog/192.jpg,dog
Dog/1921.jpg,dog
Dog/1922.jpg,dog
Dog/1923.jpg,dog
Dog/1925.jpg,dog
Dog/1926.jpg,dog
Dog/1927.jpg,dog
Dog/1929.jpg,dog
Dog/1931.jpg,dog
Dog/1933.jpg,dog
Dog/1936.jpg,dog
Dog/1937.jpg,dog
Dog/1938.jpg,dog
Dog/194.jpg,dog
Dog/1941.jpg,dog
Dog/1942.jpg,dog
Dog/1943.jpg,dog
Dog/1944.jpg,dog
Dog/1945.jpg,dog
Dog/1947.jpg,dog
Dog/195.jpg,dog
Dog/1950.jpg,dog
Dog/1951.jpg,dog
Dog/1952.jpg,dog
Dog/1953.jpg,dog
Dog/1954.jpg,dog
Dog/1955.jpg,dog
Dog/1956.jpg,dog
Dog/1957.jpg,dog
Dog/1959.jpg,dog
Dog/196.jpg,dog
Dog/1960.jpg,dog
Dog/1961.jpg,dog
Dog/1962.jpg,dog
Dog/1963.jpg,dog
Dog/1966.jpg,dog
Dog/1967.jpg,dog
Dog/1968.jpg,dog
Dog/1970.jpg,dog
Dog/1971.jpg,dog
Dog/1972.jpg,dog
Dog/1973.jpg,dog
Dog/1974.jpg,dog
Dog/1975.jpg,dog
Dog/1977.jpg,dog
Dog/1978.jpg,dog
Dog/1979.jpg,dog
Dog/1980.jpg,dog
Dog/1981.jpg,dog
Dog/1982.jpg,dog
Dog/1983.jpg,dog
Dog/1984.jpg,dog
Dog/1985.jpg,dog
Dog/1986.jpg,dog
Dog/1988.jpg,dog
Dog/199.jpg,dog
Dog/1990.jpg,dog
Dog/1991.jpg,dog
Dog/1992.jpg,dog
Dog/1993.jpg,dog
Dog/1994.jpg,dog
Dog/1996.jpg,dog
Dog/1997.jpg,dog
Dog/1998.jpg,dog
Dog/2.jpg,dog
Dog/20.jpg,dog
Dog/200.jpg,dog
Dog/2000.jpg,dog
Dog/2001.jpg,dog
Dog/2002.jpg,dog
Dog/2003.jpg,dog
Dog/2004.jpg,dog
Dog/2005.jpg,dog
Dog/2006.jpg,dog
Dog/2008.jpg,dog
Dog/2009.jpg,dog
Dog/201.jpg,dog
Dog/2011.jpg,dog
Dog/2012.jpg,dog
Dog/2013.jpg,dog
Dog/2014.jpg,dog
Dog/2015.jpg,dog
Dog/2016.jpg,dog
Dog/2018.jpg,dog
Dog/2019.jpg,dog
Dog/2020.jpg,dog
Dog/2021.jpg,dog
Dog/2022.jpg,dog
Dog/2023.jpg,dog
Dog/2024.jpg,dog
Dog/2026.jpg,dog
Dog/2027.jpg,dog
Dog/2028.jpg,dog
Dog/2029.jpg,dog
Dog/203.jpg,dog
Dog/2030.jpg,dog
Dog/2031.jpg,dog
Dog/2032.jpg,dog
Dog/2033.jpg,dog
Dog/2034.jpg,dog
Dog/2035.jpg,dog
Dog/2036.jpg,dog
Dog/2037.jpg,dog
Dog/2038.jpg,dog
Dog/2039.jpg,dog
Dog/204.jpg,dog
Dog/2040.jpg,dog
Dog/2041.jpg,dog
Dog/2043.jpg,dog
Dog/2044.jpg,dog
Dog/2046.jpg,dog
Dog/2047.jpg,dog
Dog/2048.jpg,dog
Dog/205.jpg,dog
Dog/2050.jpg,dog
Dog/2051.jpg,dog
Dog/2053.jpg,dog
Dog/2054.jpg,dog
Dog/2055.jpg,dog
Dog/2056.jpg,dog
Dog/2057.jpg,dog
Dog/2058.jpg,dog
Dog/206.jpg,dog
Dog/2060.jpg,dog
Dog/2061.jpg,dog
Dog/2062.jpg,dog
Dog/2064.jpg,dog
Dog/2065.jpg,dog
Dog/2066.jpg,dog
Dog/2068.jpg,dog
Dog/2069.jpg,dog
Dog/207.jpg,dog
Dog/2070.jpg,dog
Dog/2072.jpg,dog
Dog/2073.jpg,dog
Dog/2075.jpg,dog
Dog/2076.jpg,dog
Dog/2078.jpg,dog
Dog/2079.jpg,dog
Dog/208.jpg,dog
Dog/2080.jpg,dog
Dog/2081.jpg,dog
Dog/2082.jpg,dog
Dog/2083.jpg,dog
Dog/2084.jpg,dog
Dog/2087.jpg,dog
Dog/2088.jpg,dog
Dog/2089.jpg,dog
Dog/209.jpg,dog
Dog/2090.jpg,dog
Dog/2091.jpg,dog
Dog/2092.jpg,dog
Dog/2093.jpg,dog
Dog/2094.jpg,dog
Dog/2095.jpg,dog
Dog/2096.jpg,dog
Dog/2097.jpg,dog
Dog/2098.jpg,dog
Dog/21.jpg,dog
Dog/2100.jpg,dog
Dog/2101.jpg,dog
Dog/2103.jpg,dog
Dog/2104.jpg,dog
Dog/2105.jpg,dog
Dog/2106.jpg,dog
Dog/2107.jpg,dog
Dog/2108.jpg,dog
Dog/2109.jpg,dog
Dog/211.jpg,dog
Dog/2110.jpg,dog
Dog/2111.jpg,dog
Dog/2112.jpg,dog
Dog/2113.jpg,dog
Dog/2115.jpg,dog
Dog/2116.jpg,dog
Dog/2117.jpg,dog
Dog/2118.jpg,dog
Dog/2119.jpg,dog
Dog/212.jpg,dog
Dog/2120.jpg,dog
Dog/2121.jpg,dog
Dog/2123.jpg,dog
Dog/2124.jpg,dog
Dog/2125.jpg,dog
Dog/2127.jpg,dog
Dog/2128.jpg,dog
Dog/2129.jpg,dog
Dog/213.jpg,dog
Dog/2130.jpg,dog
Dog/2131.jpg,dog
Dog/2132.jpg,dog
Dog/2133.jpg,dog
Dog/2134.jpg,dog
Dog/2135.jpg,dog
Dog/2136.jpg,dog
Dog/2139.jpg,dog
Dog/214.jpg,dog
Dog/2140.jpg,dog
Dog/2141.jpg,dog
Dog/2143.jpg,dog
Dog/2144.jpg,dog
Dog/2145.jpg,dog
Dog/2146.jpg,dog
Dog/2147.jpg,dog
Dog/2148.jpg,dog
Dog/215.jpg,dog
Dog/2150.jpg,dog
Dog/2151.jpg,dog
Dog/2152.jpg,dog
Dog/2155.jpg,dog
Dog/2156.jpg,dog
Dog/2157.jpg,dog
Dog/2159.jpg,dog
Dog/2160.jpg,dog
Dog/2161.jpg,dog
Dog/2162.jpg,dog
Dog/2163.jpg,dog
Dog/2164.jpg,dog
Dog/2165.jpg,dog
Dog/2167.jpg,dog
Dog/2168.jpg,dog
Dog/2169.jpg,dog
Dog/217.jpg,dog
Dog/2170.jpg,dog
Dog/2171.jpg,dog
Dog/2173.jpg,dog
Dog/2175.jpg,dog
Dog/2176.jpg,dog
Dog/2178.jpg,dog
Dog/2179.jpg,dog
Dog/218.jpg,dog
Dog/2180.jpg,dog
Dog/2181.jpg,dog
Dog/2182.jpg,dog
Dog/2183.jpg,dog
Dog/2184.jpg,dog
Dog/2185.jpg,dog
Dog/2187.jpg,dog
Dog/2188.jpg,dog
Dog/219.jpg,dog
Dog/2190.jpg,dog
Dog/2191.jpg,dog
Dog/2194.jpg,dog
Dog/2195.jpg,dog
Dog/2196.jpg,dog
Dog/2197.jpg,dog
Dog/2198.jpg,dog
Dog/2199.jpg,dog
Dog/22.jpg,dog
Dog/220.jpg,dog
Dog/2201.jpg,dog
Dog/2202.jpg,dog
Dog/2203.jpg,dog
Dog/2205.jpg,dog
Dog/2206.jpg,dog
Dog/2207.jpg,dog
Dog/2208.jpg,dog
Dog/2210.jpg,dog
Dog/2211.jpg,dog
Dog/2212.jpg,dog
Dog/2213.jpg,dog
Dog/2214.jpg,dog
Dog/2217.jpg,dog
Dog/2218.jpg,dog
Dog/2219.jpg,dog
Dog/222.jpg,dog
Dog/2220.jpg,dog
Dog/2221.jpg,dog
Dog/2222.jpg,dog
Dog/2223.jpg,dog
Dog/2225.jpg,dog
Dog/2226.jpg,dog
Dog/2228.jpg,dog
Dog/2229.jpg,dog
Dog/223.jpg,dog
Dog/2230.jpg,dog
Dog/2232.jpg,dog
Dog/2233.jpg,dog
Dog/2235.jpg,dog
Dog/2236.jpg,dog
Dog/2239.jpg,dog
Dog/2240.jpg,dog
Dog/2241.jpg,dog
Dog/2242.jpg,dog
Dog/2243.jpg,dog
Dog/2244.jpg,dog
Dog/2245.jpg,dog
Dog/2246.jpg,dog
Dog/2247.jpg,dog
Dog/2248.jpg,dog
Dog/2249.jpg,dog
Dog/225.jpg,dog
Dog/2251.jpg,dog
Dog/2253.jpg,dog
Dog/2254.jpg,dog
Dog/2255.jpg,dog
Dog/2257.jpg,dog
Dog/2258.jpg,dog
Dog/2259.jpg,dog
Dog/226.jpg,dog
Dog/2260.jpg,dog
Dog/2261.jpg,dog
Dog/2263.jpg,dog
Dog/2264.jpg,dog
Dog/2267.jpg,dog
Dog/2269.jpg,dog
Dog/2270.jpg,dog
Dog/2271.jpg,dog
Dog/2272.jpg,dog
Dog/2273.jpg,dog
Dog/2274.jpg,dog
Dog/2275.jpg,dog
Dog/2276.jpg,dog
Dog/2277.jpg,dog
Dog/2278.jpg,dog
Dog/2279.jpg,dog
Dog/228.jpg,dog
Dog/2280.jpg,dog
Dog/2281.jpg,dog
Dog/2282.jpg,dog
Dog/2283.jpg,dog
Dog/2284.jpg,dog
Dog/2285.jpg,dog
Dog/2286.jpg,dog
Dog/2287.jpg,dog
Dog/2288.jpg,dog
Dog/2289.jpg,dog
Dog/229.jpg,dog
Dog/2290.jpg,dog
Dog/2291.jpg,dog
Dog/2292.jpg,dog
Dog/2293.jpg,dog
Dog/2294.jpg,dog
Dog/2295.jpg,dog
Dog/2296.jpg,dog
Dog/2298.jpg,dog
Dog/2299.jpg,dog
Dog/23.jpg,dog
Dog/230.jpg,dog
Dog/2300.jpg,dog
Dog/2301.jpg,dog
Dog/2302.jpg,dog
Dog/2305.jpg,dog
Dog/2306.jpg,dog
Dog/2307.jpg,dog
Dog/2309.jpg,dog
Dog/231.jpg,dog
Dog/2310.jpg,dog
Dog/2311.jpg,dog
Dog/2312.jpg,dog
Dog/2313.jpg,dog
Dog/2315.jpg,dog
Dog/2316.jpg,dog
Dog/2319.jpg,dog
Dog/2320.jpg,dog
Dog/2321.jpg,dog
Dog/2322.jpg,dog
Dog/2323.jpg,dog
Dog/2325.jpg,dog
Dog/2326.jpg,dog
Dog/2327.jpg,dog
Dog/2328.jpg,dog
Dog/2329.jpg,dog
Dog/233.jpg,dog
Dog/2330.jpg,dog
Dog/2331.jpg,dog
Dog/2333.jpg,dog
Dog/2334.jpg,dog
Dog/2335.jpg,dog
Dog/2336.jpg,dog
Dog/2338.jpg,dog
Dog/2339.jpg,dog
Dog/2340.jpg,dog
Dog/2342.jpg,dog
Dog/2343.jpg,dog
Dog/2344.jpg,dog
Dog/2345.jpg,dog
Dog/2346.jpg,dog
Dog/2347.jpg,dog
Dog/2348.jpg,dog
Dog/2349.jpg,dog
Dog/235.jpg,dog
Dog/2350.jpg,dog
Dog/2351.jpg,dog
Dog/2352.jpg,dog
Dog/2355.jpg,dog
Dog/2357.jpg,dog
Dog/2358.jpg,dog
Dog/236.jpg,dog
Dog/2361.jpg,dog
Dog/2362.jpg,dog
Dog/2363.jpg,dog
Dog/2365.jpg,dog
Dog/2366.jpg,dog
Dog/2367.jpg,dog
Dog/2369.jpg,dog
Dog/237.jpg,dog
Dog/2370.jpg,dog
Dog/2371.jpg,dog
Dog/2372.jpg,dog
Dog/2374.jpg,dog
Dog/2375.jpg,dog
Dog/2376.jpg,dog
Dog/2378.jpg,dog
Dog/2379.jpg,dog
Dog/238.jpg,dog
Dog/2380.jpg,dog
Dog/2381.jpg,dog
Dog/2382.jpg,dog
Dog/2383.jpg,dog
Dog/2384.jpg,dog
Dog/2385.jpg,dog
Dog/2386.jpg,dog
Dog/2387.jpg,dog
Dog/2388.jpg,dog
Dog/2389.jpg,dog
Dog/239.jpg,dog
Dog/2390.jpg,dog
Dog/2391.jpg,dog
Dog/2393.jpg,dog
Dog/2394.jpg,dog
Dog/2395.jpg,dog
Dog/2397.jpg,dog
Dog/2398.jpg,dog
Dog/2399.jpg,dog
Dog/24.jpg,dog
Dog/240.jpg,dog
Dog/2400.jpg,dog
Dog/2401.jpg,dog
Dog/2402.jpg,dog
Dog/2403.jpg,dog
Dog/2404.jpg,dog
Dog/2405.jpg,dog
Dog/2407.jpg,dog
Dog/2409.jpg,dog
Dog/241.jpg,dog
Dog/2410.jpg,dog
Dog/2412.jpg,dog
Dog/2413.jpg,dog
Dog/2415.jpg,dog
Dog/2416.jpg,dog
Dog/2418.jpg,dog
Dog/2419.jpg,dog
Dog/242.jpg,dog
Dog/2420.jpg,dog
Dog/2421.jpg,dog
Dog/2422.jpg,dog
Dog/2423.jpg,dog
Dog/2424.jpg,dog
Dog/2427.jpg,dog
Dog/2428.jpg,dog
Dog/2429.jpg,dog
Dog/243.jpg,dog
Dog/2430.jpg,dog
Dog/2431.jpg,dog
Dog/2432.jpg,dog
Dog/2433.jpg,dog
Dog/2434.jpg,dog
Dog/2435.jpg,dog
Dog/2436.jpg,dog
Dog/2437.jpg,dog
Dog/2438.jpg,dog
Dog/244.jpg,dog
Dog/2441.jpg,dog
Dog/2444.jpg,dog
Dog/2446.jpg,dog
Dog/2448.jpg,dog
Dog/2449.jpg,dog
Dog/245.jpg,dog
Dog/2450.jpg,dog
Dog/2451.jpg,dog
Dog/2452.jpg,dog
Dog/2453.jpg,dog
Dog/2455.jpg,dog
Dog/2457.jpg,dog
Dog/2458.jpg,dog
Dog/246.jpg,dog
Dog/2461.jpg,dog
Dog/2462.jpg,dog
Dog/2463.jpg,dog
Dog/2464.jpg,dog
Dog/2465.jpg,dog
Dog/2469.jpg,dog
Dog/247.jpg,dog
Dog/2470.jpg,dog
Dog/2472.jpg,dog
Dog/2473.jpg,dog
Dog/2474.jpg,dog
Dog/2475.jpg,dog
Dog/2476.jpg,dog
Dog/2477.jpg,dog
Dog/248.jpg,dog
Dog/2480.jpg,dog
Dog/2481.jpg,dog
Dog/2482.jpg,dog
Dog/2483.jpg,dog
Dog/2485.jpg,dog
Dog/2486.jpg,dog
Dog/2487.jpg,dog
Dog/2488.jpg,dog
Dog/2489.jpg,dog
Dog/249.jpg,dog
Dog/2490.jpg,dog
Dog/2491.jpg,dog
Dog/2492.jpg,dog
Dog/2493.jpg,dog
Dog/2494.jpg,dog
Dog/2496.jpg,dog
Dog/2498.jpg,dog
Dog/2499.jpg,dog
Dog/25.jpg,dog
Dog/250.jpg,dog
Dog/2501.jpg,dog
Dog/2502.jpg,dog
Dog/2503.jpg,dog
Dog/2504.jpg,dog
Dog/2505.jpg,dog
Dog/2506.jpg,dog
Dog/2507.jpg,dog
Dog/2508.jpg,dog
Dog/2509.jpg,dog
Dog/251.jpg,dog
Dog/2510.jpg,dog
Dog/2512.jpg,dog
Dog/2513.jpg,dog
Dog/2515.jpg,dog
Dog/2517.jpg,dog
Dog/2518.jpg,dog
Dog/2519.jpg,dog
Dog/252.jpg,dog
Dog/2520.jpg,dog
Dog/2523.jpg,dog
Dog/2524.jpg,dog
Dog/2525.jpg,dog
Dog/2527.jpg,dog
Dog/2528.jpg,dog
Dog/2529.jpg,dog
Dog/253.jpg,dog
Dog/2530.jpg,dog
Dog/2532.jpg,dog
Dog/2533.jpg,dog
Dog/2534.jpg,dog
Dog/2535.jpg,dog
Dog/2536.jpg,dog
Dog/2538.jpg,dog
Dog/2539.jpg,dog
Dog/2540.jpg,dog
Dog/2541.jpg,dog
Dog/2542.jpg,dog
Dog/2543.jpg,dog
Dog/2544.jpg,dog
Dog/2545.jpg,dog
Dog/2547.jpg,dog
Dog/2549.jpg,dog
Dog/255.jpg,dog
Dog/2550.jpg,dog
Dog/2551.jpg,dog
Dog/2552.jpg,dog
Dog/2553.jpg,dog
Dog/2554.jpg,dog
Dog/2555.jpg,dog
Dog/2556.jpg,dog
Dog/2557.jpg,dog
Dog/2559.jpg,dog
Dog/256.jpg,dog
Dog/2560.jpg,dog
Dog/2561.jpg,dog
Dog/2562.jpg,dog
Dog/2565.jpg,dog
Dog/2566.jpg,dog
Dog/2567.jpg,dog
Dog/2568.jpg,dog
Dog/2569.jpg,dog
Dog/2570.jpg,dog
Dog/2571.jpg,dog
Dog/2572.jpg,dog
Dog/2573.jpg,dog
Dog/2574.jpg,dog
Dog/2575.jpg,dog
Dog/2576.jpg,dog
Dog/2577.jpg,dog
Dog/2578.jpg,dog
Dog/2580.jpg,dog
Dog/2581.jpg,dog
Dog/2583.jpg,dog
Dog/2585.jpg,dog
Dog/2586.jpg,dog
Dog/2587.jpg,dog
Dog/2588.jpg,dog
Dog/2589.jpg,dog
Dog/259.jpg,dog
Dog/2590.jpg,dog
Dog/2591.jpg,dog
Dog/2592.jpg,dog
Dog/2593.jpg,dog
Dog/2594.jpg,dog
Dog/2595.jpg,dog
Dog/2596.jpg,dog
Dog/2597.jpg,dog
Dog/2598.jpg,dog
Dog/26.jpg,dog
Dog/260.jpg,dog
Dog/2600.jpg,dog
Dog/2601.jpg,dog
Dog/2602.jpg,dog
Dog/2603.jpg,dog
Dog/2604.jpg,dog
Dog/2607.jpg,dog
Dog/2609.jpg,dog
Dog/2610.jpg,dog
Dog/2611.jpg,dog
Dog/2612.jpg,dog
Dog/2613.jpg,dog
Dog/2614.jpg,dog
Dog/2615.jpg,dog
Dog/2616.jpg,dog
Dog/2617.jpg,dog
Dog/2618.jpg,dog
Dog/2619.jpg,dog
Dog/262.jpg,dog
Dog/2620.jpg,dog
Dog/2621.jpg,dog
Dog/2622.jpg,dog
Dog/2623.jpg,dog
Dog/2624.jpg,dog
Dog/2625.jpg,dog
Dog/2626.jpg,dog
Dog/2627.jpg,dog
Dog/2628.jpg,dog
Dog/2629.jpg,dog
Dog/263.jpg,dog
Dog/2630.jpg,dog
Dog/2631.jpg,dog
Dog/2632.jpg,dog
Dog/2633.jpg,dog
Dog/2635.jpg,dog
Dog/2636.jpg,dog
Dog/2637.jpg,dog
Dog/2638.jpg,dog
Dog/2639.jpg,dog
Dog/264.jpg,dog
Dog/2640.jpg,dog
Dog/2642.jpg,dog
Dog/2643.jpg,dog
Dog/2645.jpg,dog
Dog/2647.jpg,dog
Dog/2648.jpg,dog
Dog/2649.jpg,dog
Dog/2650.jpg,dog
Dog/2651.jpg,dog
Dog/2653.jpg,dog
Dog/2654.jpg,dog
Dog/2657.jpg,dog
Dog/2658.jpg,dog
Dog/266.jpg,dog
Dog/2660.jpg,dog
Dog/2661.jpg,dog
Dog/2663.jpg,dog
Dog/2664.jpg,dog
Dog/2665.jpg,dog
Dog/2666.jpg,dog
Dog/2667.jpg,dog
Dog/2668.jpg,dog
Dog/2670.jpg,dog
Dog/2671.jpg,dog
Dog/2672.jpg,dog
Dog/2673.jpg,dog
Dog/2674.jpg,dog
Dog/2676.jpg,dog
Dog/2677.jpg,dog
Dog/2678.jpg,dog
Dog/2679.jpg,dog
Dog/268.jpg,dog
Dog/2680.jpg,dog
Dog/2681.jpg,dog
Dog/2682.jpg,dog
Dog/2683.jpg,dog
Dog/2684.jpg,dog
Dog/2685.jpg,dog
Dog/2686.jpg,dog
Dog/2687.jpg,dog
Dog/2688.jpg,dog
Dog/2689.jpg,dog
Dog/269.jpg,dog
Dog/2690.jpg,dog
Dog/2691.jpg,dog
Dog/2692.jpg,dog
Dog/2693.jpg,dog
Dog/2694.jpg,dog
Dog/2695.jpg,dog
Dog/2696.jpg,dog
Dog/2697.jpg,dog
Dog/2699.jpg,dog
Dog/2700.jpg,dog
Dog/2701.jpg,dog
Dog/2702.jpg,dog
Dog/2704.jpg,dog
Dog/2705.jpg,dog
Dog/2709.jpg,dog
Dog/271.jpg,dog
Dog/2710.jpg,dog
Dog/2711.jpg,dog
Dog/2712.jpg,dog
Dog/2713.jpg,dog
Dog/2714.jpg,dog
Dog/2715.jpg,dog
Dog/2717.jpg,dog
Dog/2718.jpg,dog
Dog/272.jpg,dog
Dog/2720.jpg,dog
Dog/2721.jpg,dog
Dog/2722.jpg,dog
Dog/2725.jpg,dog
Dog/2726.jpg,dog
Dog/2727.jpg,dog
Dog/2728.jpg,dog
Dog/2729.jpg,dog
Dog/273.jpg,dog
Dog/2730.jpg,dog
Dog/2731.jpg,dog
Dog/2732.jpg,dog
Dog/2733.jpg,dog
Dog/2734.jpg,dog
Dog/2735.jpg,dog
Dog/2736.jpg,dog
Dog/2737.jpg,dog
Dog/2738.jpg,dog
Dog/274.jpg,dog
Dog/2740.jpg,dog
Dog/2741.jpg,dog
Dog/2742.jpg,dog
Dog/2744.jpg,dog
Dog/2746.jpg,dog
Dog/2747.jpg,dog
Dog/2748.jpg,dog
Dog/2749.jpg,dog
Dog/275.jpg,dog
Dog/2750.jpg,dog
Dog/2751.jpg,dog
Dog/2752.jpg,dog
Dog/2754.jpg,dog
Dog/2755.jpg,dog
Dog/2756.jpg,dog
Dog/2758.jpg,dog
Dog/2759.jpg,dog
Dog/276.jpg,dog
Dog/2760.jpg,dog
Dog/2763.jpg,dog
Dog/2764.jpg,dog
Dog/2766.jpg,dog
Dog/2767.jpg,dog
Dog/2769.jpg,dog
Dog/277.jpg,dog
Dog/2770.jpg,dog
Dog/2771.jpg,dog
Dog/2772.jpg,dog
Dog/2774.jpg,dog
Dog/2775.jpg,dog
Dog/2776.jpg,dog
Dog/2778.jpg,dog
Dog/278.jpg,dog
Dog/2781.jpg,dog
Dog/2782.jpg,dog
Dog/2786.jpg,dog
Dog/2787.jpg,dog
Dog/2789.jpg,dog
Dog/2790.jpg,dog
Dog/2791.jpg,dog
Dog/2792.jpg,dog
Dog/2794.jpg,dog
Dog/2795.jpg,dog
Dog/2796.jpg,dog
Dog/2797.jpg,dog
Dog/2798.jpg,dog
Dog/2799.jpg,dog
Dog/28.jpg,dog
Dog/280.jpg,dog
Dog/2800.jpg,dog
Dog/2801.jpg,dog
Dog/2802.jpg,dog
Dog/2805.jpg,dog
Dog/2806.jpg,dog
Dog/2807.jpg,dog
Dog/2808.jpg,dog
Dog/2809.jpg,dog
Dog/2810.jpg,dog
Dog/2813.jpg,dog
Dog/2814.jpg,dog
Dog/2815.jpg,dog
Dog/2816.jpg,dog
Dog/2817.jpg,dog
Dog/2818.jpg,dog
Dog/282.jpg,dog
Dog/2820.jpg,dog
Dog/2821.jpg,dog
Dog/2822.jpg,dog
Dog/2828.jpg,dog
Dog/2829.jpg,dog
Dog/283.jpg,dog
Dog/2830.jpg,dog
Dog/2831.jpg,dog
Dog/2832.jpg,dog
Dog/2833.jpg,dog
Dog/2836.jpg,dog
Dog/2837.jpg,dog
Dog/2838.jpg,dog
Dog/2839.jpg,dog
Dog/284.jpg,dog
Dog/2840.jpg,dog
Dog/2841.jpg,dog
Dog/2842.jpg,dog
Dog/2843.jpg,dog
Dog/2845.jpg,dog
Dog/2846.jpg,dog
Dog/2848.jpg,dog
Dog/2849.jpg,dog
Dog/285.jpg,dog
Dog/2850.jpg,dog
Dog/2851.jpg,dog
Dog/2852.jpg,dog
Dog/2853.jpg,dog
Dog/2854.jpg,dog
Dog/2855.jpg,dog
Dog/2856.jpg,dog
Dog/2858.jpg,dog
Dog/286.jpg,dog
Dog/2861.jpg,dog
Dog/2862.jpg,dog
Dog/2863.jpg,dog
Dog/2864.jpg,dog
Dog/2866.jpg,dog
Dog/2867.jpg,dog
Dog/2868.jpg,dog
Dog/2869.jpg,dog
Dog/2870.jpg,dog
Dog/2872.jpg,dog
Dog/2873.jpg,dog
Dog/2874.jpg,dog
Dog/2875.jpg,dog
Dog/2876.jpg,dog
Dog/2879.jpg,dog
Dog/288.jpg,dog
Dog/2882.jpg,dog
Dog/2883.jpg,dog
Dog/2884.jpg,dog
Dog/2886.jpg,dog
Dog/2887.jpg,dog
Dog/2888.jpg,dog
Dog/2889.jpg,dog
Dog/289.jpg,dog
Dog/2891.jpg,dog
Dog/2892.jpg,dog
Dog/2893.jpg,dog
Dog/2894.jpg,dog
Dog/2896.jpg,dog
Dog/2898.jpg,dog
Dog/2899.jpg,dog
Dog/29.jpg,dog
Dog/290.jpg,dog
Dog/2900.jpg,dog
Dog/2901.jpg,dog
Dog/2902.jpg,dog
Dog/2903.jpg,dog
Dog/2904.jpg,dog
Dog/2905.jpg,dog
Dog/2908.jpg,dog
Dog/2909.jpg,dog
Dog/291.jpg,dog
Dog/2911.jpg,dog
Dog/2913.jpg,dog
Dog/2914.jpg,dog
Dog/2915.jpg,dog
Dog/2916.jpg,dog
Dog/2917.jpg,dog
Dog/2918.jpg,dog
Dog/2919.jpg,dog
Dog/292.jpg,dog
Dog/2920.jpg,dog
Dog/2922.jpg,dog
Dog/2923.jpg,dog
Dog/2925.jpg,dog
Dog/2926.jpg,dog
Dog/2927.jpg,dog
Dog/2928.jpg,dog
Dog/2929.jpg,dog
Dog/2930.jpg,dog
Dog/2931.jpg,dog
Dog/2933.jpg,dog
Dog/2936.jpg,dog
Dog/2937.jpg,dog
Dog/2938.jpg,dog
Dog/2939.jpg,dog
Dog/294.jpg,dog
Dog/2941.jpg,dog
Dog/2942.jpg,dog
Dog/2943.jpg,dog
Dog/2944.jpg,dog
Dog/2945.jpg,dog
Dog/2946.jpg,dog
Dog/2947.jpg,dog
Dog/2948.jpg,dog
Dog/2949.jpg,dog
Dog/295.jpg,dog
Dog/2950.jpg,dog
Dog/2954.jpg,dog
Dog/2955.jpg,dog
Dog/2956.jpg,dog
Dog/2957.jpg,dog
Dog/2958.jpg,dog
Dog/2959.jpg,dog
Dog/2961.jpg,dog
Dog/2962.jpg,dog
Dog/2963.jpg,dog
Dog/2964.jpg,dog
Dog/2965.jpg,dog
Dog/2966.jpg,dog
Dog/2967.jpg,dog
Dog/2968.jpg,dog
Dog/2969.jpg,dog
Dog/2970.jpg,dog
Dog/2971.jpg,dog
Dog/2973.jpg,dog
Dog/2974.jpg,dog
Dog/2975.jpg,dog
Dog/2976.jpg,dog
Dog/2978.jpg,dog
Dog/2979.jpg,dog
Dog/2980.jpg,dog
Dog/2981.jpg,dog
Dog/2982.jpg,dog
Dog/2983.jpg,dog
Dog/2984.jpg,dog
Dog/2986.jpg,dog
Dog/2987.jpg,dog
Dog/2988.jpg,dog
Dog/2989.jpg,dog
Dog/299.jpg,dog
Dog/2991.jpg,dog
Dog/2992.jpg,dog
Dog/2994.jpg,dog
Dog/2995.jpg,dog
Dog/2996.jpg,dog
Dog/2997.jpg,dog
Dog/2998.jpg,dog
Dog/2999.jpg,dog
Dog/3.jpg,dog
Dog/300.jpg,dog
Dog/3000.jpg,dog
Dog/3001.jpg,dog
Dog/3002.jpg,dog
Dog/3003.jpg,dog
Dog/3004.jpg,dog
Dog/3006.jpg,dog
Dog/3007.jpg,dog
Dog/3008.jpg,dog
Dog/3009.jpg,dog
Dog/301.jpg,dog
Dog/3010.jpg,dog
Dog/3011.jpg,dog
Dog/3013.jpg,dog
Dog/3014.jpg,dog
Dog/3015.jpg,dog
Dog/3017.jpg,dog
Dog/3018.jpg,dog
Dog/302.jpg,dog
Dog/3021.jpg,dog
Dog/3022.jpg,dog
Dog/3024.jpg,dog
Dog/3025.jpg,dog
Dog/3026.jpg,dog
Dog/3027.jpg,dog
Dog/3028.jpg,dog
Dog/303.jpg,dog
Dog/3030.jpg,dog
Dog/3031.jpg,dog
Dog/3032.jpg,dog
Dog/3033.jpg,dog
Dog/3034.jpg,dog
Dog/3035.jpg,dog
Dog/3036.jpg,dog
Dog/3039.jpg,dog
Dog/304.jpg,dog
Dog/3040.jpg,dog
Dog/3042.jpg,dog
Dog/3043.jpg,dog
Dog/3044.jpg,dog
Dog/3045.jpg,dog
Dog/3046.jpg,dog
Dog/3047.jpg,dog
Dog/3049.jpg,dog
Dog/3051.jpg,dog
Dog/3052.jpg,dog
Dog/3054.jpg,dog
Dog/3055.jpg,dog
Dog/3056.jpg,dog
Dog/3057.jpg,dog
Dog/3058.jpg,dog
Dog/3059.jpg,dog
Dog/306.jpg,dog
Dog/3060.jpg,dog
Dog/3061.jpg,dog
Dog/3062.jpg,dog
Dog/3065.jpg,dog
Dog/3066.jpg,dog
Dog/3067.jpg,dog
Dog/3068.jpg,dog
Dog/3069.jpg,dog
Dog/307.jpg,dog
Dog/3070.jpg,dog
Dog/3071.jpg,dog
Dog/3073.jpg,dog
Dog/3074.jpg,dog
Dog/3075.jpg,dog
Dog/3077.jpg,dog
Dog/3078.jpg,dog
Dog/3081.jpg,dog
Dog/3083.jpg,dog
Dog/3084.jpg,dog
Dog/3085.jpg,dog
Dog/3086.jpg,dog
Dog/3087.jpg,dog
Dog/3088.jpg,dog
Dog/3089.jpg,dog
Dog/309.jpg,dog
Dog/3091.jpg,dog
Dog/3092.jpg,dog
Dog/3093.jpg,dog
Dog/3095.jpg,dog
Dog/3096.jpg,dog
Dog/31.jpg,dog
Dog/310.jpg,dog
Dog/3100.jpg,dog
Dog/3101.jpg,dog
Dog/3102.jpg,dog
Dog/3103.jpg,dog
Dog/3104.jpg,dog
Dog/3105.jpg,dog
Dog/3106.jpg,dog
Dog/3107.jpg,dog
Dog/3109.jpg,dog
Dog/3110.jpg,dog
Dog/3113.jpg,dog
Dog/3114.jpg,dog
Dog/3115.jpg,dog
Dog/3116.jpg,dog
Dog/3117.jpg,dog
Dog/3118.jpg,dog
Dog/3119.jpg,dog
Dog/312.jpg,dog
Dog/3120.jpg,dog
Dog/3121.jpg,dog
Dog/3122.jpg,dog
Dog/3123.jpg,dog
Dog/3125.jpg,dog
Dog/3126.jpg,dog
Dog/3127.jpg,dog
Dog/3128.jpg,dog
Dog/3130.jpg,dog
Dog/3131.jpg,dog
Dog/3132.jpg,dog
Dog/3136.jpg,dog
Dog/3137.jpg,dog
Dog/3138.jpg,dog
Dog/3139.jpg,dog
Dog/314.jpg,dog
Dog/3140.jpg,dog
Dog/3141.jpg,dog
Dog/3143.jpg,dog
Dog/3144.jpg,dog
Dog/3145.jpg,dog
Dog/3146.jpg,dog
Dog/3147.jpg,dog
Dog/3149.jpg,dog
Dog/315.jpg,dog
Dog/3151.jpg,dog
Dog/3152.jpg,dog
Dog/3153.jpg,dog
Dog/3155.jpg,dog
Dog/3156.jpg,dog
Dog/3157.jpg,dog
Dog/3158.jpg,dog
Dog/3159.jpg,dog
Dog/3161.jpg,dog
Dog/3163.jpg,dog
Dog/3164.jpg,dog
Dog/3165.jpg,dog
Dog/3166.jpg,dog
Dog/3168.jpg,dog
Dog/3169.jpg,dog
Dog/3170.jpg,dog
Dog/3171.jpg,dog
Dog/3172.jpg,dog
Dog/3173.jpg,dog
Dog/3174.jpg,dog
Dog/3177.jpg,dog
Dog/3178.jpg,dog
Dog/3179.jpg,dog
Dog/318.jpg,dog
Dog/3180.jpg,dog
Dog/3182.jpg,dog
Dog/3183.jpg,dog
Dog/3184.jpg,dog
Dog/3186.jpg,dog
Dog/3188.jpg,dog
Dog/3189.jpg,dog
Dog/319.jpg,dog
Dog/3191.jpg,dog
Dog/3192.jpg,dog
Dog/3193.jpg,dog
Dog/3196.jpg,dog
Dog/3197.jpg,dog
Dog/3198.jpg,dog
Dog/3199.jpg,dog
Dog/32.jpg,dog
Dog/320.jpg,dog
Dog/3200.jpg,dog
Dog/3201.jpg,dog
Dog/3203.jpg,dog
Dog/3204.jpg,dog
Dog/3205.jpg,dog
Dog/3206.jpg,dog
Dog/3208.jpg,dog
Dog/3209.jpg,dog
Dog/321.jpg,dog
Dog/3211.jpg,dog
Dog/3212.jpg,dog
Dog/3213.jpg,dog
Dog/3214.jpg,dog
Dog/3216.jpg,dog
Dog/3217.jpg,dog
Dog/3218.jpg,dog
Dog/3219.jpg,dog
Dog/322.jpg,dog
Dog/3221.jpg,dog
Dog/3222.jpg,dog
Dog/3223.jpg,dog
Dog/3224.jpg,dog
Dog/3225.jpg,dog
Dog/3226.jpg,dog
Dog/3227.jpg,dog
Dog/3228.jpg,dog
Dog/3229.jpg,dog
Dog/323.jpg,dog
Dog/3230.jpg,dog
Dog/3232.jpg,dog
Dog/3233.jpg,dog
Dog/3236.jpg,dog
Dog/3238.jpg,dog
Dog/3239.jpg,dog
Dog/324.jpg,dog
Dog/3240.jpg,dog
Dog/3242.jpg,dog
Dog/3243.jpg,dog
Dog/3244.jpg,dog
Dog/3246.jpg,dog
Dog/3247.jpg,dog
Dog/3248.jpg,dog
Dog/3249.jpg,dog
Dog/325.jpg,dog
Dog/3250.jpg,dog
Dog/3252.jpg,dog
Dog/3253.jpg,dog
Dog/3254.jpg,dog
Dog/3255.jpg,dog
Dog/3258.jpg,dog
Dog/3259.jpg,dog
Dog/326.jpg,dog
Dog/3263.jpg,dog
Dog/3264.jpg,dog
Dog/3265.jpg,dog
Dog/3266.jpg,dog
Dog/3268.jpg,dog
Dog/3269.jpg,dog
Dog/327.jpg,dog
Dog/3270.jpg,dog
Dog/3271.jpg,dog
Dog/3273.jpg,dog
Dog/3275.jpg,dog
Dog/3276.jpg,dog
Dog/3277.jpg,dog
Dog/3278.jpg,dog
Dog/3279.jpg,dog
Dog/328.jpg,dog
Dog/3280.jpg,dog
Dog/3281.jpg,dog
Dog/3282.jpg,dog
Dog/3285.jpg,dog
Dog/3286.jpg,dog
Dog/3287.jpg,dog
Dog/3288.jpg,dog
Dog/3289.jpg,dog
Dog/329.jpg,dog
Dog/3291.jpg,dog
Dog/3292.jpg,dog
Dog/3293.jpg,dog
Dog/3294.jpg,dog
Dog/3295.jpg,dog
Dog/3296.jpg,dog
Dog/3297.jpg,dog
Dog/3298.jpg,dog
Dog/33.jpg,dog
Dog/330.jpg,dog
Dog/3300.jpg,dog
Dog/3302.jpg,dog
Dog/3304.jpg,dog
Dog/3306.jpg,dog
Dog/3309.jpg,dog
Dog/331.jpg,dog
Dog/3310.jpg,dog
Dog/3311.jpg,dog
Dog/3312.jpg,dog
Dog/3314.jpg,dog
Dog/3316.jpg,dog
Dog/3317.jpg,dog
Dog/3318.jpg,dog
Dog/3319.jpg,dog
Dog/332.jpg,dog
Dog/3320.jpg,dog
Dog/3321.jpg,dog
Dog/3322.jpg,dog
Dog/3323.jpg,dog
Dog/3324.jpg,dog
Dog/3325.jpg,dog
Dog/3326.jpg,dog
Dog/3327.jpg,dog
Dog/3328.jpg,dog
Dog/3329.jpg,dog
Dog/333.jpg,dog
Dog/3330.jpg,dog
Dog/3332.jpg,dog
Dog/3333.jpg,dog
Dog/3334.jpg,dog
Dog/3336.jpg,dog
Dog/3338.jpg,dog
Dog/3339.jpg,dog
Dog/3340.jpg,dog
Dog/3341.jpg,dog
Dog/3342.jpg,dog
Dog/3343.jpg,dog
Dog/3344.jpg,dog
Dog/3345.jpg,dog
Dog/3346.jpg,dog
Dog/3347.jpg,dog
Dog/3349.jpg,dog
Dog/335.jpg,dog
Dog/3351.jpg,dog
Dog/3352.jpg,dog
Dog/3353.jpg,dog
Dog/3354.jpg,dog
Dog/3355.jpg,dog
Dog/3356.jpg,dog
Dog/3357.jpg,dog
Dog/336.jpg,dog
Dog/3360.jpg,dog
Dog/3361.jpg,dog
Dog/3363.jpg,dog
Dog/3364.jpg,dog
Dog/3365.jpg,dog
Dog/3366.jpg,dog
Dog/3367.jpg,dog
Dog/3368.jpg,dog
Dog/337.jpg,dog
Dog/3370.jpg,dog
Dog/3371.jpg,dog
Dog/3372.jpg,dog
Dog/3373.jpg,dog
Dog/3374.jpg,dog
Dog/3375.jpg,dog
Dog/3376.jpg,dog
Dog/3377.jpg,dog
Dog/3379.jpg,dog
Dog/338.jpg,dog
Dog/3380.jpg,dog
Dog/3381.jpg,dog
Dog/3382.jpg,dog
Dog/3383.jpg,dog
Dog/3384.jpg,dog
Dog/3385.jpg,dog
Dog/3387.jpg,dog
Dog/3388.jpg,dog
Dog/3389.jpg,dog
Dog/339.jpg,dog
Dog/3390.jpg,dog
Dog/3391.jpg,dog
Dog/3392.jpg,dog
Dog/3393.jpg,dog
Dog/3394.jpg,dog
Dog/3395.jpg,dog
Dog/3396.jpg,dog
Dog/3397.jpg,dog
Dog/3398.jpg,dog
Dog/3399.jpg,dog
Dog/340.jpg,dog
Dog/3400.jpg,dog
Dog/3401.jpg,dog
Dog/3402.jpg,dog
Dog/3404.jpg,dog
Dog/3406.jpg,dog
Dog/3407.jpg,dog
Dog/3408.jpg,dog
Dog/3409.jpg,dog
Dog/341.jpg,dog
Dog/3411.jpg,dog
Dog/3412.jpg,dog
Dog/3413.jpg,dog
Dog/3414.jpg,dog
Dog/3415.jpg,dog
Dog/3416.jpg,dog
Dog/3417.jpg,dog
Dog/3419.jpg,dog
Dog/342.jpg,dog
Dog/3420.jpg,dog
Dog/3421.jpg,dog
Dog/3423.jpg,dog
Dog/3424.jpg,dog
Dog/3425.jpg,dog
Dog/3428.jpg,dog
Dog/3429.jpg,dog
Dog/343.jpg,dog
Dog/3431.jpg,dog
Dog/3432.jpg,dog
Dog/3433.jpg,dog
Dog/3434.jpg,dog
Dog/3435.jpg,dog
Dog/3436.jpg,dog
Dog/3437.jpg,dog
Dog/3438.jpg,dog
Dog/3439.jpg,dog
Dog/344.jpg,dog
Dog/3440.jpg,dog
Dog/3443.jpg,dog
Dog/3444.jpg,dog
Dog/3446.jpg,dog
Dog/3447.jpg,dog
Dog/3448.jpg,dog
Dog/3449.jpg,dog
Dog/345.jpg,dog
Dog/3450.jpg,dog
Dog/3451.jpg,dog
Dog/3452.jpg,dog
Dog/3453.jpg,dog
Dog/3455.jpg,dog
Dog/3457.jpg,dog
Dog/3458.jpg,dog
Dog/3459.jpg,dog
Dog/3460.jpg,dog
Dog/3462.jpg,dog
Dog/3463.jpg,dog
Dog/3465.jpg,dog
Dog/3466.jpg,dog
Dog/3467.jpg,dog
Dog/3468.jpg,dog
Dog/347.jpg,dog
Dog/3470.jpg,dog
Dog/3471.jpg,dog
Dog/3472.jpg,dog
Dog/3473.jpg,dog
Dog/3474.jpg,dog
Dog/3475.jpg,dog
Dog/3476.jpg,dog
Dog/3477.jpg,dog
Dog/3479.jpg,dog
Dog/3480.jpg,dog
Dog/3481.jpg,dog
Dog/3482.jpg,dog
Dog/3483.jpg,dog
Dog/3484.jpg,dog
Dog/3485.jpg,dog
Dog/3486.jpg,dog
Dog/3487.jpg,dog
Dog/3488.jpg,dog
Dog/349.jpg,dog
Dog/3490.jpg,dog
Dog/3491.jpg,dog
Dog/3492.jpg,dog
Dog/3493.jpg,dog
Dog/3494.jpg,dog
Dog/3496.jpg,dog
Dog/3497.jpg,dog
Dog/3498.jpg,dog
Dog/3499.jpg,dog
Dog/35.jpg,dog
Dog/350.jpg,dog
Dog/3501.jpg,dog
Dog/3503.jpg,dog
Dog/3509.jpg,dog
Dog/351.jpg,dog
Dog/3510.jpg,dog
Dog/3513.jpg,dog
Dog/3514.jpg,dog
Dog/3515.jpg,dog
Dog/3516.jpg,dog
Dog/3517.jpg,dog
Dog/3518.jpg,dog
Dog/3520.jpg,dog
Dog/3522.jpg,dog
Dog/3524.jpg,dog
Dog/3525.jpg,dog
Dog/3526.jpg,dog
Dog/3528.jpg,dog
Dog/3529.jpg,dog
Dog/353.jpg,dog
Dog/3530.jpg,dog
Dog/3532.jpg,dog
Dog/3533.jpg,dog
Dog/3534.jpg,dog
Dog/3535.jpg,dog
Dog/3536.jpg,dog
Dog/3538.jpg,dog
Dog/3539.jpg,dog
Dog/354.jpg,dog
Dog/3541.jpg,dog
Dog/3542.jpg,dog
Dog/3543.jpg,dog
Dog/3544.jpg,dog
Dog/3545.jpg,dog
Dog/3546.jpg,dog
Dog/3549.jpg,dog
Dog/355.jpg,dog
Dog/3553.jpg,dog
Dog/3555.jpg,dog
Dog/3556.jpg,dog
Dog/3557.jpg,dog
Dog/3558.jpg,dog
Dog/3559.jpg,dog
Dog/356.jpg,dog
Dog/3560.jpg,dog
Dog/3561.jpg,dog
Dog/3564.jpg,dog
Dog/3565.jpg,dog
Dog/3567.jpg,dog
Dog/3568.jpg,dog
Dog/3569.jpg,dog
Dog/357.jpg,dog
Dog/3570.jpg,dog
Dog/3571.jpg,dog
Dog/3572.jpg,dog
Dog/3573.jpg,dog
Dog/3574.jpg,dog
Dog/3575.jpg,dog
Dog/3577.jpg,dog
Dog/3578.jpg,dog
Dog/3579.jpg,dog
Dog/358.jpg,dog
Dog/3581.jpg,dog
Dog/3582.jpg,dog
Dog/3583.jpg,dog
Dog/3584.jpg,dog
Dog/3585.jpg,dog
Dog/3586.jpg,dog
Dog/3587.jpg,dog
Dog/3588.jpg,dog
Dog/3589.jpg,dog
Dog/359.jpg,dog
Dog/3590.jpg,dog
Dog/3591.jpg,dog
Dog/3592.jpg,dog
Dog/3593.jpg,dog
Dog/3594.jpg,dog
Dog/3596.jpg,dog
Dog/3597.jpg,dog
Dog/3598.jpg,dog
Dog/3599.jpg,dog
Dog/36.jpg,dog
Dog/360.jpg,dog
Dog/3600.jpg,dog
Dog/3601.jpg,dog
Dog/3602.jpg,dog
Dog/3603.jpg,dog
Dog/3604.jpg,dog
Dog/3605.jpg,dog
Dog/3606.jpg,dog
Dog/3607.jpg,dog
Dog/3609.jpg,dog
Dog/361.jpg,dog
Dog/3610.jpg,dog
Dog/3613.jpg,dog
Dog/3614.jpg,dog
Dog/3615.jpg,dog
Dog/3616.jpg,dog
Dog/3617.jpg,dog
Dog/3618.jpg,dog
Dog/3619.jpg,dog
Dog/362.jpg,dog
Dog/3620.jpg,dog
Dog/3621.jpg,dog
Dog/3622.jpg,dog
Dog/3623.jpg,dog
Dog/3624.jpg,dog
Dog/3625.jpg,dog
Dog/3627.jpg,dog
Dog/3628.jpg,dog
Dog/3629.jpg,dog
Dog/363.jpg,dog
Dog/3630.jpg,dog
Dog/3631.jpg,dog
Dog/3632.jpg,dog
Dog/3633.jpg,dog
Dog/3634.jpg,dog
Dog/3636.jpg,dog
Dog/3638.jpg,dog
Dog/3639.jpg,dog
Dog/3641.jpg,dog
Dog/3642.jpg,dog
Dog/3644.jpg,dog
Dog/3645.jpg,dog
Dog/3646.jpg,dog
Dog/3648.jpg,dog
Dog/3650.jpg,dog
Dog/3651.jpg,dog
Dog/3653.jpg,dog
Dog/3654.jpg,dog
Dog/3655.jpg,dog
Dog/3656.jpg,dog
Dog/3658.jpg,dog
Dog/3659.jpg,dog
Dog/366.jpg,dog
Dog/3660.jpg,dog
Dog/3661.jpg,dog
Dog/3662.jpg,dog
Dog/3663.jpg,dog
Dog/3664.jpg,dog
Dog/3666.jpg,dog
Dog/3667.jpg,dog
Dog/3668.jpg,dog
Dog/3669.jpg,dog
Dog/367.jpg,dog
Dog/3670.jpg,dog
Dog/3671.jpg,dog
Dog/3672.jpg,dog
Dog/3674.jpg,dog
Dog/3675.jpg,dog
Dog/3676.jpg,dog
Dog/3677.jpg,dog
Dog/3678.jpg,dog
Dog/368.jpg,dog
Dog/3680.jpg,dog
Dog/3681.jpg,dog
Dog/3683.jpg,dog
Dog/3684.jpg,dog
Dog/3685.jpg,dog
Dog/3687.jpg,dog
Dog/3688.jpg,dog
Dog/369.jpg,dog
Dog/3690.jpg,dog
Dog/3691.jpg,dog
Dog/3692.jpg,dog
Dog/3693.jpg,dog
Dog/3696.jpg,dog
Dog/3697.jpg,dog
Dog/3698.jpg,dog
Dog/37.jpg,dog
Dog/3700.jpg,dog
Dog/3702.jpg,dog
Dog/3703.jpg,dog
Dog/3704.jpg,dog
Dog/3705.jpg,dog
Dog/3706.jpg,dog
Dog/3707.jpg,dog
Dog/3708.jpg,dog
Dog/3709.jpg,dog
Dog/3710.jpg,dog
Dog/3711.jpg,dog
Dog/3712.jpg,dog
Dog/3713.jpg,dog
Dog/3716.jpg,dog
Dog/3717.jpg,dog
Dog/3718.jpg,dog
Dog/3720.jpg,dog
Dog/3721.jpg,dog
Dog/3722.jpg,dog
Dog/3723.jpg,dog
Dog/3724.jpg,dog
Dog/3725.jpg,dog
Dog/3726.jpg,dog
Dog/3728.jpg,dog
Dog/3729.jpg,dog
Dog/373.jpg,dog
Dog/3730.jpg,dog
Dog/3731.jpg,dog
Dog/3733.jpg,dog
Dog/3734.jpg,dog
Dog/3736.jpg,dog
Dog/3737.jpg,dog
Dog/3738.jpg,dog
Dog/3739.jpg,dog
Dog/374.jpg,dog
Dog/3740.jpg,dog
Dog/3741.jpg,dog
Dog/3742.jpg,dog
Dog/3743.jpg,dog
Dog/3744.jpg,dog
Dog/3745.jpg,dog
Dog/3747.jpg,dog
Dog/3749.jpg,dog
Dog/375.jpg,dog
Dog/3750.jpg,dog
Dog/3751.jpg,dog
Dog/3752.jpg,dog
Dog/3755.jpg,dog
Dog/3756.jpg,dog
Dog/3757.jpg,dog
Dog/3758.jpg,dog
Dog/3759.jpg,dog
Dog/376.jpg,dog
Dog/3760.jpg,dog
Dog/3762.jpg,dog
Dog/3763.jpg,dog
Dog/3764.jpg,dog
Dog/3765.jpg,dog
Dog/3766.jpg,dog
Dog/3767.jpg,dog
Dog/377.jpg,dog
Dog/3770.jpg,dog
Dog/3771.jpg,dog
Dog/3772.jpg,dog
Dog/3773.jpg,dog
Dog/3774.jpg,dog
Dog/3775.jpg,dog
Dog/3777.jpg,dog
Dog/3778.jpg,dog
Dog/378.jpg,dog
Dog/3780.jpg,dog
Dog/3782.jpg,dog
Dog/3784.jpg,dog
Dog/3786.jpg,dog
Dog/3787.jpg,dog
Dog/3789.jpg,dog
Dog/379.jpg,dog
Dog/3791.jpg,dog
Dog/3792.jpg,dog
Dog/3793.jpg,dog
Dog/3794.jpg,dog
Dog/3795.jpg,dog
Dog/3796.jpg,dog
Dog/3797.jpg,dog
Dog/3798.jpg,dog
Dog/38.jpg,dog
Dog/380.jpg,dog
Dog/3800.jpg,dog
Dog/3801.jpg,dog
Dog/3802.jpg,dog
Dog/3803.jpg,dog
Dog/3804.jpg,dog
Dog/3806.jpg,dog
Dog/3808.jpg,dog
Dog/3809.jpg,dog
Dog/381.jpg,dog
Dog/3810.jpg,dog
Dog/3811.jpg,dog
Dog/3812.jpg,dog
Dog/3813.jpg,dog
Dog/3814.jpg,dog
Dog/3815.jpg,dog
Dog/3816.jpg,dog
Dog/3817.jpg,dog
Dog/3818.jpg,dog
Dog/3819.jpg,dog
Dog/382.jpg,dog
Dog/3820.jpg,dog
Dog/3821.jpg,dog
Dog/3822.jpg,dog
Dog/3823.jpg,dog
Dog/3824.jpg,dog
Dog/3825.jpg,dog
Dog/3826.jpg,dog
Dog/3828.jpg,dog
Dog/3829.jpg,dog
Dog/383.jpg,dog
Dog/3830.jpg,dog
Dog/3832.jpg,dog
Dog/3833.jpg,dog
Dog/3834.jpg,dog
Dog/3835.jpg,dog
Dog/3836.jpg,dog
Dog/3837.jpg,dog
Dog/3838.jpg,dog
Dog/3839.jpg,dog
Dog/384.jpg,dog
Dog/3840.jpg,dog
Dog/3841.jpg,dog
Dog/3842.jpg,dog
Dog/3843.jpg,dog
Dog/3844.jpg,dog
Dog/3845.jpg,dog
Dog/3846.jpg,dog
Dog/3847.jpg,dog
Dog/3848.jpg,dog
Dog/3849.jpg,dog
Dog/385.jpg,dog
Dog/3850.jpg,dog
Dog/3851.jpg,dog
Dog/3852.jpg,dog
Dog/3853.jpg,dog
Dog/3854.jpg,dog
Dog/3856.jpg,dog
Dog/3858.jpg,dog
Dog/3859.jpg,dog
Dog/3860.jpg,dog
Dog/3861.jpg,dog
Dog/3862.jpg,dog
Dog/3863.jpg,dog
Dog/3864.jpg,dog
Dog/3865.jpg,dog
Dog/3867.jpg,dog
Dog/3868.jpg,dog
Dog/3869.jpg,dog
Dog/387.jpg,dog
Dog/3870.jpg,dog
Dog/3871.jpg,dog
Dog/3872.jpg,dog
Dog/3873.jpg,dog
Dog/3874.jpg,dog
Dog/3875.jpg,dog
Dog/3876.jpg,dog
Dog/3878.jpg,dog
Dog/3879.jpg,dog
Dog/3880.jpg,dog
Dog/3881.jpg,dog
Dog/3882.jpg,dog
Dog/3883.jpg,dog
Dog/3885.jpg,dog
Dog/3886.jpg,dog
Dog/3887.jpg,dog
Dog/3889.jpg,dog
Dog/3890.jpg,dog
Dog/3891.jpg,dog
Dog/3892.jpg,dog
Dog/3893.jpg,dog
Dog/3895.jpg,dog
Dog/3896.jpg,dog
Dog/3897.jpg,dog
Dog/3898.jpg,dog
Dog/3899.jpg,dog
Dog/39.jpg,dog
Dog/390.jpg,dog
Dog/3901.jpg,dog
Dog/3902.jpg,dog
Dog/3903.jpg,dog
Dog/3905.jpg,dog
Dog/3906.jpg,dog
Dog/3907.jpg,dog
Dog/3908.jpg,dog
Dog/3909.jpg,dog
Dog/391.jpg,dog
Dog/3911.jpg,dog
Dog/3912.jpg,dog
Dog/3913.jpg,dog
Dog/3914.jpg,dog
Dog/3917.jpg,dog
Dog/3919.jpg,dog
Dog/3920.jpg,dog
Dog/3922.jpg,dog
Dog/3923.jpg,dog
Dog/3925.jpg,dog
Dog/3927.jpg,dog
Dog/3928.jpg,dog
Dog/3929.jpg,dog
Dog/393.jpg,dog
Dog/3930.jpg,dog
Dog/3931.jpg,dog
Dog/3932.jpg,dog
Dog/3933.jpg,dog
Dog/3934.jpg,dog
Dog/3935.jpg,dog
Dog/3937.jpg,dog
Dog/3938.jpg,dog
Dog/3939.jpg,dog
Dog/394.jpg,dog
Dog/3940.jpg,dog
Dog/3941.jpg,dog
Dog/3942.jpg,dog
Dog/3943.jpg,dog
Dog/3944.jpg,dog
Dog/3945.jpg,dog
Dog/3946.jpg,dog
Dog/3947.jpg,dog
Dog/3948.jpg,dog
Dog/395.jpg,dog
Dog/3950.jpg,dog
Dog/3951.jpg,dog
Dog/3952.jpg,dog
Dog/3954.jpg,dog
Dog/3955.jpg,dog
Dog/3959.jpg,dog
Dog/396.jpg,dog
Dog/3960.jpg,dog
Dog/3961.jpg,dog
Dog/3962.jpg,dog
Dog/3963.jpg,dog
Dog/3964.jpg,dog
Dog/3965.jpg,dog
Dog/3966.jpg,dog
Dog/3968.jpg,dog
Dog/3969.jpg,dog
Dog/397.jpg,dog
Dog/3970.jpg,dog
Dog/3971.jpg,dog
Dog/3972.jpg,dog
Dog/3975.jpg,dog
Dog/3977.jpg,dog
Dog/3978.jpg,dog
Dog/3979.jpg,dog
Dog/398.jpg,dog
Dog/3980.jpg,dog
Dog/3981.jpg,dog
Dog/3983.jpg,dog
Dog/3984.jpg,dog
Dog/3985.jpg,dog
Dog/3986.jpg,dog
Dog/3987.jpg,dog
Dog/3988.jpg,dog
Dog/3989.jpg,dog
Dog/399.jpg,dog
Dog/3991.jpg,dog
Dog/3993.jpg,dog
Dog/3994.jpg,dog
Dog/3995.jpg,dog
Dog/3996.jpg,dog
Dog/3997.jpg,dog
Dog/3998.jpg,dog
Dog/3999.jpg,dog
Dog/4.jpg,dog
Dog/40.jpg,dog
Dog/400.jpg,dog
Dog/4001.jpg,dog
Dog/4002.jpg,dog
Dog/4003.jpg,dog
Dog/4006.jpg,dog
Dog/4007.jpg,dog
Dog/4008.jpg,dog
Dog/4009.jpg,dog
Dog/401.jpg,dog
Dog/4010.jpg,dog
Dog/4015.jpg,dog
Dog/4016.jpg,dog
Dog/4019.jpg,dog
Dog/402.jpg,dog
Dog/4021.jpg,dog
Dog/4023.jpg,dog
Dog/4025.jpg,dog
Dog/4026.jpg,dog
Dog/4027.jpg,dog
Dog/4028.jpg,dog
Dog/4029.jpg,dog
Dog/403.jpg,dog
Dog/4030.jpg,dog
Dog/4031.jpg,dog
Dog/4032.jpg,dog
Dog/4033.jpg,dog
Dog/4034.jpg,dog
Dog/4036.jpg,dog
Dog/4037.jpg,dog
Dog/4038.jpg,dog
Dog/4039.jpg,dog
Dog/404.jpg,dog
Dog/4042.jpg,dog
Dog/4044.jpg,dog
Dog/4045.jpg,dog
Dog/4046.jpg,dog
Dog/4047.jpg,dog
Dog/4048.jpg,dog
Dog/4049.jpg,dog
Dog/405.jpg,dog
Dog/4050.jpg,dog
Dog/4051.jpg,dog
Dog/4055.jpg,dog
Dog/4056.jpg,dog
Dog/4057.jpg,dog
Dog/4058.jpg,dog
Dog/4059.jpg,dog
Dog/406.jpg,dog
Dog/4060.jpg,dog
Dog/4064.jpg,dog
Dog/4067.jpg,dog
Dog/4068.jpg,dog
Dog/4069.jpg,dog
Dog/407.jpg,dog
Dog/4070.jpg,dog
Dog/4071.jpg,dog
Dog/4072.jpg,dog
Dog/4074.jpg,dog
Dog/4075.jpg,dog
Dog/4076.jpg,dog
Dog/4077.jpg,dog
Dog/4078.jpg,dog
Dog/4079.jpg,dog
Dog/408.jpg,dog
Dog/4080.jpg,dog
Dog/4082.jpg,dog
Dog/4083.jpg,dog
Dog/4084.jpg,dog
Dog/4085.jpg,dog
Dog/4086.jpg,dog
Dog/4087.jpg,dog
Dog/4089.jpg,dog
Dog/409.jpg,dog
Dog/4090.jpg,dog
Dog/4091.jpg,dog
Dog/4092.jpg,dog
Dog/4094.jpg,dog
Dog/4095.jpg,dog
Dog/4096.jpg,dog
Dog/4097.jpg,dog
Dog/4098.jpg,dog
Dog/4099.jpg,dog
Dog/41.jpg,dog
Dog/410.jpg,dog
Dog/4100.jpg,dog
Dog/4101.jpg,dog
Dog/4102.jpg,dog
Dog/4103.jpg,dog
Dog/4104.jpg,dog
Dog/4105.jpg,dog
Dog/4106.jpg,dog
Dog/4109.jpg,dog
Dog/411.jpg,dog
Dog/4110.jpg,dog
Dog/4111.jpg,dog
Dog/4112.jpg,dog
Dog/4113.jpg,dog
Dog/4114.jpg,dog
Dog/4115.jpg,dog
Dog/4116.jpg,dog
Dog/4117.jpg,dog
Dog/4118.jpg,dog
Dog/412.jpg,dog
Dog/4120.jpg,dog
Dog/4121.jpg,dog
Dog/4122.jpg,dog
Dog/4123.jpg,dog
Dog/4125.jpg,dog
Dog/4126.jpg,dog
Dog/4127.jpg,dog
Dog/4128.jpg,dog
Dog/4129.jpg,dog
Dog/413.jpg,dog
Dog/4130.jpg,dog
Dog/4132.jpg,dog
Dog/4134.jpg,dog
Dog/4135.jpg,dog
Dog/4136.jpg,dog
Dog/4137.jpg,dog
Dog/4138.jpg,dog
Dog/4139.jpg,dog
Dog/4140.jpg,dog
Dog/4142.jpg,dog
Dog/4143.jpg,dog
Dog/4145.jpg,dog
Dog/4146.jpg,dog
Dog/4147.jpg,dog
Dog/4148.jpg,dog
Dog/4150.jpg,dog
Dog/4151.jpg,dog
Dog/4152.jpg,dog
Dog/4153.jpg,dog
Dog/4155.jpg,dog
Dog/4156.jpg,dog
Dog/4159.jpg,dog
Dog/416.jpg,dog
Dog/4160.jpg,dog
Dog/4161.jpg,dog
Dog/4162.jpg,dog
Dog/4163.jpg,dog
Dog/4164.jpg,dog
Dog/4165.jpg,dog
Dog/4166.jpg,dog
Dog/4167.jpg,dog
Dog/4168.jpg,dog
Dog/4169.jpg,dog
Dog/417.jpg,dog
Dog/4171.jpg,dog
Dog/4172.jpg,dog
Dog/4174.jpg,dog
Dog/4175.jpg,dog
Dog/4177.jpg,dog
Dog/4179.jpg,dog
Dog/418.jpg,dog
Dog/4180.jpg,dog
Dog/4181.jpg,dog
Dog/4182.jpg,dog
Dog/4183.jpg,dog
Dog/4184.jpg,dog
Dog/4185.jpg,dog
Dog/4186.jpg,dog
Dog/4187.jpg,dog
Dog/4188.jpg,dog
Dog/4189.jpg,dog
Dog/419.jpg,dog
Dog/4191.jpg,dog
Dog/4193.jpg,dog
Dog/4194.jpg,dog
Dog/4195.jpg,dog
Dog/4196.jpg,dog
Dog/4197.jpg,dog
Dog/4198.jpg,dog
Dog/4199.jpg,dog
Dog/42.jpg,dog
Dog/420.jpg,dog
Dog/4200.jpg,dog
Dog/4201.jpg,dog
Dog/4202.jpg,dog
Dog/4205.jpg,dog
Dog/4207.jpg,dog
Dog/4208.jpg,dog
Dog/421.jpg,dog
Dog/4211.jpg,dog
Dog/4212.jpg,dog
Dog/4214.jpg,dog
Dog/4216.jpg,dog
Dog/4218.jpg,dog
Dog/4219.jpg,dog
Dog/422.jpg,dog
Dog/4220.jpg,dog
Dog/4221.jpg,dog
Dog/4222.jpg,dog
Dog/4223.jpg,dog
Dog/4225.jpg,dog
Dog/4226.jpg,dog
Dog/4227.jpg,dog
Dog/4228.jpg,dog
Dog/4229.jpg,dog
Dog/423.jpg,dog
Dog/4230.jpg,dog
Dog/4231.jpg,dog
Dog/4233.jpg,dog
Dog/4234.jpg,dog
Dog/4235.jpg,dog
Dog/4237.jpg,dog
Dog/4238.jpg,dog
Dog/4239.jpg,dog
Dog/424.jpg,dog
Dog/4240.jpg,dog
Dog/4241.jpg,dog
Dog/4243.jpg,dog
Dog/4244.jpg,dog
Dog/4245.jpg,dog
Dog/4246.jpg,dog
Dog/4247.jpg,dog
Dog/4248.jpg,dog
Dog/4249.jpg,dog
Dog/4250.jpg,dog
Dog/4251.jpg,dog
Dog/4252.jpg,dog
Dog/4253.jpg,dog
Dog/4254.jpg,dog
Dog/4256.jpg,dog
Dog/4257.jpg,dog
Dog/4259.jpg,dog
Dog/426.jpg,dog
Dog/4260.jpg,dog
Dog/4261.jpg,dog
Dog/4262.jpg,dog
Dog/4263.jpg,dog
Dog/4264.jpg,dog
Dog/4265.jpg,dog
Dog/4266.jpg,dog
Dog/4267.jpg,dog
Dog/4268.jpg,dog
Dog/4269.jpg,dog
Dog/427.jpg,dog
Dog/4270.jpg,dog
Dog/4271.jpg,dog
Dog/4272.jpg,dog
Dog/4274.jpg,dog
Dog/4275.jpg,dog
Dog/4277.jpg,dog
Dog/4278.jpg,dog
Dog/4279.jpg,dog
Dog/428.jpg,dog
Dog/4280.jpg,dog
Dog/4281.jpg,dog
Dog/4283.jpg,dog
Dog/4285.jpg,dog
Dog/4287.jpg,dog
Dog/4288.jpg,dog
Dog/4289.jpg,dog
Dog/429.jpg,dog
Dog/4290.jpg,dog
Dog/4292.jpg,dog
Dog/4293.jpg,dog
Dog/4295.jpg,dog
Dog/4296.jpg,dog
Dog/4297.jpg,dog
Dog/43.jpg,dog
Dog/430.jpg,dog
Dog/4300.jpg,dog
Dog/4301.jpg,dog
Dog/4302.jpg,dog
Dog/4303.jpg,dog
Dog/4304.jpg,dog
Dog/4306.jpg,dog
Dog/4307.jpg,dog
Dog/4308.jpg,dog
Dog/4309.jpg,dog
Dog/431.jpg,dog
Dog/4310.jpg,dog
Dog/4311.jpg,dog
Dog/4312.jpg,dog
Dog/4313.jpg,dog
Dog/4314.jpg,dog
Dog/4315.jpg,dog
Dog/4316.jpg,dog
Dog/4317.jpg,dog
Dog/4318.jpg,dog
Dog/4319.jpg,dog
Dog/432.jpg,dog
Dog/4320.jpg,dog
Dog/4322.jpg,dog
Dog/4323.jpg,dog
Dog/4324.jpg,dog
Dog/4325.jpg,dog
Dog/4326.jpg,dog
Dog/4327.jpg,dog
Dog/4328.jpg,dog
Dog/4329.jpg,dog
Dog/433.jpg,dog
Dog/4330.jpg,dog
Dog/4332.jpg,dog
Dog/4333.jpg,dog
Dog/4334.jpg,dog
Dog/4337.jpg,dog
Dog/434.jpg,dog
Dog/4340.jpg,dog
Dog/4341.jpg,dog
Dog/4342.jpg,dog
Dog/4343.jpg,dog
Dog/4344.jpg,dog
Dog/4346.jpg,dog
Dog/4347.jpg,dog
Dog/4348.jpg,dog
Dog/435.jpg,dog
Dog/4350.jpg,dog
Dog/4351.jpg,dog
Dog/4352.jpg,dog
Dog/4353.jpg,dog
Dog/4354.jpg,dog
Dog/4355.jpg,dog
Dog/4356.jpg,dog
Dog/4357.jpg,dog
Dog/4359.jpg,dog
Dog/436.jpg,dog
Dog/4360.jpg,dog
Dog/4362.jpg,dog
Dog/4364.jpg,dog
Dog/4366.jpg,dog
Dog/4368.jpg,dog
Dog/4369.jpg,dog
Dog/437.jpg,dog
Dog/4371.jpg,dog
Dog/4372.jpg,dog
Dog/4373.jpg,dog
Dog/4374.jpg,dog
Dog/4375.jpg,dog
Dog/4376.jpg,dog
Dog/4377.jpg,dog
Dog/4378.jpg,dog
Dog/4379.jpg,dog
Dog/438.jpg,dog
Dog/4380.jpg,dog
Dog/4381.jpg,dog
Dog/4382.jpg,dog
Dog/4383.jpg,dog
Dog/4384.jpg,dog
Dog/4386.jpg,dog
Dog/4387.jpg,dog
Dog/4388.jpg,dog
Dog/4389.jpg,dog
Dog/439.jpg,dog
Dog/4390.jpg,dog
Dog/4391.jpg,dog
Dog/4392.jpg,dog
Dog/4393.jpg,dog
Dog/4394.jpg,dog
Dog/4395.jpg,dog
Dog/4396.jpg,dog
Dog/4398.jpg,dog
Dog/440.jpg,dog
Dog/4400.jpg,dog
Dog/4402.jpg,dog
Dog/4404.jpg,dog
Dog/4406.jpg,dog
Dog/4407.jpg,dog
Dog/4409.jpg,dog
Dog/441.jpg,dog
Dog/4410.jpg,dog
Dog/4411.jpg,dog
Dog/4413.jpg,dog
Dog/4414.jpg,dog
Dog/4415.jpg,dog
Dog/4416.jpg,dog
Dog/4417.jpg,dog
Dog/4418.jpg,dog
Dog/4419.jpg,dog
Dog/442.jpg,dog
Dog/4420.jpg,dog
Dog/4421.jpg,dog
Dog/4422.jpg,dog
Dog/4423.jpg,dog
Dog/4425.jpg,dog
Dog/4427.jpg,dog
Dog/4428.jpg,dog
Dog/4429.jpg,dog
Dog/443.jpg,dog
Dog/4430.jpg,dog
Dog/4432.jpg,dog
Dog/4433.jpg,dog
Dog/4434.jpg,dog
Dog/4435.jpg,dog
Dog/4438.jpg,dog
Dog/4439.jpg,dog
Dog/444.jpg,dog
Dog/4440.jpg,dog
Dog/4441.jpg,dog
Dog/4442.jpg,dog
Dog/4443.jpg,dog
Dog/4444.jpg,dog
Dog/4445.jpg,dog
Dog/4446.jpg,dog
Dog/4448.jpg,dog
Dog/4449.jpg,dog
Dog/4451.jpg,dog
Dog/4452.jpg,dog
Dog/4453.jpg,dog
Dog/4455.jpg,dog
Dog/4457.jpg,dog
Dog/4458.jpg,dog
Dog/4459.jpg,dog
Dog/446.jpg,dog
Dog/4460.jpg,dog
Dog/4461.jpg,dog
Dog/4462.jpg,dog
Dog/4463.jpg,dog
Dog/4464.jpg,dog
Dog/4466.jpg,dog
Dog/4467.jpg,dog
Dog/4468.jpg,dog
Dog/4469.jpg,dog
Dog/4470.jpg,dog
Dog/4471.jpg,dog
Dog/4472.jpg,dog
Dog/4473.jpg,dog
Dog/4474.jpg,dog
Dog/4475.jpg,dog
Dog/4476.jpg,dog
Dog/4477.jpg,dog
Dog/4478.jpg,dog
Dog/4479.jpg,dog
Dog/4480.jpg,dog
Dog/4481.jpg,dog
Dog/4482.jpg,dog
Dog/4483.jpg,dog
Dog/4484.jpg,dog
Dog/4485.jpg,dog
Dog/4487.jpg,dog
Dog/4488.jpg,dog
Dog/4489.jpg,dog
Dog/449.jpg,dog
Dog/4490.jpg,dog
Dog/4492.jpg,dog
Dog/4493.jpg,dog
Dog/4496.jpg,dog
Dog/4498.jpg,dog
Dog/4499.jpg,dog
Dog/4500.jpg,dog
Dog/4501.jpg,dog
Dog/4502.jpg,dog
Dog/4505.jpg,dog
Dog/4506.jpg,dog
Dog/4507.jpg,dog
Dog/4508.jpg,dog
Dog/4509.jpg,dog
Dog/451.jpg,dog
Dog/4510.jpg,dog
Dog/4511.jpg,dog
Dog/4512.jpg,dog
Dog/4514.jpg,dog
Dog/4515.jpg,dog
Dog/4517.jpg,dog
Dog/4518.jpg,dog
Dog/4519.jpg,dog
Dog/4520.jpg,dog
Dog/4521.jpg,dog
Dog/4522.jpg,dog
Dog/4523.jpg,dog
Dog/4524.jpg,dog
Dog/4525.jpg,dog
Dog/4526.jpg,dog
Dog/4527.jpg,dog
Dog/4528.jpg,dog
Dog/4530.jpg,dog
Dog/4531.jpg,dog
Dog/4532.jpg,dog
Dog/4533.jpg,dog
Dog/4534.jpg,dog
Dog/4535.jpg,dog
Dog/4536.jpg,dog
Dog/4537.jpg,dog
Dog/4539.jpg,dog
Dog/4540.jpg,dog
Dog/4541.jpg,dog
Dog/4542.jpg,dog
Dog/4543.jpg,dog
Dog/4544.jpg,dog
Dog/4545.jpg,dog
Dog/4546.jpg,dog
Dog/4547.jpg,dog
Dog/4548.jpg,dog
Dog/4549.jpg,dog
Dog/455.jpg,dog
Dog/4551.jpg,dog
Dog/4552.jpg,dog
Dog/4554.jpg,dog
Dog/4557.jpg,dog
Dog/4558.jpg,dog
Dog/4559.jpg,dog
Dog/456.jpg,dog
Dog/4562.jpg,dog
Dog/4563.jpg,dog
Dog/4564.jpg,dog
Dog/4565.jpg,dog
Dog/4566.jpg,dog
Dog/4567.jpg,dog
Dog/4568.jpg,dog
Dog/4569.jpg,dog
Dog/457.jpg,dog
Dog/4570.jpg,dog
Dog/4571.jpg,dog
Dog/4572.jpg,dog
Dog/4573.jpg,dog
Dog/4574.jpg,dog
Dog/4575.jpg,dog
Dog/4577.jpg,dog
Dog/4579.jpg,dog
Dog/458.jpg,dog
Dog/4580.jpg,dog
Dog/4581.jpg,dog
Dog/4582.jpg,dog
Dog/4583.jpg,dog
Dog/4586.jpg,dog
Dog/4588.jpg,dog
Dog/4589.jpg,dog
Dog/4591.jpg,dog
Dog/4593.jpg,dog
Dog/4595.jpg,dog
Dog/4597.jpg,dog
Dog/4599.jpg,dog
Dog/46.jpg,dog
Dog/460.jpg,dog
Dog/4600.jpg,dog
Dog/4601.jpg,dog
Dog/4602.jpg,dog
Dog/4603.jpg,dog
Dog/4604.jpg,dog
Dog/4606.jpg,dog
Dog/4607.jpg,dog
Dog/4608.jpg,dog
Dog/4609.jpg,dog
Dog/461.jpg,dog
Dog/4610.jpg,dog
Dog/4611.jpg,dog
Dog/4612.jpg,dog
Dog/4613.jpg,dog
Dog/4615.jpg,dog
Dog/4616.jpg,dog
Dog/4617.jpg,dog
Dog/4618.jpg,dog
Dog/4619.jpg,dog
Dog/4620.jpg,dog
Dog/4621.jpg,dog
Dog/4624.jpg,dog
Dog/4625.jpg,dog
Dog/4626.jpg,dog
Dog/4627.jpg,dog
Dog/4628.jpg,dog
Dog/4629.jpg,dog
Dog/463.jpg,dog
Dog/4630.jpg,dog
Dog/4631.jpg,dog
Dog/4632.jpg,dog
Dog/4633.jpg,dog
Dog/4634.jpg,dog
Dog/4637.jpg,dog
Dog/4638.jpg,dog
Dog/4639.jpg,dog
Dog/464.jpg,dog
Dog/4640.jpg,dog
Dog/4642.jpg,dog
Dog/4643.jpg,dog
Dog/4645.jpg,dog
Dog/4647.jpg,dog
Dog/4648.jpg,dog
Dog/465.jpg,dog
Dog/4650.jpg,dog
Dog/4651.jpg,dog
Dog/4652.jpg,dog
Dog/4653.jpg,dog
Dog/4657.jpg,dog
Dog/4658.jpg,dog
Dog/4659.jpg,dog
Dog/466.jpg,dog
Dog/4660.jpg,dog
Dog/4661.jpg,dog
Dog/4662.jpg,dog
Dog/4663.jpg,dog
Dog/4664.jpg,dog
Dog/4666.jpg,dog
Dog/4667.jpg,dog
Dog/4668.jpg,dog
Dog/4669.jpg,dog
Dog/467.jpg,dog
Dog/4670.jpg,dog
Dog/4671.jpg,dog
Dog/4672.jpg,dog
Dog/4673.jpg,dog
Dog/4674.jpg,dog
Dog/4675.jpg,dog
Dog/4676.jpg,dog
Dog/4677.jpg,dog
Dog/4678.jpg,dog
Dog/468.jpg,dog
Dog/4680.jpg,dog
Dog/4681.jpg,dog
Dog/4682.jpg,dog
Dog/4683.jpg,dog
Dog/4684.jpg,dog
Dog/4687.jpg,dog
Dog/4688.jpg,dog
Dog/4689.jpg,dog
Dog/469.jpg,dog
Dog/4691.jpg,dog
Dog/4693.jpg,dog
Dog/4695.jpg,dog
Dog/4696.jpg,dog
Dog/4697.jpg,dog
Dog/4699.jpg,dog
Dog/47.jpg,dog
Dog/470.jpg,dog
Dog/4700.jpg,dog
Dog/4701.jpg,dog
Dog/4702.jpg,dog
Dog/4703.jpg,dog
Dog/4704.jpg,dog
Dog/4705.jpg,dog
Dog/4707.jpg,dog
Dog/4709.jpg,dog
Dog/471.jpg,dog
Dog/4710.jpg,dog
Dog/4711.jpg,dog
Dog/4712.jpg,dog
Dog/4714.jpg,dog
Dog/4715.jpg,dog
Dog/4716.jpg,dog
Dog/4717.jpg,dog
Dog/4718.jpg,dog
Dog/4719.jpg,dog
Dog/472.jpg,dog
Dog/4720.jpg,dog
Dog/4723.jpg,dog
Dog/4725.jpg,dog
Dog/4726.jpg,dog
Dog/4727.jpg,dog
Dog/4728.jpg,dog
Dog/473.jpg,dog
Dog/4731.jpg,dog
Dog/4732.jpg,dog
Dog/4733.jpg,dog
Dog/4736.jpg,dog
Dog/4737.jpg,dog
Dog/4738.jpg,dog
Dog/4739.jpg,dog
Dog/474.jpg,dog
Dog/4740.jpg,dog
Dog/4741.jpg,dog
Dog/4742.jpg,dog
Dog/4745.jpg,dog
Dog/4746.jpg,dog
Dog/4747.jpg,dog
Dog/4748.jpg,dog
Dog/4749.jpg,dog
Dog/475.jpg,dog
Dog/4750.jpg,dog
Dog/4751.jpg,dog
Dog/4752.jpg,dog
Dog/4753.jpg,dog
Dog/4754.jpg,dog
Dog/4755.jpg,dog
Dog/4756.jpg,dog
Dog/4757.jpg,dog
Dog/4758.jpg,dog
Dog/4759.jpg,dog
Dog/476.jpg,dog
Dog/4760.jpg,dog
Dog/4761.jpg,dog
Dog/4762.jpg,dog
Dog/4763.jpg,dog
Dog/4764.jpg,dog
Dog/4765.jpg,dog
Dog/4767.jpg,dog
Dog/4768.jpg,dog
Dog/4769.jpg,dog
Dog/477.jpg,dog
Dog/4771.jpg,dog
Dog/4773.jpg,dog
Dog/4774.jpg,dog
Dog/4776.jpg,dog
Dog/4777.jpg,dog
Dog/4778.jpg,dog
Dog/478.jpg,dog
Dog/4780.jpg,dog
Dog/4781.jpg,dog
Dog/4782.jpg,dog
Dog/4783.jpg,dog
Dog/4784.jpg,dog
Dog/4785.jpg,dog
Dog/4786.jpg,dog
Dog/4787.jpg,dog
Dog/4788.jpg,dog
Dog/4789.jpg,dog
Dog/479.jpg,dog
Dog/4790.jpg,dog
Dog/4791.jpg,dog
Dog/4792.jpg,dog
Dog/4794.jpg,dog
Dog/4795.jpg,dog
Dog/4796.jpg,dog
Dog/4797.jpg,dog
Dog/4798.jpg,dog
Dog/4799.jpg,dog
Dog/480.jpg,dog
Dog/4800.jpg,dog
Dog/4801.jpg,dog
Dog/4802.jpg,dog
Dog/4803.jpg,dog
Dog/4804.jpg,dog
Dog/4805.jpg,dog
Dog/4806.jpg,dog
Dog/4807.jpg,dog
Dog/4808.jpg,dog
Dog/4809.jpg,dog
Dog/481.jpg,dog
Dog/4811.jpg,dog
Dog/4815.jpg,dog
Dog/4816.jpg,dog
Dog/4817.jpg,dog
Dog/4818.jpg,dog
Dog/4819.jpg,dog
Dog/482.jpg,dog
Dog/4820.jpg,dog
Dog/4821.jpg,dog
Dog/4822.jpg,dog
Dog/4823.jpg,dog
Dog/4824.jpg,dog
Dog/4825.jpg,dog
Dog/4826.jpg,dog
Dog/4827.jpg,dog
Dog/4828.jpg,dog
Dog/4829.jpg,dog
Dog/483.jpg,dog
Dog/4830.jpg,dog
Dog/4831.jpg,dog
Dog/4832.jpg,dog
Dog/4833.jpg,dog
Dog/4834.jpg,dog
Dog/4835.jpg,dog
Dog/4836.jpg,dog
Dog/4837.jpg,dog
Dog/4838.jpg,dog
Dog/4839.jpg,dog
Dog/484.jpg,dog
Dog/4842.jpg,dog
Dog/4844.jpg,dog
Dog/4845.jpg,dog
Dog/4846.jpg,dog
Dog/4847.jpg,dog
Dog/4848.jpg,dog
Dog/4849.jpg,dog
Dog/485.jpg,dog
Dog/4850.jpg,dog
Dog/4851.jpg,dog
Dog/4852.jpg,dog
Dog/4853.jpg,dog
Dog/4854.jpg,dog
Dog/4855.jpg,dog
Dog/4856.jpg,dog
Dog/4857.jpg,dog
Dog/4859.jpg,dog
Dog/486.jpg,dog
Dog/4860.jpg,dog
Dog/4861.jpg,dog
Dog/4863.jpg,dog
Dog/4864.jpg,dog
Dog/4866.jpg,dog
Dog/4867.jpg,dog
Dog/4868.jpg,dog
Dog/4869.jpg,dog
Dog/487.jpg,dog
Dog/4870.jpg,dog
Dog/4871.jpg,dog
Dog/4872.jpg,dog
Dog/4873.jpg,dog
Dog/4874.jpg,dog
Dog/4875.jpg,dog
Dog/4876.jpg,dog
Dog/4877.jpg,dog
Dog/4878.jpg,dog
Dog/4879.jpg,dog
Dog/488.jpg,dog
Dog/4880.jpg,dog
Dog/4881.jpg,dog
Dog/4882.jpg,dog
Dog/4884.jpg,dog
Dog/4885.jpg,dog
Dog/4887.jpg,dog
Dog/4888.jpg,dog
Dog/4889.jpg,dog
Dog/489.jpg,dog
Dog/4890.jpg,dog
Dog/4891.jpg,dog
Dog/4892.jpg,dog
Dog/4893.jpg,dog
Dog/4894.jpg,dog
Dog/4895.jpg,dog
Dog/4896.jpg,dog
Dog/4897.jpg,dog
Dog/4898.jpg,dog
Dog/4899.jpg,dog
Dog/49.jpg,dog
Dog/490.jpg,dog
Dog/4901.jpg,dog
Dog/4902.jpg,dog
Dog/4903.jpg,dog
Dog/4904.jpg,dog
Dog/4905.jpg,dog
Dog/4906.jpg,dog
Dog/4907.jpg,dog
Dog/4909.jpg,dog
Dog/491.jpg,dog
Dog/4910.jpg,dog
Dog/4913.jpg,dog
Dog/4914.jpg,dog
Dog/4915.jpg,dog
Dog/4916.jpg,dog
Dog/4917.jpg,dog
Dog/4918.jpg,dog
Dog/4919.jpg,dog
Dog/492.jpg,dog
Dog/4920.jpg,dog
Dog/4921.jpg,dog
Dog/4923.jpg,dog
Dog/4924.jpg,dog
Dog/4925.jpg,dog
Dog/4926.jpg,dog
Dog/4927.jpg,dog
Dog/4928.jpg,dog
Dog/4929.jpg,dog
Dog/493.jpg,dog
Dog/4932.jpg,dog
Dog/4933.jpg,dog
Dog/4934.jpg,dog
Dog/4935.jpg,dog
Dog/4936.jpg,dog
Dog/4937.jpg,dog
Dog/4938.jpg,dog
Dog/4940.jpg,dog
Dog/4941.jpg,dog
Dog/4944.jpg,dog
Dog/4945.jpg,dog
Dog/4946.jpg,dog
Dog/4949.jpg,dog
Dog/495.jpg,dog
Dog/4951.jpg,dog
Dog/4952.jpg,dog
Dog/4954.jpg,dog
Dog/4955.jpg,dog
Dog/4956.jpg,dog
Dog/4957.jpg,dog
Dog/4960.jpg,dog
Dog/4961.jpg,dog
Dog/4962.jpg,dog
Dog/4963.jpg,dog
Dog/4964.jpg,dog
Dog/4965.jpg,dog
Dog/4966.jpg,dog
Dog/4968.jpg,dog
Dog/4969.jpg,dog
Dog/497.jpg,dog
Dog/4970.jpg,dog
Dog/4971.jpg,dog
Dog/4972.jpg,dog
Dog/4973.jpg,dog
Dog/4975.jpg,dog
Dog/4976.jpg,dog
Dog/4978.jpg,dog
Dog/4979.jpg,dog
Dog/498.jpg,dog
Dog/4980.jpg,dog
Dog/4981.jpg,dog
Dog/4982.jpg,dog
Dog/4984.jpg,dog
Dog/4985.jpg,dog
Dog/4987.jpg,dog
Dog/4988.jpg,dog
Dog/4989.jpg,dog
Dog/4990.jpg,dog
Dog/4992.jpg,dog
Dog/4994.jpg,dog
Dog/4995.jpg,dog
Dog/4996.jpg,dog
Dog/4997.jpg,dog
Dog/4998.jpg,dog
Dog/4999.jpg,dog
Dog/5.jpg,dog
Dog/50.jpg,dog
Dog/5000.jpg,dog
Dog/5001.jpg,dog
Dog/5002.jpg,dog
Dog/5003.jpg,dog
Dog/5004.jpg,dog
Dog/5005.jpg,dog
Dog/5006.jpg,dog
Dog/5008.jpg,dog
Dog/501.jpg,dog
Dog/5010.jpg,dog
Dog/5011.jpg,dog
Dog/5012.jpg,dog
Dog/5013.jpg,dog
Dog/5014.jpg,dog
Dog/5015.jpg,dog
Dog/5016.jpg,dog
Dog/5018.jpg,dog
Dog/5019.jpg,dog
Dog/5020.jpg,dog
Dog/5021.jpg,dog
Dog/5022.jpg,dog
Dog/5023.jpg,dog
Dog/5024.jpg,dog
Dog/5025.jpg,dog
Dog/5026.jpg,dog
Dog/5027.jpg,dog
Dog/5028.jpg,dog
Dog/5029.jpg,dog
Dog/503.jpg,dog
Dog/5030.jpg,dog
Dog/5031.jpg,dog
Dog/5032.jpg,dog
Dog/5034.jpg,dog
Dog/5035.jpg,dog
Dog/5037.jpg,dog
Dog/504.jpg,dog
Dog/5041.jpg,dog
Dog/5043.jpg,dog
Dog/5044.jpg,dog
Dog/5046.jpg,dog
Dog/5047.jpg,dog
Dog/5048.jpg,dog
Dog/505.jpg,dog
Dog/5050.jpg,dog
Dog/5051.jpg,dog
Dog/5052.jpg,dog
Dog/5055.jpg,dog
Dog/5056.jpg,dog
Dog/5057.jpg,dog
Dog/5058.jpg,dog
Dog/5059.jpg,dog
Dog/5060.jpg,dog
Dog/5061.jpg,dog
Dog/5062.jpg,dog
Dog/5063.jpg,dog
Dog/5064.jpg,dog
Dog/5065.jpg,dog
Dog/5066.jpg,dog
Dog/5067.jpg,dog
Dog/5068.jpg,dog
Dog/5069.jpg,dog
Dog/5070.jpg,dog
Dog/5071.jpg,dog
Dog/5072.jpg,dog
Dog/5073.jpg,dog
Dog/5074.jpg,dog
Dog/5075.jpg,dog
Dog/5076.jpg,dog
Dog/5077.jpg,dog
Dog/5078.jpg,dog
Dog/5079.jpg,dog
Dog/508.jpg,dog
Dog/5080.jpg,dog
Dog/5081.jpg,dog
Dog/5082.jpg,dog
Dog/5083.jpg,dog
Dog/5085.jpg,dog
Dog/5086.jpg,dog
Dog/5087.jpg,dog
Dog/5088.jpg,dog
Dog/5089.jpg,dog
Dog/509.jpg,dog
Dog/5090.jpg,dog
Dog/5091.jpg,dog
Dog/5092.jpg,dog
Dog/5093.jpg,dog
Dog/5095.jpg,dog
Dog/5096.jpg,dog
Dog/5098.jpg,dog
Dog/5099.jpg,dog
Dog/51.jpg,dog
Dog/510.jpg,dog
Dog/5101.jpg,dog
Dog/5102.jpg,dog
Dog/5103.jpg,dog
Dog/5104.jpg,dog
Dog/5105.jpg,dog
Dog/5106.jpg,dog
Dog/5107.jpg,dog
Dog/5108.jpg,dog
Dog/5109.jpg,dog
Dog/511.jpg,dog
Dog/5110.jpg,dog
Dog/5111.jpg,dog
Dog/5114.jpg,dog
Dog/5115.jpg,dog
Dog/5116.jpg,dog
Dog/5117.jpg,dog
Dog/5118.jpg,dog
Dog/5119.jpg,dog
Dog/512.jpg,dog
Dog/5121.jpg,dog
Dog/5122.jpg,dog
Dog/5123.jpg,dog
Dog/5124.jpg,dog
Dog/5125.jpg,dog
Dog/5126.jpg,dog
Dog/5128.jpg,dog
Dog/5129.jpg,dog
Dog/5131.jpg,dog
Dog/5132.jpg,dog
Dog/5134.jpg,dog
Dog/5135.jpg,dog
Dog/5136.jpg,dog
Dog/5137.jpg,dog
Dog/5138.jpg,dog
Dog/5139.jpg,dog
Dog/514.jpg,dog
Dog/5140.jpg,dog
Dog/5141.jpg,dog
Dog/5142.jpg,dog
Dog/5143.jpg,dog
Dog/5144.jpg,dog
Dog/5145.jpg,dog
Dog/5146.jpg,dog
Dog/5148.jpg,dog
Dog/5149.jpg,dog
Dog/515.jpg,dog
Dog/5150.jpg,dog
Dog/5152.jpg,dog
Dog/5153.jpg,dog
Dog/5154.jpg,dog
Dog/5156.jpg,dog
Dog/5157.jpg,dog
Dog/5158.jpg,dog
Dog/5159.jpg,dog
Dog/516.jpg,dog
Dog/5161.jpg,dog
Dog/5163.jpg,dog
Dog/5164.jpg,dog
Dog/5165.jpg,dog
Dog/5167.jpg,dog
Dog/5168.jpg,dog
Dog/5169.jpg,dog
Dog/517.jpg,dog
Dog/5170.jpg,dog
Dog/5171.jpg,dog
Dog/5172.jpg,dog
Dog/5173.jpg,dog
Dog/5174.jpg,dog
Dog/5175.jpg,dog
Dog/5176.jpg,dog
Dog/5178.jpg,dog
Dog/5179.jpg,dog
Dog/5180.jpg,dog
Dog/5181.jpg,dog
Dog/5182.jpg,dog
Dog/5184.jpg,dog
Dog/5186.jpg,dog
Dog/5187.jpg,dog
Dog/5188.jpg,dog
Dog/5189.jpg,dog
Dog/519.jpg,dog
Dog/5190.jpg,dog
Dog/5191.jpg,dog
Dog/5192.jpg,dog
Dog/5194.jpg,dog
Dog/5196.jpg,dog
Dog/5198.jpg,dog
Dog/5199.jpg,dog
Dog/52.jpg,dog
Dog/520.jpg,dog
Dog/5200.jpg,dog
Dog/5201.jpg,dog
Dog/5202.jpg,dog
Dog/5203.jpg,dog
Dog/5205.jpg,dog
Dog/5206.jpg,dog
Dog/5207.jpg,dog
Dog/5209.jpg,dog
Dog/521.jpg,dog
Dog/5210.jpg,dog
Dog/5211.jpg,dog
Dog/5212.jpg,dog
Dog/5213.jpg,dog
Dog/5214.jpg,dog
Dog/5215.jpg,dog
Dog/5217.jpg,dog
Dog/5218.jpg,dog
Dog/5219.jpg,dog
Dog/522.jpg,dog
Dog/5220.jpg,dog
Dog/5221.jpg,dog
Dog/5223.jpg,dog
Dog/5224.jpg,dog
Dog/5225.jpg,dog
Dog/5228.jpg,dog
Dog/5229.jpg,dog
Dog/523.jpg,dog
Dog/5231.jpg,dog
Dog/5232.jpg,dog
Dog/5233.jpg,dog
Dog/5236.jpg,dog
Dog/5238.jpg,dog
Dog/524.jpg,dog
Dog/5240.jpg,dog
Dog/5241.jpg,dog
Dog/5242.jpg,dog
Dog/5243.jpg,dog
Dog/5244.jpg,dog
Dog/5247.jpg,dog
Dog/5248.jpg,dog
Dog/5249.jpg,dog
Dog/525.jpg,dog
Dog/5250.jpg,dog
Dog/5251.jpg,dog
Dog/5252.jpg,dog
Dog/5253.jpg,dog
Dog/5255.jpg,dog
Dog/5258.jpg,dog
Dog/526.jpg,dog
Dog/5260.jpg,dog
Dog/5262.jpg,dog
Dog/5263.jpg,dog
Dog/5264.jpg,dog
Dog/5265.jpg,dog
Dog/5266.jpg,dog
Dog/5267.jpg,dog
Dog/5268.jpg,dog
Dog/5269.jpg,dog
Dog/5270.jpg,dog
Dog/5271.jpg,dog
Dog/5272.jpg,dog
Dog/5273.jpg,dog
Dog/5274.jpg,dog
Dog/5275.jpg,dog
Dog/5277.jpg,dog
Dog/5278.jpg,dog
Dog/5279.jpg,dog
Dog/5280.jpg,dog
Dog/5281.jpg,dog
Dog/5282.jpg,dog
Dog/5283.jpg,dog
Dog/5284.jpg,dog
Dog/5285.jpg,dog
Dog/5286.jpg,dog
Dog/5287.jpg,dog
Dog/5289.jpg,dog
Dog/529.jpg,dog
Dog/5290.jpg,dog
Dog/5291.jpg,dog
Dog/5292.jpg,dog
Dog/5293.jpg,dog
Dog/5294.jpg,dog
Dog/5295.jpg,dog
Dog/5297.jpg,dog
Dog/5298.jpg,dog
Dog/5299.jpg,dog
Dog/53.jpg,dog
Dog/530.jpg,dog
Dog/5300.jpg,dog
Dog/5301.jpg,dog
Dog/5302.jpg,dog
Dog/5303.jpg,dog
Dog/5304.jpg,dog
Dog/5305.jpg,dog
Dog/5306.jpg,dog
Dog/5307.jpg,dog
Dog/5308.jpg,dog
Dog/5309.jpg,dog
Dog/5312.jpg,dog
Dog/5314.jpg,dog
Dog/5315.jpg,dog
Dog/5318.jpg,dog
Dog/5319.jpg,dog
Dog/532.jpg,dog
Dog/5320.jpg,dog
Dog/5321.jpg,dog
Dog/5322.jpg,dog
Dog/5323.jpg,dog
Dog/5326.jpg,dog
Dog/5327.jpg,dog
Dog/5328.jpg,dog
Dog/5329.jpg,dog
Dog/5330.jpg,dog
Dog/5331.jpg,dog
Dog/5332.jpg,dog
Dog/5333.jpg,dog
Dog/5335.jpg,dog
Dog/5336.jpg,dog
Dog/534.jpg,dog
Dog/5340.jpg,dog
Dog/5341.jpg,dog
Dog/5342.jpg,dog
Dog/5343.jpg,dog
Dog/5344.jpg,dog
Dog/5346.jpg,dog
Dog/5348.jpg,dog
Dog/5349.jpg,dog
Dog/535.jpg,dog
Dog/5350.jpg,dog
Dog/5351.jpg,dog
Dog/5352.jpg,dog
Dog/5353.jpg,dog
Dog/5354.jpg,dog
Dog/5355.jpg,dog
Dog/5356.jpg,dog
Dog/5357.jpg,dog
Dog/5358.jpg,dog
Dog/5359.jpg,dog
Dog/536.jpg,dog
Dog/5360.jpg,dog
Dog/5361.jpg,dog
Dog/5362.jpg,dog
Dog/5364.jpg,dog
Dog/5365.jpg,dog
Dog/5366.jpg,dog
Dog/5368.jpg,dog
Dog/5369.jpg,dog
Dog/537.jpg,dog
Dog/5371.jpg,dog
Dog/5372.jpg,dog
Dog/5373.jpg,dog
Dog/5375.jpg,dog
Dog/5376.jpg,dog
Dog/5377.jpg,dog
Dog/5378.jpg,dog
Dog/538.jpg,dog
Dog/5380.jpg,dog
Dog/5381.jpg,dog
Dog/5383.jpg,dog
Dog/5384.jpg,dog
Dog/5385.jpg,dog
Dog/5386.jpg,dog
Dog/5387.jpg,dog
Dog/5388.jpg,dog
Dog/5389.jpg,dog
Dog/539.jpg,dog
Dog/5390.jpg,dog
Dog/5391.jpg,dog
Dog/5392.jpg,dog
Dog/5393.jpg,dog
Dog/5394.jpg,dog
Dog/5395.jpg,dog
Dog/5397.jpg,dog
Dog/5398.jpg,dog
Dog/5399.jpg,dog
Dog/54.jpg,dog
Dog/5401.jpg,dog
Dog/5402.jpg,dog
Dog/5403.jpg,dog
Dog/5404.jpg,dog
Dog/5405.jpg,dog
Dog/5406.jpg,dog
Dog/5407.jpg,dog
Dog/5408.jpg,dog
Dog/541.jpg,dog
Dog/5412.jpg,dog
Dog/5413.jpg,dog
Dog/5414.jpg,dog
Dog/5415.jpg,dog
Dog/5416.jpg,dog
Dog/5417.jpg,dog
Dog/542.jpg,dog
Dog/5422.jpg,dog
Dog/5423.jpg,dog
Dog/5424.jpg,dog
Dog/5426.jpg,dog
Dog/5427.jpg,dog
Dog/5429.jpg,dog
Dog/543.jpg,dog
Dog/5430.jpg,dog
Dog/5431.jpg,dog
Dog/5432.jpg,dog
Dog/5433.jpg,dog
Dog/5434.jpg,dog
Dog/5435.jpg,dog
Dog/5436.jpg,dog
Dog/5438.jpg,dog
Dog/5439.jpg,dog
Dog/544.jpg,dog
Dog/5440.jpg,dog
Dog/5441.jpg,dog
Dog/5443.jpg,dog
Dog/5444.jpg,dog
Dog/5445.jpg,dog
Dog/5448.jpg,dog
Dog/5449.jpg,dog
Dog/545.jpg,dog
Dog/5450.jpg,dog
Dog/5451.jpg,dog
Dog/5452.jpg,dog
Dog/5453.jpg,dog
Dog/5454.jpg,dog
Dog/5455.jpg,dog
Dog/5456.jpg,dog
Dog/5457.jpg,dog
Dog/5458.jpg,dog
Dog/5459.jpg,dog
Dog/5460.jpg,dog
Dog/5461.jpg,dog
Dog/5462.jpg,dog
Dog/5464.jpg,dog
Dog/5465.jpg,dog
Dog/5467.jpg,dog
Dog/5468.jpg,dog
Dog/5469.jpg,dog
Dog/547.jpg,dog
Dog/5473.jpg,dog
Dog/5474.jpg,dog
Dog/5475.jpg,dog
Dog/5476.jpg,dog
Dog/5477.jpg,dog
Dog/5478.jpg,dog
Dog/5479.jpg,dog
Dog/5480.jpg,dog
Dog/5482.jpg,dog
Dog/5486.jpg,dog
Dog/5487.jpg,dog
Dog/5488.jpg,dog
Dog/5489.jpg,dog
Dog/549.jpg,dog
Dog/5490.jpg,dog
Dog/5491.jpg,dog
Dog/5492.jpg,dog
Dog/5493.jpg,dog
Dog/5494.jpg,dog
Dog/5495.jpg,dog
Dog/5496.jpg,dog
Dog/5497.jpg,dog
Dog/5498.jpg,dog
Dog/5499.jpg,dog
Dog/55.jpg,dog
Dog/550.jpg,dog
Dog/5500.jpg,dog
Dog/5501.jpg,dog
Dog/5502.jpg,dog
Dog/5503.jpg,dog
Dog/5504.jpg,dog
Dog/5505.jpg,dog
Dog/5506.jpg,dog
Dog/5507.jpg,dog
Dog/5508.jpg,dog
Dog/5509.jpg,dog
Dog/551.jpg,dog
Dog/5510.jpg,dog
Dog/5511.jpg,dog
Dog/5512.jpg,dog
Dog/5513.jpg,dog
Dog/5514.jpg,dog
Dog/5515.jpg,dog
Dog/5516.jpg,dog
Dog/5517.jpg,dog
Dog/5518.jpg,dog
Dog/5519.jpg,dog
Dog/552.jpg,dog
Dog/5520.jpg,dog
Dog/5522.jpg,dog
Dog/5523.jpg,dog
Dog/5524.jpg,dog
Dog/5525.jpg,dog
Dog/5526.jpg,dog
Dog/5527.jpg,dog
Dog/5528.jpg,dog
Dog/5529.jpg,dog
Dog/553.jpg,dog
Dog/5531.jpg,dog
Dog/5532.jpg,dog
Dog/5533.jpg,dog
Dog/5534.jpg,dog
Dog/5535.jpg,dog
Dog/5536.jpg,dog
Dog/5538.jpg,dog
Dog/5539.jpg,dog
Dog/554.jpg,dog
Dog/5540.jpg,dog
Dog/5541.jpg,dog
Dog/5542.jpg,dog
Dog/5543.jpg,dog
Dog/5544.jpg,dog
Dog/5545.jpg,dog
Dog/5546.jpg,dog
Dog/5547.jpg,dog
Dog/5548.jpg,dog
Dog/5549.jpg,dog
Dog/555.jpg,dog
Dog/5550.jpg,dog
Dog/5552.jpg,dog
Dog/5553.jpg,dog
Dog/5554.jpg,dog
Dog/5555.jpg,dog
Dog/5556.jpg,dog
Dog/5557.jpg,dog
Dog/5558.jpg,dog
Dog/5559.jpg,dog
Dog/556.jpg,dog
Dog/5560.jpg,dog
Dog/5561.jpg,dog
Dog/5562.jpg,dog
Dog/5563.jpg,dog
Dog/5564.jpg,dog
Dog/5566.jpg,dog
Dog/5568.jpg,dog
Dog/557.jpg,dog
Dog/5570.jpg,dog
Dog/5571.jpg,dog
Dog/5572.jpg,dog
Dog/5573.jpg,dog
Dog/5574.jpg,dog
Dog/5576.jpg,dog
Dog/5577.jpg,dog
Dog/5578.jpg,dog
Dog/558.jpg,dog
Dog/5580.jpg,dog
Dog/5581.jpg,dog
Dog/5582.jpg,dog
Dog/5583.jpg,dog
Dog/5585.jpg,dog
Dog/5587.jpg,dog
Dog/5588.jpg,dog
Dog/5589.jpg,dog
Dog/559.jpg,dog
Dog/5590.jpg,dog
Dog/5592.jpg,dog
Dog/5593.jpg,dog
Dog/5595.jpg,dog
Dog/5596.jpg,dog
Dog/5597.jpg,dog
Dog/5598.jpg,dog
Dog/56.jpg,dog
Dog/560.jpg,dog
Dog/5600.jpg,dog
Dog/5601.jpg,dog
Dog/5602.jpg,dog
Dog/5603.jpg,dog
Dog/5605.jpg,dog
Dog/5606.jpg,dog
Dog/5607.jpg,dog
Dog/5608.jpg,dog
Dog/5609.jpg,dog
Dog/561.jpg,dog
Dog/5611.jpg,dog
Dog/5612.jpg,dog
Dog/5613.jpg,dog
Dog/5614.jpg,dog
Dog/5616.jpg,dog
Dog/5618.jpg,dog
Dog/5619.jpg,dog
Dog/562.jpg,dog
Dog/5621.jpg,dog
Dog/5622.jpg,dog
Dog/5624.jpg,dog
Dog/5625.jpg,dog
Dog/5626.jpg,dog
Dog/5627.jpg,dog
Dog/5628.jpg,dog
Dog/5629.jpg,dog
Dog/563.jpg,dog
Dog/5630.jpg,dog
Dog/5631.jpg,dog
Dog/5632.jpg,dog
Dog/5633.jpg,dog
Dog/5635.jpg,dog
Dog/5636.jpg,dog
Dog/5638.jpg,dog
Dog/5639.jpg,dog
Dog/564.jpg,dog
Dog/5640.jpg,dog
Dog/5642.jpg,dog
Dog/5644.jpg,dog
Dog/5646.jpg,dog
Dog/5647.jpg,dog
Dog/5648.jpg,dog
Dog/5649.jpg,dog
Dog/565.jpg,dog
Dog/5650.jpg,dog
Dog/5651.jpg,dog
Dog/5652.jpg,dog
Dog/5653.jpg,dog
Dog/5655.jpg,dog
Dog/5657.jpg,dog
Dog/5658.jpg,dog
Dog/5659.jpg,dog
Dog/566.jpg,dog
Dog/5661.jpg,dog
Dog/5662.jpg,dog
Dog/5663.jpg,dog
Dog/5664.jpg,dog
Dog/5665.jpg,dog
Dog/5666.jpg,dog
Dog/5668.jpg,dog
Dog/567.jpg,dog
Dog/5670.jpg,dog
Dog/5671.jpg,dog
Dog/5673.jpg,dog
Dog/5674.jpg,dog
Dog/5675.jpg,dog
Dog/5676.jpg,dog
Dog/5677.jpg,dog
Dog/5678.jpg,dog
Dog/5679.jpg,dog
Dog/5681.jpg,dog
Dog/5682.jpg,dog
Dog/5683.jpg,dog
Dog/5686.jpg,dog
Dog/5687.jpg,dog
Dog/5690.jpg,dog
Dog/5691.jpg,dog
Dog/5692.jpg,dog
Dog/5693.jpg,dog
Dog/5694.jpg,dog
Dog/5695.jpg,dog
Dog/5696.jpg,dog
Dog/5697.jpg,dog
Dog/5698.jpg,dog
Dog/5699.jpg,dog
Dog/57.jpg,dog
Dog/570.jpg,dog
Dog/5701.jpg,dog
Dog/5702.jpg,dog
Dog/5703.jpg,dog
Dog/5705.jpg,dog
Dog/5706.jpg,dog
Dog/5707.jpg,dog
Dog/5708.jpg,dog
Dog/5709.jpg,dog
Dog/571.jpg,dog
Dog/5711.jpg,dog
Dog/5712.jpg,dog
Dog/5713.jpg,dog
Dog/5714.jpg,dog
Dog/5715.jpg,dog
Dog/5716.jpg,dog
Dog/5717.jpg,dog
Dog/5718.jpg,dog
Dog/5719.jpg,dog
Dog/572.jpg,dog
Dog/5720.jpg,dog
Dog/5721.jpg,dog
Dog/5722.jpg,dog
Dog/5724.jpg,dog
Dog/5726.jpg,dog
Dog/5727.jpg,dog
Dog/5728.jpg,dog
Dog/5729.jpg,dog
Dog/573.jpg,dog
Dog/5730.jpg,dog
Dog/5732.jpg,dog
Dog/5733.jpg,dog
Dog/5734.jpg,dog
Dog/5735.jpg,dog
Dog/5736.jpg,dog
Dog/5737.jpg,dog
Dog/5738.jpg,dog
Dog/5739.jpg,dog
Dog/574.jpg,dog
Dog/5740.jpg,dog
Dog/5741.jpg,dog
Dog/5742.jpg,dog
Dog/5744.jpg,dog
Dog/5745.jpg,dog
Dog/5746.jpg,dog
Dog/5747.jpg,dog
Dog/5748.jpg,dog
Dog/5749.jpg,dog
Dog/575.jpg,dog
Dog/5751.jpg,dog
Dog/5752.jpg,dog
Dog/5753.jpg,dog
Dog/5754.jpg,dog
Dog/5756.jpg,dog
Dog/5757.jpg,dog
Dog/5758.jpg,dog
Dog/576.jpg,dog
Dog/5760.jpg,dog
Dog/5761.jpg,dog
Dog/5762.jpg,dog
Dog/5764.jpg,dog
Dog/5767.jpg,dog
Dog/5768.jpg,dog
Dog/5769.jpg,dog
Dog/577.jpg,dog
Dog/5770.jpg,dog
Dog/5771.jpg,dog
Dog/5772.jpg,dog
Dog/5773.jpg,dog
Dog/5774.jpg,dog
Dog/5775.jpg,dog
Dog/5776.jpg,dog
Dog/5777.jpg,dog
Dog/5778.jpg,dog
Dog/5779.jpg,dog
Dog/578.jpg,dog
Dog/5780.jpg,dog
Dog/5782.jpg,dog
Dog/5783.jpg,dog
Dog/5784.jpg,dog
Dog/5785.jpg,dog
Dog/5786.jpg,dog
Dog/5787.jpg,dog
Dog/5788.jpg,dog
Dog/579.jpg,dog
Dog/5790.jpg,dog
Dog/5791.jpg,dog
Dog/5793.jpg,dog
Dog/5794.jpg,dog
Dog/5796.jpg,dog
Dog/5798.jpg,dog
Dog/5799.jpg,dog
Dog/58.jpg,dog
Dog/580.jpg,dog
Dog/5800.jpg,dog
Dog/5801.jpg,dog
Dog/5802.jpg,dog
Dog/5803.jpg,dog
Dog/5804.jpg,dog
Dog/5805.jpg,dog
Dog/5806.jpg,dog
Dog/5807.jpg,dog
Dog/5808.jpg,dog
Dog/5809.jpg,dog
Dog/581.jpg,dog
Dog/5810.jpg,dog
Dog/5811.jpg,dog
Dog/5812.jpg,dog
Dog/5813.jpg,dog
Dog/5814.jpg,dog
Dog/5815.jpg,dog
Dog/5816.jpg,dog
Dog/5818.jpg,dog
Dog/5819.jpg,dog
Dog/582.jpg,dog
Dog/5821.jpg,dog
Dog/5824.jpg,dog
Dog/5825.jpg,dog
Dog/5826.jpg,dog
Dog/5827.jpg,dog
Dog/5828.jpg,dog
Dog/5829.jpg,dog
Dog/583.jpg,dog
Dog/5830.jpg,dog
Dog/5831.jpg,dog
Dog/5832.jpg,dog
Dog/5833.jpg,dog
Dog/5835.jpg,dog
Dog/5836.jpg,dog
Dog/5837.jpg,dog
Dog/5838.jpg,dog
Dog/5839.jpg,dog
Dog/584.jpg,dog
Dog/5842.jpg,dog
Dog/5843.jpg,dog
Dog/5844.jpg,dog
Dog/5845.jpg,dog
Dog/5846.jpg,dog
Dog/5847.jpg,dog
Dog/5848.jpg,dog
Dog/585.jpg,dog
Dog/5850.jpg,dog
Dog/5851.jpg,dog
Dog/5852.jpg,dog
Dog/5853.jpg,dog
Dog/5854.jpg,dog
Dog/5855.jpg,dog
Dog/5856.jpg,dog
Dog/5857.jpg,dog
Dog/5859.jpg,dog
Dog/586.jpg,dog
Dog/5860.jpg,dog
Dog/5862.jpg,dog
Dog/5863.jpg,dog
Dog/5864.jpg,dog
Dog/5865.jpg,dog
Dog/5867.jpg,dog
Dog/587.jpg,dog
Dog/5871.jpg,dog
Dog/5872.jpg,dog
Dog/5873.jpg,dog
Dog/5874.jpg,dog
Dog/5876.jpg,dog
Dog/5877.jpg,dog
Dog/5878.jpg,dog
Dog/5879.jpg,dog
Dog/5880.jpg,dog
Dog/5881.jpg,dog
Dog/5882.jpg,dog
Dog/5883.jpg,dog
Dog/5884.jpg,dog
Dog/5886.jpg,dog
Dog/5887.jpg,dog
Dog/5888.jpg,dog
Dog/589.jpg,dog
Dog/5890.jpg,dog
Dog/5891.jpg,dog
Dog/5893.jpg,dog
Dog/5894.jpg,dog
Dog/5895.jpg,dog
Dog/5896.jpg,dog
Dog/5897.jpg,dog
Dog/5898.jpg,dog
Dog/59.jpg,dog
Dog/5903.jpg,dog
Dog/5905.jpg,dog
Dog/5906.jpg,dog
Dog/5908.jpg,dog
Dog/5909.jpg,dog
Dog/591.jpg,dog
Dog/5910.jpg,dog
Dog/5912.jpg,dog
Dog/5913.jpg,dog
Dog/5916.jpg,dog
Dog/5917.jpg,dog
Dog/5919.jpg,dog
Dog/592.jpg,dog
Dog/5920.jpg,dog
Dog/5921.jpg,dog
Dog/5923.jpg,dog
Dog/5924.jpg,dog
Dog/5925.jpg,dog
Dog/5926.jpg,dog
Dog/5927.jpg,dog
Dog/593.jpg,dog
Dog/5930.jpg,dog
Dog/5931.jpg,dog
Dog/5932.jpg,dog
Dog/5933.jpg,dog
Dog/5934.jpg,dog
Dog/5936.jpg,dog
Dog/5937.jpg,dog
Dog/5938.jpg,dog
Dog/5939.jpg,dog
Dog/594.jpg,dog
Dog/5940.jpg,dog
Dog/5941.jpg,dog
Dog/5942.jpg,dog
Dog/5943.jpg,dog
Dog/5944.jpg,dog
Dog/5945.jpg,dog
Dog/5946.jpg,dog
Dog/5948.jpg,dog
Dog/5949.jpg,dog
Dog/595.jpg,dog
Dog/5950.jpg,dog
Dog/5952.jpg,dog
Dog/5953.jpg,dog
Dog/5954.jpg,dog
Dog/5955.jpg,dog
Dog/5957.jpg,dog
Dog/5958.jpg,dog
Dog/5959.jpg,dog
Dog/596.jpg,dog
Dog/5960.jpg,dog
Dog/5961.jpg,dog
Dog/5962.jpg,dog
Dog/5963.jpg,dog
Dog/5965.jpg,dog
Dog/5966.jpg,dog
Dog/5967.jpg,dog
Dog/5968.jpg,dog
Dog/5969.jpg,dog
Dog/597.jpg,dog
Dog/5970.jpg,dog
Dog/5971.jpg,dog
Dog/5973.jpg,dog
Dog/5975.jpg,dog
Dog/5976.jpg,dog
Dog/5977.jpg,dog
Dog/5978.jpg,dog
Dog/5979.jpg,dog
Dog/598.jpg,dog
Dog/5980.jpg,dog
Dog/5983.jpg,dog
Dog/5986.jpg,dog
Dog/5987.jpg,dog
Dog/5988.jpg,dog
Dog/5989.jpg,dog
Dog/5990.jpg,dog
Dog/5992.jpg,dog
Dog/5993.jpg,dog
Dog/5995.jpg,dog
Dog/5996.jpg,dog
Dog/5997.jpg,dog
Dog/5998.jpg,dog
Dog/5999.jpg,dog
Dog/6.jpg,dog
Dog/600.jpg,dog
Dog/6000.jpg,dog
Dog/6001.jpg,dog
Dog/6002.jpg,dog
Dog/6003.jpg,dog
Dog/6004.jpg,dog
Dog/6005.jpg,dog
Dog/6006.jpg,dog
Dog/6007.jpg,dog
Dog/6008.jpg,dog
Dog/6009.jpg,dog
Dog/601.jpg,dog
Dog/6010.jpg,dog
Dog/6012.jpg,dog
Dog/6014.jpg,dog
Dog/6015.jpg,dog
Dog/6016.jpg,dog
Dog/6017.jpg,dog
Dog/6018.jpg,dog
Dog/6019.jpg,dog
Dog/602.jpg,dog
Dog/6020.jpg,dog
Dog/6021.jpg,dog
Dog/6022.jpg,dog
Dog/6023.jpg,dog
Dog/6024.jpg,dog
Dog/6025.jpg,dog
Dog/6026.jpg,dog
Dog/6027.jpg,dog
Dog/6028.jpg,dog
Dog/6029.jpg,dog
Dog/6031.jpg,dog
Dog/6032.jpg,dog
Dog/6034.jpg,dog
Dog/6035.jpg,dog
Dog/6036.jpg,dog
Dog/6037.jpg,dog
Dog/6039.jpg,dog
Dog/604.jpg,dog
Dog/6040.jpg,dog
Dog/6041.jpg,dog
Dog/6042.jpg,dog
Dog/6043.jpg,dog
Dog/6044.jpg,dog
Dog/6045.jpg,dog
Dog/6047.jpg,dog
Dog/6048.jpg,dog
Dog/6049.jpg,dog
Dog/605.jpg,dog
Dog/6050.jpg,dog
Dog/6051.jpg,dog
Dog/6052.jpg,dog
Dog/6053.jpg,dog
Dog/6055.jpg,dog
Dog/6056.jpg,dog
Dog/6057.jpg,dog
Dog/606.jpg,dog
Dog/6062.jpg,dog
Dog/6063.jpg,dog
Dog/6064.jpg,dog
Dog/6066.jpg,dog
Dog/6067.jpg,dog
Dog/6068.jpg,dog
Dog/6069.jpg,dog
Dog/607.jpg,dog
Dog/6070.jpg,dog
Dog/6071.jpg,dog
Dog/6072.jpg,dog
Dog/6073.jpg,dog
Dog/6074.jpg,dog
Dog/6076.jpg,dog
Dog/6077.jpg,dog
Dog/6078.jpg,dog
Dog/6079.jpg,dog
Dog/608.jpg,dog
Dog/6080.jpg,dog
Dog/6081.jpg,dog
Dog/6082.jpg,dog
Dog/6083.jpg,dog
Dog/6084.jpg,dog
Dog/6085.jpg,dog
Dog/6086.jpg,dog
Dog/6087.jpg,dog
Dog/6089.jpg,dog
Dog/609.jpg,dog
Dog/6090.jpg,dog
Dog/6092.jpg,dog
Dog/6093.jpg,dog
Dog/6094.jpg,dog
Dog/6095.jpg,dog
Dog/6096.jpg,dog
Dog/6097.jpg,dog
Dog/6098.jpg,dog
Dog/6099.jpg,dog
Dog/61.jpg,dog
Dog/610.jpg,dog
Dog/6100.jpg,dog
Dog/6101.jpg,dog
Dog/6103.jpg,dog
Dog/6104.jpg,dog
Dog/6105.jpg,dog
Dog/6106.jpg,dog
Dog/6108.jpg,dog
Dog/6109.jpg,dog
Dog/611.jpg,dog
Dog/6111.jpg,dog
Dog/6113.jpg,dog
Dog/6114.jpg,dog
Dog/6115.jpg,dog
Dog/6116.jpg,dog
Dog/6117.jpg,dog
Dog/6119.jpg,dog
Dog/612.jpg,dog
Dog/6120.jpg,dog
Dog/6121.jpg,dog
Dog/6123.jpg,dog
Dog/6125.jpg,dog
Dog/6126.jpg,dog
Dog/6127.jpg,dog
Dog/6128.jpg,dog
Dog/613.jpg,dog
Dog/6130.jpg,dog
Dog/6131.jpg,dog
Dog/6133.jpg,dog
Dog/6135.jpg,dog
Dog/6136.jpg,dog
Dog/6137.jpg,dog
Dog/6138.jpg,dog
Dog/6139.jpg,dog
Dog/6140.jpg,dog
Dog/6141.jpg,dog
Dog/6143.jpg,dog
Dog/6144.jpg,dog
Dog/6145.jpg,dog
Dog/6146.jpg,dog
Dog/6147.jpg,dog
Dog/6148.jpg,dog
Dog/6149.jpg,dog
Dog/615.jpg,dog
Dog/6150.jpg,dog
Dog/6151.jpg,dog
Dog/6152.jpg,dog
Dog/6153.jpg,dog
Dog/6154.jpg,dog
Dog/6155.jpg,dog
Dog/6156.jpg,dog
Dog/6157.jpg,dog
Dog/6160.jpg,dog
Dog/6161.jpg,dog
Dog/6162.jpg,dog
Dog/6164.jpg,dog
Dog/6165.jpg,dog
Dog/6167.jpg,dog
Dog/6168.jpg,dog
Dog/6169.jpg,dog
Dog/617.jpg,dog
Dog/6170.jpg,dog
Dog/6171.jpg,dog
Dog/6172.jpg,dog
Dog/6173.jpg,dog
Dog/6174.jpg,dog
Dog/6175.jpg,dog
Dog/6177.jpg,dog
Dog/6178.jpg,dog
Dog/618.jpg,dog
Dog/6180.jpg,dog
Dog/6181.jpg,dog
Dog/6183.jpg,dog
Dog/6185.jpg,dog
Dog/6189.jpg,dog
Dog/619.jpg,dog
Dog/6191.jpg,dog
Dog/6193.jpg,dog
Dog/6194.jpg,dog
Dog/6195.jpg,dog
Dog/6196.jpg,dog
Dog/6197.jpg,dog
Dog/6198.jpg,dog
Dog/62.jpg,dog
Dog/620.jpg,dog
Dog/6200.jpg,dog
Dog/6201.jpg,dog
Dog/6202.jpg,dog
Dog/6203.jpg,dog
Dog/6204.jpg,dog
Dog/6205.jpg,dog
Dog/6206.jpg,dog
Dog/6207.jpg,dog
Dog/6208.jpg,dog
Dog/6209.jpg,dog
Dog/6210.jpg,dog
Dog/6211.jpg,dog
Dog/6213.jpg,dog
Dog/6214.jpg,dog
Dog/6215.jpg,dog
Dog/6216.jpg,dog
Dog/6217.jpg,dog
Dog/6218.jpg,dog
Dog/622.jpg,dog
Dog/6220.jpg,dog
Dog/6221.jpg,dog
Dog/6222.jpg,dog
Dog/6223.jpg,dog
Dog/6224.jpg,dog
Dog/6225.jpg,dog
Dog/6226.jpg,dog
Dog/6227.jpg,dog
Dog/6228.jpg,dog
Dog/6229.jpg,dog
Dog/6230.jpg,dog
Dog/6231.jpg,dog
Dog/6233.jpg,dog
Dog/6234.jpg,dog
Dog/6236.jpg,dog
Dog/6237.jpg,dog
Dog/6239.jpg,dog
Dog/624.jpg,dog
Dog/6240.jpg,dog
Dog/6241.jpg,dog
Dog/6242.jpg,dog
Dog/6243.jpg,dog
Dog/6245.jpg,dog
Dog/6246.jpg,dog
Dog/6247.jpg,dog
Dog/6248.jpg,dog
Dog/6249.jpg,dog
Dog/625.jpg,dog
Dog/6251.jpg,dog
Dog/6252.jpg,dog
Dog/6253.jpg,dog
Dog/6254.jpg,dog
Dog/6255.jpg,dog
Dog/6257.jpg,dog
Dog/6258.jpg,dog
Dog/626.jpg,dog
Dog/6260.jpg,dog
Dog/6262.jpg,dog
Dog/6263.jpg,dog
Dog/6265.jpg,dog
Dog/6266.jpg,dog
Dog/6267.jpg,dog
Dog/6268.jpg,dog
Dog/6269.jpg,dog
Dog/627.jpg,dog
Dog/6272.jpg,dog
Dog/6273.jpg,dog
Dog/6274.jpg,dog
Dog/6275.jpg,dog
Dog/6276.jpg,dog
Dog/6277.jpg,dog
Dog/6278.jpg,dog
Dog/6279.jpg,dog
Dog/628.jpg,dog
Dog/6280.jpg,dog
Dog/6281.jpg,dog
Dog/6282.jpg,dog
Dog/6284.jpg,dog
Dog/6285.jpg,dog
Dog/6286.jpg,dog
Dog/6289.jpg,dog
Dog/629.jpg,dog
Dog/6291.jpg,dog
Dog/6292.jpg,dog
Dog/6293.jpg,dog
Dog/6294.jpg,dog
Dog/6295.jpg,dog
Dog/6296.jpg,dog
Dog/6298.jpg,dog
Dog/63.jpg,dog
Dog/630.jpg,dog
Dog/6300.jpg,dog
Dog/6301.jpg,dog
Dog/6303.jpg,dog
Dog/6304.jpg,dog
Dog/6305.jpg,dog
Dog/6306.jpg,dog
Dog/6307.jpg,dog
Dog/6308.jpg,dog
Dog/631.jpg,dog
Dog/6310.jpg,dog
Dog/6311.jpg,dog
Dog/6312.jpg,dog
Dog/6313.jpg,dog
Dog/6314.jpg,dog
Dog/6315.jpg,dog
Dog/6317.jpg,dog
Dog/6318.jpg,dog
Dog/632.jpg,dog
Dog/6320.jpg,dog
Dog/6321.jpg,dog
Dog/6322.jpg,dog
Dog/6323.jpg,dog
Dog/6324.jpg,dog
Dog/6326.jpg,dog
Dog/6327.jpg,dog
Dog/6328.jpg,dog
Dog/6329.jpg,dog
Dog/633.jpg,dog
Dog/6331.jpg,dog
Dog/6334.jpg,dog
Dog/6335.jpg,dog
Dog/6337.jpg,dog
Dog/6338.jpg,dog
Dog/6339.jpg,dog
Dog/6340.jpg,dog
Dog/6341.jpg,dog
Dog/6342.jpg,dog
Dog/6343.jpg,dog
Dog/6344.jpg,dog
Dog/6346.jpg,dog
Dog/6347.jpg,dog
Dog/6348.jpg,dog
Dog/6349.jpg,dog
Dog/635.jpg,dog
Dog/6350.jpg,dog
Dog/6352.jpg,dog
Dog/6353.jpg,dog
Dog/6355.jpg,dog
Dog/6356.jpg,dog
Dog/6357.jpg,dog
Dog/6358.jpg,dog
Dog/6359.jpg,dog
Dog/636.jpg,dog
Dog/6360.jpg,dog
Dog/6361.jpg,dog
Dog/6362.jpg,dog
Dog/6363.jpg,dog
Dog/6366.jpg,dog
Dog/6367.jpg,dog
Dog/6368.jpg,dog
Dog/6369.jpg,dog
Dog/637.jpg,dog
Dog/6371.jpg,dog
Dog/6372.jpg,dog
Dog/6373.jpg,dog
Dog/6374.jpg,dog
Dog/6376.jpg,dog
Dog/6377.jpg,dog
Dog/6378.jpg,dog
Dog/6379.jpg,dog
Dog/6380.jpg,dog
Dog/6381.jpg,dog
Dog/6382.jpg,dog
Dog/6383.jpg,dog
Dog/6385.jpg,dog
Dog/6386.jpg,dog
Dog/6388.jpg,dog
Dog/6389.jpg,dog
Dog/639.jpg,dog
Dog/6390.jpg,dog
Dog/6391.jpg,dog
Dog/6392.jpg,dog
Dog/6393.jpg,dog
Dog/6394.jpg,dog
Dog/6395.jpg,dog
Dog/6396.jpg,dog
Dog/6399.jpg,dog
Dog/64.jpg,dog
Dog/640.jpg,dog
Dog/6400.jpg,dog
Dog/6402.jpg,dog
Dog/6403.jpg,dog
Dog/6404.jpg,dog
Dog/6405.jpg,dog
Dog/6406.jpg,dog
Dog/6408.jpg,dog
Dog/6409.jpg,dog
Dog/641.jpg,dog
Dog/6410.jpg,dog
Dog/6411.jpg,dog
Dog/6412.jpg,dog
Dog/6414.jpg,dog
Dog/6415.jpg,dog
Dog/6416.jpg,dog
Dog/6417.jpg,dog
Dog/6418.jpg,dog
Dog/6419.jpg,dog
Dog/642.jpg,dog
Dog/6420.jpg,dog
Dog/6422.jpg,dog
Dog/6423.jpg,dog
Dog/6424.jpg,dog
Dog/6425.jpg,dog
Dog/6426.jpg,dog
Dog/6427.jpg,dog
Dog/6428.jpg,dog
Dog/6429.jpg,dog
Dog/6430.jpg,dog
Dog/6431.jpg,dog
Dog/6432.jpg,dog
Dog/6433.jpg,dog
Dog/6434.jpg,dog
Dog/6435.jpg,dog
Dog/6436.jpg,dog
Dog/6438.jpg,dog
Dog/6440.jpg,dog
Dog/6441.jpg,dog
Dog/6443.jpg,dog
Dog/6444.jpg,dog
Dog/6445.jpg,dog
Dog/6446.jpg,dog
Dog/6447.jpg,dog
Dog/6448.jpg,dog
Dog/6449.jpg,dog
Dog/645.jpg,dog
Dog/6450.jpg,dog
Dog/6451.jpg,dog
Dog/6452.jpg,dog
Dog/6453.jpg,dog
Dog/6454.jpg,dog
Dog/6457.jpg,dog
Dog/6459.jpg,dog
Dog/646.jpg,dog
Dog/6460.jpg,dog
Dog/6461.jpg,dog
Dog/6462.jpg,dog
Dog/6463.jpg,dog
Dog/6465.jpg,dog
Dog/6467.jpg,dog
Dog/6468.jpg,dog
Dog/647.jpg,dog
Dog/6470.jpg,dog
Dog/6472.jpg,dog
Dog/6473.jpg,dog
Dog/6474.jpg,dog
Dog/6475.jpg,dog
Dog/6476.jpg,dog
Dog/6477.jpg,dog
Dog/6478.jpg,dog
Dog/6479.jpg,dog
Dog/648.jpg,dog
Dog/6480.jpg,dog
Dog/6481.jpg,dog
Dog/6483.jpg,dog
Dog/6484.jpg,dog
Dog/6485.jpg,dog
Dog/6486.jpg,dog
Dog/6487.jpg,dog
Dog/6488.jpg,dog
Dog/6489.jpg,dog
Dog/649.jpg,dog
Dog/6491.jpg,dog
Dog/6493.jpg,dog
Dog/6494.jpg,dog
Dog/6495.jpg,dog
Dog/6496.jpg,dog
Dog/6497.jpg,dog
Dog/6498.jpg,dog
Dog/6499.jpg,dog
Dog/65.jpg,dog
Dog/6500.jpg,dog
Dog/6503.jpg,dog
Dog/6504.jpg,dog
Dog/6505.jpg,dog
Dog/6506.jpg,dog
Dog/6507.jpg,dog
Dog/6508.jpg,dog
Dog/6509.jpg,dog
Dog/651.jpg,dog
Dog/6510.jpg,dog
Dog/6511.jpg,dog
Dog/6512.jpg,dog
Dog/6514.jpg,dog
Dog/6515.jpg,dog
Dog/6516.jpg,dog
Dog/6517.jpg,dog
Dog/6518.jpg,dog
Dog/6519.jpg,dog
Dog/652.jpg,dog
Dog/6520.jpg,dog
Dog/6521.jpg,dog
Dog/6523.jpg,dog
Dog/6524.jpg,dog
Dog/6525.jpg,dog
Dog/6526.jpg,dog
Dog/6527.jpg,dog
Dog/6528.jpg,dog
Dog/6529.jpg,dog
Dog/6531.jpg,dog
Dog/6532.jpg,dog
Dog/6533.jpg,dog
Dog/6536.jpg,dog
Dog/6538.jpg,dog
Dog/6539.jpg,dog
Dog/654.jpg,dog
Dog/6540.jpg,dog
Dog/6541.jpg,dog
Dog/6542.jpg,dog
Dog/6543.jpg,dog
Dog/6544.jpg,dog
Dog/6545.jpg,dog
Dog/6546.jpg,dog
Dog/6547.jpg,dog
Dog/6548.jpg,dog
Dog/6549.jpg,dog
Dog/655.jpg,dog
Dog/6550.jpg,dog
Dog/6551.jpg,dog
Dog/6552.jpg,dog
Dog/6553.jpg,dog
Dog/6554.jpg,dog
Dog/6555.jpg,dog
Dog/6556.jpg,dog
Dog/6557.jpg,dog
Dog/6558.jpg,dog
Dog/6559.jpg,dog
Dog/656.jpg,dog
Dog/6560.jpg,dog
Dog/6561.jpg,dog
Dog/6564.jpg,dog
Dog/6565.jpg,dog
Dog/6566.jpg,dog
Dog/6567.jpg,dog
Dog/6568.jpg,dog
Dog/6569.jpg,dog
Dog/6570.jpg,dog
Dog/6571.jpg,dog
Dog/6572.jpg,dog
Dog/6574.jpg,dog
Dog/6575.jpg,dog
Dog/6576.jpg,dog
Dog/6577.jpg,dog
Dog/6578.jpg,dog
Dog/6579.jpg,dog
Dog/6580.jpg,dog
Dog/6583.jpg,dog
Dog/6584.jpg,dog
Dog/6586.jpg,dog
Dog/6587.jpg,dog
Dog/6589.jpg,dog
Dog/6590.jpg,dog
Dog/6591.jpg,dog
Dog/6592.jpg,dog
Dog/6594.jpg,dog
Dog/6595.jpg,dog
Dog/6597.jpg,dog
Dog/6598.jpg,dog
Dog/6599.jpg,dog
Dog/66.jpg,dog
Dog/6601.jpg,dog
Dog/6603.jpg,dog
Dog/6604.jpg,dog
Dog/6605.jpg,dog
Dog/6607.jpg,dog
Dog/6608.jpg,dog
Dog/661.jpg,dog
Dog/6611.jpg,dog
Dog/6613.jpg,dog
Dog/6615.jpg,dog
Dog/6616.jpg,dog
Dog/6617.jpg,dog
Dog/6618.jpg,dog
Dog/662.jpg,dog
Dog/6620.jpg,dog
Dog/6621.jpg,dog
Dog/6623.jpg,dog
Dog/6624.jpg,dog
Dog/6626.jpg,dog
Dog/6627.jpg,dog
Dog/6629.jpg,dog
Dog/663.jpg,dog
Dog/6630.jpg,dog
Dog/6631.jpg,dog
Dog/6632.jpg,dog
Dog/6633.jpg,dog
Dog/6634.jpg,dog
Dog/6635.jpg,dog
Dog/6637.jpg,dog
Dog/664.jpg,dog
Dog/6640.jpg,dog
Dog/6641.jpg,dog
Dog/6642.jpg,dog
Dog/6643.jpg,dog
Dog/6644.jpg,dog
Dog/6646.jpg,dog
Dog/6648.jpg,dog
Dog/6649.jpg,dog
Dog/665.jpg,dog
Dog/6651.jpg,dog
Dog/6652.jpg,dog
Dog/6653.jpg,dog
Dog/6654.jpg,dog
Dog/6655.jpg,dog
Dog/6656.jpg,dog
Dog/6657.jpg,dog
Dog/6658.jpg,dog
Dog/6659.jpg,dog
Dog/666.jpg,dog
Dog/6661.jpg,dog
Dog/6662.jpg,dog
Dog/6664.jpg,dog
Dog/6665.jpg,dog
Dog/6667.jpg,dog
Dog/6668.jpg,dog
Dog/6669.jpg,dog
Dog/6671.jpg,dog
Dog/6672.jpg,dog
Dog/6674.jpg,dog
Dog/6675.jpg,dog
Dog/6676.jpg,dog
Dog/6677.jpg,dog
Dog/6678.jpg,dog
Dog/6679.jpg,dog
Dog/6680.jpg,dog
Dog/6681.jpg,dog
Dog/6682.jpg,dog
Dog/6683.jpg,dog
Dog/6684.jpg,dog
Dog/6685.jpg,dog
Dog/6686.jpg,dog
Dog/6687.jpg,dog
Dog/6688.jpg,dog
Dog/669.jpg,dog
Dog/6690.jpg,dog
Dog/6691.jpg,dog
Dog/6692.jpg,dog
Dog/6694.jpg,dog
Dog/6695.jpg,dog
Dog/6696.jpg,dog
Dog/6698.jpg,dog
Dog/6699.jpg,dog
Dog/67.jpg,dog
Dog/670.jpg,dog
Dog/6701.jpg,dog
Dog/6703.jpg,dog
Dog/6705.jpg,dog
Dog/6707.jpg,dog
Dog/6708.jpg,dog
Dog/671.jpg,dog
Dog/6710.jpg,dog
Dog/6711.jpg,dog
Dog/6712.jpg,dog
Dog/6713.jpg,dog
Dog/6714.jpg,dog
Dog/6717.jpg,dog
Dog/6718.jpg,dog
Dog/672.jpg,dog
Dog/6720.jpg,dog
Dog/6721.jpg,dog
Dog/6722.jpg,dog
Dog/6723.jpg,dog
Dog/6724.jpg,dog
Dog/6725.jpg,dog
Dog/6726.jpg,dog
Dog/6727.jpg,dog
Dog/6728.jpg,dog
Dog/6729.jpg,dog
Dog/673.jpg,dog
Dog/6730.jpg,dog
Dog/6731.jpg,dog
Dog/6732.jpg,dog
Dog/6733.jpg,dog
Dog/6734.jpg,dog
Dog/6737.jpg,dog
Dog/6739.jpg,dog
Dog/6741.jpg,dog
Dog/6743.jpg,dog
Dog/6744.jpg,dog
Dog/6746.jpg,dog
Dog/6747.jpg,dog
Dog/6748.jpg,dog
Dog/6749.jpg,dog
Dog/675.jpg,dog
Dog/6750.jpg,dog
Dog/6754.jpg,dog
Dog/6756.jpg,dog
Dog/6757.jpg,dog
Dog/6759.jpg,dog
Dog/676.jpg,dog
Dog/6760.jpg,dog
Dog/6761.jpg,dog
Dog/6762.jpg,dog
Dog/6764.jpg,dog
Dog/6765.jpg,dog
Dog/6766.jpg,dog
Dog/6768.jpg,dog
Dog/6769.jpg,dog
Dog/677.jpg,dog
Dog/6771.jpg,dog
Dog/6773.jpg,dog
Dog/6774.jpg,dog
Dog/6775.jpg,dog
Dog/6776.jpg,dog
Dog/6777.jpg,dog
Dog/6778.jpg,dog
Dog/6779.jpg,dog
Dog/678.jpg,dog
Dog/6780.jpg,dog
Dog/6781.jpg,dog
Dog/6782.jpg,dog
Dog/6783.jpg,dog
Dog/6784.jpg,dog
Dog/6785.jpg,dog
Dog/6786.jpg,dog
Dog/6787.jpg,dog
Dog/6788.jpg,dog
Dog/6789.jpg,dog
Dog/679.jpg,dog
Dog/6791.jpg,dog
Dog/6792.jpg,dog
Dog/6793.jpg,dog
Dog/6794.jpg,dog
Dog/6795.jpg,dog
Dog/6796.jpg,dog
Dog/6797.jpg,dog
Dog/6799.jpg,dog
Dog/68.jpg,dog
Dog/680.jpg,dog
Dog/6800.jpg,dog
Dog/6801.jpg,dog
Dog/6802.jpg,dog
Dog/6803.jpg,dog
Dog/6804.jpg,dog
Dog/6805.jpg,dog
Dog/6806.jpg,dog
Dog/6807.jpg,dog
Dog/6809.jpg,dog
Dog/681.jpg,dog
Dog/6811.jpg,dog
Dog/6812.jpg,dog
Dog/6813.jpg,dog
Dog/6814.jpg,dog
Dog/6815.jpg,dog
Dog/6816.jpg,dog
Dog/6817.jpg,dog
Dog/6818.jpg,dog
Dog/6819.jpg,dog
Dog/682.jpg,dog
Dog/6820.jpg,dog
Dog/6821.jpg,dog
Dog/6822.jpg,dog
Dog/6823.jpg,dog
Dog/6824.jpg,dog
Dog/6825.jpg,dog
Dog/6826.jpg,dog
Dog/6827.jpg,dog
Dog/6828.jpg,dog
Dog/6829.jpg,dog
Dog/683.jpg,dog
Dog/6830.jpg,dog
Dog/6831.jpg,dog
Dog/6832.jpg,dog
Dog/6833.jpg,dog
Dog/6834.jpg,dog
Dog/6835.jpg,dog
Dog/6836.jpg,dog
Dog/6837.jpg,dog
Dog/6838.jpg,dog
Dog/6839.jpg,dog
Dog/684.jpg,dog
Dog/6840.jpg,dog
Dog/6841.jpg,dog
Dog/6842.jpg,dog
Dog/6844.jpg,dog
Dog/6845.jpg,dog
Dog/6846.jpg,dog
Dog/6847.jpg,dog
Dog/6849.jpg,dog
Dog/685.jpg,dog
Dog/6850.jpg,dog
Dog/6851.jpg,dog
Dog/6853.jpg,dog
Dog/6854.jpg,dog
Dog/6855.jpg,dog
Dog/6856.jpg,dog
Dog/6857.jpg,dog
Dog/6858.jpg,dog
Dog/6859.jpg,dog
Dog/686.jpg,dog
Dog/6860.jpg,dog
Dog/6862.jpg,dog
Dog/6863.jpg,dog
Dog/6865.jpg,dog
Dog/6866.jpg,dog
Dog/6869.jpg,dog
Dog/687.jpg,dog
Dog/6870.jpg,dog
Dog/6871.jpg,dog
Dog/6872.jpg,dog
Dog/6873.jpg,dog
Dog/6874.jpg,dog
Dog/6875.jpg,dog
Dog/6876.jpg,dog
Dog/6877.jpg,dog
Dog/6878.jpg,dog
Dog/6879.jpg,dog
Dog/688.jpg,dog
Dog/6880.jpg,dog
Dog/6881.jpg,dog
Dog/6882.jpg,dog
Dog/6883.jpg,dog
Dog/6884.jpg,dog
Dog/6885.jpg,dog
Dog/6886.jpg,dog
Dog/6887.jpg,dog
Dog/6889.jpg,dog
Dog/689.jpg,dog
Dog/6890.jpg,dog
Dog/6892.jpg,dog
Dog/6893.jpg,dog
Dog/6894.jpg,dog
Dog/6895.jpg,dog
Dog/6896.jpg,dog
Dog/6897.jpg,dog
Dog/6898.jpg,dog
Dog/69.jpg,dog
Dog/690.jpg,dog
Dog/6900.jpg,dog
Dog/6902.jpg,dog
Dog/6903.jpg,dog
Dog/6904.jpg,dog
Dog/6906.jpg,dog
Dog/6907.jpg,dog
Dog/6908.jpg,dog
Dog/6909.jpg,dog
Dog/6910.jpg,dog
Dog/6911.jpg,dog
Dog/6912.jpg,dog
Dog/6913.jpg,dog
Dog/6914.jpg,dog
Dog/6915.jpg,dog
Dog/6917.jpg,dog
Dog/6920.jpg,dog
Dog/6921.jpg,dog
Dog/6922.jpg,dog
Dog/6924.jpg,dog
Dog/6925.jpg,dog
Dog/6926.jpg,dog
Dog/6927.jpg,dog
Dog/6928.jpg,dog
Dog/6929.jpg,dog
Dog/693.jpg,dog
Dog/6930.jpg,dog
Dog/6931.jpg,dog
Dog/6932.jpg,dog
Dog/6933.jpg,dog
Dog/6934.jpg,dog
Dog/6935.jpg,dog
Dog/6936.jpg,dog
Dog/6938.jpg,dog
Dog/6939.jpg,dog
Dog/694.jpg,dog
Dog/6940.jpg,dog
Dog/6941.jpg,dog
Dog/6943.jpg,dog
Dog/6944.jpg,dog
Dog/6945.jpg,dog
Dog/6946.jpg,dog
Dog/6947.jpg,dog
Dog/6948.jpg,dog
Dog/6949.jpg,dog
Dog/695.jpg,dog
Dog/6950.jpg,dog
Dog/6951.jpg,dog
Dog/6952.jpg,dog
Dog/6954.jpg,dog
Dog/6955.jpg,dog
Dog/6956.jpg,dog
Dog/6957.jpg,dog
Dog/6958.jpg,dog
Dog/6961.jpg,dog
Dog/6962.jpg,dog
Dog/6963.jpg,dog
Dog/6964.jpg,dog
Dog/6965.jpg,dog
Dog/6966.jpg,dog
Dog/6967.jpg,dog
Dog/6968.jpg,dog
Dog/6969.jpg,dog
Dog/697.jpg,dog
Dog/6973.jpg,dog
Dog/6974.jpg,dog
Dog/6977.jpg,dog
Dog/6978.jpg,dog
Dog/6979.jpg,dog
Dog/698.jpg,dog
Dog/6980.jpg,dog
Dog/6981.jpg,dog
Dog/6983.jpg,dog
Dog/6984.jpg,dog
Dog/6985.jpg,dog
Dog/6986.jpg,dog
Dog/6987.jpg,dog
Dog/6988.jpg,dog
Dog/699.jpg,dog
Dog/6990.jpg,dog
Dog/6991.jpg,dog
Dog/6992.jpg,dog
Dog/6993.jpg,dog
Dog/6994.jpg,dog
Dog/6996.jpg,dog
Dog/6997.jpg,dog
Dog/6999.jpg,dog
Dog/7.jpg,dog
Dog/70.jpg,dog
Dog/700.jpg,dog
Dog/7000.jpg,dog
Dog/7001.jpg,dog
Dog/7002.jpg,dog
Dog/7003.jpg,dog
Dog/7004.jpg,dog
Dog/7005.jpg,dog
Dog/7007.jpg,dog
Dog/7008.jpg,dog
Dog/7009.jpg,dog
Dog/701.jpg,dog
Dog/7011.jpg,dog
Dog/7012.jpg,dog
Dog/7013.jpg,dog
Dog/7014.jpg,dog
Dog/7015.jpg,dog
Dog/7016.jpg,dog
Dog/7018.jpg,dog
Dog/7019.jpg,dog
Dog/702.jpg,dog
Dog/7022.jpg,dog
Dog/7024.jpg,dog
Dog/7025.jpg,dog
Dog/7028.jpg,dog
Dog/703.jpg,dog
Dog/7030.jpg,dog
Dog/7031.jpg,dog
Dog/7032.jpg,dog
Dog/7033.jpg,dog
Dog/7034.jpg,dog
Dog/7035.jpg,dog
Dog/7036.jpg,dog
Dog/7037.jpg,dog
Dog/7038.jpg,dog
Dog/7039.jpg,dog
Dog/7040.jpg,dog
Dog/7041.jpg,dog
Dog/7042.jpg,dog
Dog/7043.jpg,dog
Dog/7044.jpg,dog
Dog/7045.jpg,dog
Dog/7046.jpg,dog
Dog/7047.jpg,dog
Dog/7048.jpg,dog
Dog/7049.jpg,dog
Dog/705.jpg,dog
Dog/7050.jpg,dog
Dog/7051.jpg,dog
Dog/7052.jpg,dog
Dog/7053.jpg,dog
Dog/7054.jpg,dog
Dog/7055.jpg,dog
Dog/7056.jpg,dog
Dog/7058.jpg,dog
Dog/7059.jpg,dog
Dog/706.jpg,dog
Dog/7060.jpg,dog
Dog/7061.jpg,dog
Dog/7063.jpg,dog
Dog/7064.jpg,dog
Dog/7065.jpg,dog
Dog/7066.jpg,dog
Dog/7068.jpg,dog
Dog/7069.jpg,dog
Dog/707.jpg,dog
Dog/7070.jpg,dog
Dog/7072.jpg,dog
Dog/7074.jpg,dog
Dog/7076.jpg,dog
Dog/7078.jpg,dog
Dog/7079.jpg,dog
Dog/7080.jpg,dog
Dog/7081.jpg,dog
Dog/7084.jpg,dog
Dog/7085.jpg,dog
Dog/7086.jpg,dog
Dog/7087.jpg,dog
Dog/7088.jpg,dog
Dog/7089.jpg,dog
Dog/709.jpg,dog
Dog/7090.jpg,dog
Dog/7091.jpg,dog
Dog/7092.jpg,dog
Dog/7094.jpg,dog
Dog/7095.jpg,dog
Dog/7096.jpg,dog
Dog/7097.jpg,dog
Dog/7098.jpg,dog
Dog/7099.jpg,dog
Dog/71.jpg,dog
Dog/710.jpg,dog
Dog/7100.jpg,dog
Dog/7101.jpg,dog
Dog/7103.jpg,dog
Dog/7104.jpg,dog
Dog/7105.jpg,dog
Dog/7106.jpg,dog
Dog/7107.jpg,dog
Dog/711.jpg,dog
Dog/7110.jpg,dog
Dog/7111.jpg,dog
Dog/7112.jpg,dog
Dog/7113.jpg,dog
Dog/7114.jpg,dog
Dog/7115.jpg,dog
Dog/7116.jpg,dog
Dog/7117.jpg,dog
Dog/7118.jpg,dog
Dog/7119.jpg,dog
Dog/7120.jpg,dog
Dog/7122.jpg,dog
Dog/7123.jpg,dog
Dog/7124.jpg,dog
Dog/7125.jpg,dog
Dog/7127.jpg,dog
Dog/7128.jpg,dog
Dog/7129.jpg,dog
Dog/7130.jpg,dog
Dog/7131.jpg,dog
Dog/7132.jpg,dog
Dog/7133.jpg,dog
Dog/7134.jpg,dog
Dog/7136.jpg,dog
Dog/7137.jpg,dog
Dog/7138.jpg,dog
Dog/7139.jpg,dog
Dog/714.jpg,dog
Dog/7140.jpg,dog
Dog/7141.jpg,dog
Dog/7143.jpg,dog
Dog/7144.jpg,dog
Dog/7145.jpg,dog
Dog/7147.jpg,dog
Dog/7148.jpg,dog
Dog/715.jpg,dog
Dog/7150.jpg,dog
Dog/7151.jpg,dog
Dog/7152.jpg,dog
Dog/7153.jpg,dog
Dog/7156.jpg,dog
Dog/7157.jpg,dog
Dog/7158.jpg,dog
Dog/7160.jpg,dog
Dog/7161.jpg,dog
Dog/7162.jpg,dog
Dog/7163.jpg,dog
Dog/7164.jpg,dog
Dog/7165.jpg,dog
Dog/7166.jpg,dog
Dog/7167.jpg,dog
Dog/7169.jpg,dog
Dog/717.jpg,dog
Dog/7170.jpg,dog
Dog/7171.jpg,dog
Dog/7172.jpg,dog
Dog/7173.jpg,dog
Dog/7174.jpg,dog
Dog/7175.jpg,dog
Dog/7176.jpg,dog
Dog/7177.jpg,dog
Dog/7178.jpg,dog
Dog/7179.jpg,dog
Dog/718.jpg,dog
Dog/7180.jpg,dog
Dog/7181.jpg,dog
Dog/7182.jpg,dog
Dog/7183.jpg,dog
Dog/7186.jpg,dog
Dog/7187.jpg,dog
Dog/7188.jpg,dog
Dog/7189.jpg,dog
Dog/7190.jpg,dog
Dog/7191.jpg,dog
Dog/7192.jpg,dog
Dog/7193.jpg,dog
Dog/7196.jpg,dog
Dog/7197.jpg,dog
Dog/7198.jpg,dog
Dog/7199.jpg,dog
Dog/72.jpg,dog
Dog/720.jpg,dog
Dog/7200.jpg,dog
Dog/7201.jpg,dog
Dog/7202.jpg,dog
Dog/7203.jpg,dog
Dog/7204.jpg,dog
Dog/7205.jpg,dog
Dog/7206.jpg,dog
Dog/7209.jpg,dog
Dog/721.jpg,dog
Dog/7210.jpg,dog
Dog/7211.jpg,dog
Dog/7212.jpg,dog
Dog/7216.jpg,dog
Dog/7217.jpg,dog
Dog/7218.jpg,dog
Dog/722.jpg,dog
Dog/7220.jpg,dog
Dog/7221.jpg,dog
Dog/7222.jpg,dog
Dog/7223.jpg,dog
Dog/7224.jpg,dog
Dog/7226.jpg,dog
Dog/7228.jpg,dog
Dog/7229.jpg,dog
Dog/723.jpg,dog
Dog/7230.jpg,dog
Dog/7231.jpg,dog
Dog/7232.jpg,dog
Dog/7233.jpg,dog
Dog/7234.jpg,dog
Dog/7235.jpg,dog
Dog/7236.jpg,dog
Dog/7237.jpg,dog
Dog/7239.jpg,dog
Dog/724.jpg,dog
Dog/7240.jpg,dog
Dog/7241.jpg,dog
Dog/7242.jpg,dog
Dog/7243.jpg,dog
Dog/7244.jpg,dog
Dog/7245.jpg,dog
Dog/7246.jpg,dog
Dog/7249.jpg,dog
Dog/725.jpg,dog
Dog/7250.jpg,dog
Dog/7251.jpg,dog
Dog/7252.jpg,dog
Dog/7253.jpg,dog
Dog/7254.jpg,dog
Dog/7255.jpg,dog
Dog/7256.jpg,dog
Dog/7259.jpg,dog
Dog/726.jpg,dog
Dog/7260.jpg,dog
Dog/7261.jpg,dog
Dog/7262.jpg,dog
Dog/7263.jpg,dog
Dog/7264.jpg,dog
Dog/7265.jpg,dog
Dog/7266.jpg,dog
Dog/7267.jpg,dog
Dog/727.jpg,dog
Dog/7270.jpg,dog
Dog/7271.jpg,dog
Dog/7272.jpg,dog
Dog/7273.jpg,dog
Dog/7274.jpg,dog
Dog/7275.jpg,dog
Dog/7276.jpg,dog
Dog/7277.jpg,dog
Dog/7278.jpg,dog
Dog/728.jpg,dog
Dog/7280.jpg,dog
Dog/7282.jpg,dog
Dog/7283.jpg,dog
Dog/7286.jpg,dog
Dog/7287.jpg,dog
Dog/7288.jpg,dog
Dog/7289.jpg,dog
Dog/729.jpg,dog
Dog/7290.jpg,dog
Dog/7291.jpg,dog
Dog/7292.jpg,dog
Dog/7294.jpg,dog
Dog/7296.jpg,dog
Dog/7297.jpg,dog
Dog/7299.jpg,dog
Dog/73.jpg,dog
Dog/730.jpg,dog
Dog/7301.jpg,dog
Dog/7304.jpg,dog
Dog/7305.jpg,dog
Dog/7306.jpg,dog
Dog/7307.jpg,dog
Dog/7308.jpg,dog
Dog/7309.jpg,dog
Dog/731.jpg,dog
Dog/7310.jpg,dog
Dog/7312.jpg,dog
Dog/7314.jpg,dog
Dog/7315.jpg,dog
Dog/7316.jpg,dog
Dog/7317.jpg,dog
Dog/7318.jpg,dog
Dog/7319.jpg,dog
Dog/732.jpg,dog
Dog/7320.jpg,dog
Dog/7322.jpg,dog
Dog/7323.jpg,dog
Dog/7324.jpg,dog
Dog/7328.jpg,dog
Dog/7329.jpg,dog
Dog/733.jpg,dog
Dog/7330.jpg,dog
Dog/7332.jpg,dog
Dog/7333.jpg,dog
Dog/7334.jpg,dog
Dog/7335.jpg,dog
Dog/7337.jpg,dog
Dog/7339.jpg,dog
Dog/734.jpg,dog
Dog/7340.jpg,dog
Dog/7342.jpg,dog
Dog/7345.jpg,dog
Dog/7346.jpg,dog
Dog/7347.jpg,dog
Dog/7348.jpg,dog
Dog/735.jpg,dog
Dog/7350.jpg,dog
Dog/7352.jpg,dog
Dog/7355.jpg,dog
Dog/7356.jpg,dog
Dog/7358.jpg,dog
Dog/7359.jpg,dog
Dog/736.jpg,dog
Dog/7360.jpg,dog
Dog/7363.jpg,dog
Dog/7364.jpg,dog
Dog/7365.jpg,dog
Dog/7366.jpg,dog
Dog/7368.jpg,dog
Dog/7369.jpg,dog
Dog/737.jpg,dog
Dog/7370.jpg,dog
Dog/7371.jpg,dog
Dog/7372.jpg,dog
Dog/7373.jpg,dog
Dog/7374.jpg,dog
Dog/7376.jpg,dog
Dog/7377.jpg,dog
Dog/7378.jpg,dog
Dog/7379.jpg,dog
Dog/738.jpg,dog
Dog/7380.jpg,dog
Dog/7381.jpg,dog
Dog/7382.jpg,dog
Dog/7383.jpg,dog
Dog/7384.jpg,dog
Dog/7386.jpg,dog
Dog/7388.jpg,dog
Dog/7389.jpg,dog
Dog/739.jpg,dog
Dog/7390.jpg,dog
Dog/7391.jpg,dog
Dog/7392.jpg,dog
Dog/7393.jpg,dog
Dog/7396.jpg,dog
Dog/7397.jpg,dog
Dog/7398.jpg,dog
Dog/7399.jpg,dog
Dog/7400.jpg,dog
Dog/7401.jpg,dog
Dog/7403.jpg,dog
Dog/7404.jpg,dog
Dog/7405.jpg,dog
Dog/7406.jpg,dog
Dog/7407.jpg,dog
Dog/7408.jpg,dog
Dog/7409.jpg,dog
Dog/7411.jpg,dog
Dog/7413.jpg,dog
Dog/7414.jpg,dog
Dog/7415.jpg,dog
Dog/7416.jpg,dog
Dog/7417.jpg,dog
Dog/7418.jpg,dog
Dog/7419.jpg,dog
Dog/742.jpg,dog
Dog/7420.jpg,dog
Dog/7421.jpg,dog
Dog/7423.jpg,dog
Dog/7424.jpg,dog
Dog/7425.jpg,dog
Dog/7426.jpg,dog
Dog/7427.jpg,dog
Dog/7428.jpg,dog
Dog/7429.jpg,dog
Dog/743.jpg,dog
Dog/7430.jpg,dog
Dog/7431.jpg,dog
Dog/7432.jpg,dog
Dog/7434.jpg,dog
Dog/7435.jpg,dog
Dog/7436.jpg,dog
Dog/7437.jpg,dog
Dog/7438.jpg,dog
Dog/7439.jpg,dog
Dog/7440.jpg,dog
Dog/7441.jpg,dog
Dog/7442.jpg,dog
Dog/7443.jpg,dog
Dog/7445.jpg,dog
Dog/7447.jpg,dog
Dog/7448.jpg,dog
Dog/745.jpg,dog
Dog/7450.jpg,dog
Dog/7452.jpg,dog
Dog/7453.jpg,dog
Dog/7454.jpg,dog
Dog/7455.jpg,dog
Dog/7456.jpg,dog
Dog/7457.jpg,dog
Dog/7458.jpg,dog
Dog/7459.jpg,dog
Dog/746.jpg,dog
Dog/7460.jpg,dog
Dog/7462.jpg,dog
Dog/7463.jpg,dog
Dog/7464.jpg,dog
Dog/7466.jpg,dog
Dog/7467.jpg,dog
Dog/7468.jpg,dog
Dog/7469.jpg,dog
Dog/747.jpg,dog
Dog/7470.jpg,dog
Dog/7471.jpg,dog
Dog/7473.jpg,dog
Dog/7474.jpg,dog
Dog/7475.jpg,dog
Dog/7476.jpg,dog
Dog/7478.jpg,dog
Dog/7479.jpg,dog
Dog/748.jpg,dog
Dog/7481.jpg,dog
Dog/7482.jpg,dog
Dog/7483.jpg,dog
Dog/7484.jpg,dog
Dog/7485.jpg,dog
Dog/7486.jpg,dog
Dog/7489.jpg,dog
Dog/7490.jpg,dog
Dog/7491.jpg,dog
Dog/7495.jpg,dog
Dog/7496.jpg,dog
Dog/7497.jpg,dog
Dog/7498.jpg,dog
Dog/7499.jpg,dog
Dog/75.jpg,dog
Dog/750.jpg,dog
Dog/7500.jpg,dog
Dog/7502.jpg,dog
Dog/7503.jpg,dog
Dog/7504.jpg,dog
Dog/7507.jpg,dog
Dog/7508.jpg,dog
Dog/7509.jpg,dog
Dog/751.jpg,dog
Dog/7511.jpg,dog
Dog/7512.jpg,dog
Dog/7513.jpg,dog
Dog/7515.jpg,dog
Dog/7516.jpg,dog
Dog/7518.jpg,dog
Dog/7519.jpg,dog
Dog/752.jpg,dog
Dog/7520.jpg,dog
Dog/7521.jpg,dog
Dog/7522.jpg,dog
Dog/7523.jpg,dog
Dog/7524.jpg,dog
Dog/7525.jpg,dog
Dog/7526.jpg,dog
Dog/7527.jpg,dog
Dog/7528.jpg,dog
Dog/7529.jpg,dog
Dog/753.jpg,dog
Dog/7531.jpg,dog
Dog/7532.jpg,dog
Dog/7533.jpg,dog
Dog/7534.jpg,dog
Dog/7535.jpg,dog
Dog/7536.jpg,dog
Dog/7538.jpg,dog
Dog/7540.jpg,dog
Dog/7542.jpg,dog
Dog/7543.jpg,dog
Dog/7545.jpg,dog
Dog/7546.jpg,dog
Dog/7547.jpg,dog
Dog/7549.jpg,dog
Dog/755.jpg,dog
Dog/7550.jpg,dog
Dog/7551.jpg,dog
Dog/7552.jpg,dog
Dog/7553.jpg,dog
Dog/7554.jpg,dog
Dog/7556.jpg,dog
Dog/7557.jpg,dog
Dog/7559.jpg,dog
Dog/7560.jpg,dog
Dog/7561.jpg,dog
Dog/7562.jpg,dog
Dog/7563.jpg,dog
Dog/7564.jpg,dog
Dog/7565.jpg,dog
Dog/7566.jpg,dog
Dog/7567.jpg,dog
Dog/7568.jpg,dog
Dog/7569.jpg,dog
Dog/757.jpg,dog
Dog/7570.jpg,dog
Dog/7571.jpg,dog
Dog/7572.jpg,dog
Dog/7573.jpg,dog
Dog/7574.jpg,dog
Dog/7575.jpg,dog
Dog/7577.jpg,dog
Dog/7578.jpg,dog
Dog/7579.jpg,dog
Dog/758.jpg,dog
Dog/7580.jpg,dog
Dog/7581.jpg,dog
Dog/7582.jpg,dog
Dog/7583.jpg,dog
Dog/7584.jpg,dog
Dog/7590.jpg,dog
Dog/7591.jpg,dog
Dog/7592.jpg,dog
Dog/7593.jpg,dog
Dog/7594.jpg,dog
Dog/7595.jpg,dog
Dog/7597.jpg,dog
Dog/76.jpg,dog
Dog/760.jpg,dog
Dog/7601.jpg,dog
Dog/7602.jpg,dog
Dog/7604.jpg,dog
Dog/7605.jpg,dog
Dog/7606.jpg,dog
Dog/7607.jpg,dog
Dog/7609.jpg,dog
Dog/761.jpg,dog
Dog/7610.jpg,dog
Dog/7612.jpg,dog
Dog/7613.jpg,dog
Dog/7614.jpg,dog
Dog/7615.jpg,dog
Dog/7616.jpg,dog
Dog/7617.jpg,dog
Dog/7619.jpg,dog
Dog/7620.jpg,dog
Dog/7621.jpg,dog
Dog/7622.jpg,dog
Dog/7623.jpg,dog
Dog/7624.jpg,dog
Dog/7625.jpg,dog
Dog/7626.jpg,dog
Dog/7627.jpg,dog
Dog/7628.jpg,dog
Dog/7629.jpg,dog
Dog/763.jpg,dog
Dog/7630.jpg,dog
Dog/7631.jpg,dog
Dog/7632.jpg,dog
Dog/7634.jpg,dog
Dog/7635.jpg,dog
Dog/7636.jpg,dog
Dog/7637.jpg,dog
Dog/7639.jpg,dog
Dog/764.jpg,dog
Dog/7640.jpg,dog
Dog/7641.jpg,dog
Dog/7642.jpg,dog
Dog/7645.jpg,dog
Dog/7646.jpg,dog
Dog/7647.jpg,dog
Dog/7648.jpg,dog
Dog/765.jpg,dog
Dog/7650.jpg,dog
Dog/7651.jpg,dog
Dog/7652.jpg,dog
Dog/7653.jpg,dog
Dog/7654.jpg,dog
Dog/7655.jpg,dog
Dog/7659.jpg,dog
Dog/766.jpg,dog
Dog/7660.jpg,dog
Dog/7661.jpg,dog
Dog/7662.jpg,dog
Dog/7663.jpg,dog
Dog/7664.jpg,dog
Dog/7665.jpg,dog
Dog/7666.jpg,dog
Dog/7668.jpg,dog
Dog/7669.jpg,dog
Dog/767.jpg,dog
Dog/7671.jpg,dog
Dog/7673.jpg,dog
Dog/7676.jpg,dog
Dog/7677.jpg,dog
Dog/7678.jpg,dog
Dog/7680.jpg,dog
Dog/7681.jpg,dog
Dog/7682.jpg,dog
Dog/7683.jpg,dog
Dog/7684.jpg,dog
Dog/7686.jpg,dog
Dog/7688.jpg,dog
Dog/7689.jpg,dog
Dog/769.jpg,dog
Dog/7690.jpg,dog
Dog/7691.jpg,dog
Dog/7692.jpg,dog
Dog/7693.jpg,dog
Dog/7694.jpg,dog
Dog/7695.jpg,dog
Dog/7696.jpg,dog
Dog/7697.jpg,dog
Dog/7698.jpg,dog
Dog/7699.jpg,dog
Dog/77.jpg,dog
Dog/770.jpg,dog
Dog/7700.jpg,dog
Dog/7701.jpg,dog
Dog/7702.jpg,dog
Dog/7703.jpg,dog
Dog/7704.jpg,dog
Dog/7706.jpg,dog
Dog/7707.jpg,dog
Dog/7708.jpg,dog
Dog/7709.jpg,dog
Dog/771.jpg,dog
Dog/7710.jpg,dog
Dog/7711.jpg,dog
Dog/7712.jpg,dog
Dog/7713.jpg,dog
Dog/7714.jpg,dog
Dog/7715.jpg,dog
Dog/7716.jpg,dog
Dog/7717.jpg,dog
Dog/7718.jpg,dog
Dog/7719.jpg,dog
Dog/772.jpg,dog
Dog/7721.jpg,dog
Dog/7723.jpg,dog
Dog/7724.jpg,dog
Dog/7725.jpg,dog
Dog/7726.jpg,dog
Dog/7729.jpg,dog
Dog/773.jpg,dog
Dog/7730.jpg,dog
Dog/7731.jpg,dog
Dog/7732.jpg,dog
Dog/7733.jpg,dog
Dog/7734.jpg,dog
Dog/7735.jpg,dog
Dog/7736.jpg,dog
Dog/7737.jpg,dog
Dog/7740.jpg,dog
Dog/7741.jpg,dog
Dog/7742.jpg,dog
Dog/7743.jpg,dog
Dog/7744.jpg,dog
Dog/7745.jpg,dog
Dog/7746.jpg,dog
Dog/7747.jpg,dog
Dog/7748.jpg,dog
Dog/7749.jpg,dog
Dog/775.jpg,dog
Dog/7750.jpg,dog
Dog/7752.jpg,dog
Dog/7753.jpg,dog
Dog/7754.jpg,dog
Dog/7756.jpg,dog
Dog/7757.jpg,dog
Dog/7758.jpg,dog
Dog/776.jpg,dog
Dog/7761.jpg,dog
Dog/7762.jpg,dog
Dog/7763.jpg,dog
Dog/7764.jpg,dog
Dog/7765.jpg,dog
Dog/7766.jpg,dog
Dog/7767.jpg,dog
Dog/7768.jpg,dog
Dog/7769.jpg,dog
Dog/777.jpg,dog
Dog/7770.jpg,dog
Dog/7772.jpg,dog
Dog/7773.jpg,dog
Dog/7774.jpg,dog
Dog/7775.jpg,dog
Dog/7776.jpg,dog
Dog/7777.jpg,dog
Dog/7778.jpg,dog
Dog/7779.jpg,dog
Dog/7780.jpg,dog
Dog/7781.jpg,dog
Dog/7782.jpg,dog
Dog/7783.jpg,dog
Dog/7784.jpg,dog
Dog/7785.jpg,dog
Dog/7786.jpg,dog
Dog/7787.jpg,dog
Dog/7788.jpg,dog
Dog/7789.jpg,dog
Dog/779.jpg,dog
Dog/7790.jpg,dog
Dog/7791.jpg,dog
Dog/7792.jpg,dog
Dog/7793.jpg,dog
Dog/7794.jpg,dog
Dog/7795.jpg,dog
Dog/7796.jpg,dog
Dog/7797.jpg,dog
Dog/7798.jpg,dog
Dog/7799.jpg,dog
Dog/7800.jpg,dog
Dog/7801.jpg,dog
Dog/7802.jpg,dog
Dog/7803.jpg,dog
Dog/7804.jpg,dog
Dog/7805.jpg,dog
Dog/7806.jpg,dog
Dog/7807.jpg,dog
Dog/7808.jpg,dog
Dog/781.jpg,dog
Dog/7810.jpg,dog
Dog/7811.jpg,dog
Dog/7812.jpg,dog
Dog/7813.jpg,dog
Dog/7814.jpg,dog
Dog/7815.jpg,dog
Dog/7816.jpg,dog
Dog/7819.jpg,dog
Dog/782.jpg,dog
Dog/7821.jpg,dog
Dog/7822.jpg,dog
Dog/7823.jpg,dog
Dog/7824.jpg,dog
Dog/7825.jpg,dog
Dog/7826.jpg,dog
Dog/7827.jpg,dog
Dog/7828.jpg,dog
Dog/783.jpg,dog
Dog/7830.jpg,dog
Dog/7831.jpg,dog
Dog/7833.jpg,dog
Dog/7834.jpg,dog
Dog/7835.jpg,dog
Dog/7836.jpg,dog
Dog/7837.jpg,dog
Dog/7838.jpg,dog
Dog/7840.jpg,dog
Dog/7841.jpg,dog
Dog/7842.jpg,dog
Dog/7844.jpg,dog
Dog/7845.jpg,dog
Dog/7846.jpg,dog
Dog/7847.jpg,dog
Dog/7848.jpg,dog
Dog/785.jpg,dog
Dog/7850.jpg,dog
Dog/7851.jpg,dog
Dog/7852.jpg,dog
Dog/7854.jpg,dog
Dog/7857.jpg,dog
Dog/7859.jpg,dog
Dog/786.jpg,dog
Dog/7860.jpg,dog
Dog/7861.jpg,dog
Dog/7862.jpg,dog
Dog/7863.jpg,dog
Dog/7865.jpg,dog
Dog/7867.jpg,dog
Dog/7868.jpg,dog
Dog/7869.jpg,dog
Dog/787.jpg,dog
Dog/7870.jpg,dog
Dog/7872.jpg,dog
Dog/7873.jpg,dog
Dog/7874.jpg,dog
Dog/7875.jpg,dog
Dog/7876.jpg,dog
Dog/7877.jpg,dog
Dog/7878.jpg,dog
Dog/7879.jpg,dog
Dog/788.jpg,dog
Dog/7880.jpg,dog
Dog/7882.jpg,dog
Dog/7883.jpg,dog
Dog/7884.jpg,dog
Dog/7885.jpg,dog
Dog/7886.jpg,dog
Dog/7887.jpg,dog
Dog/7889.jpg,dog
Dog/789.jpg,dog
Dog/7890.jpg,dog
Dog/7892.jpg,dog
Dog/7893.jpg,dog
Dog/7894.jpg,dog
Dog/7895.jpg,dog
Dog/7896.jpg,dog
Dog/7897.jpg,dog
Dog/7898.jpg,dog
Dog/79.jpg,dog
Dog/790.jpg,dog
Dog/7901.jpg,dog
Dog/7902.jpg,dog
Dog/7903.jpg,dog
Dog/7904.jpg,dog
Dog/7905.jpg,dog
Dog/7906.jpg,dog
Dog/7907.jpg,dog
Dog/7908.jpg,dog
Dog/7909.jpg,dog
Dog/7910.jpg,dog
Dog/7911.jpg,dog
Dog/7912.jpg,dog
Dog/7913.jpg,dog
Dog/7914.jpg,dog
Dog/7915.jpg,dog
Dog/7916.jpg,dog
Dog/7917.jpg,dog
Dog/7919.jpg,dog
Dog/792.jpg,dog
Dog/7920.jpg,dog
Dog/7921.jpg,dog
Dog/7922.jpg,dog
Dog/7923.jpg,dog
Dog/7924.jpg,dog
Dog/7925.jpg,dog
Dog/7926.jpg,dog
Dog/7927.jpg,dog
Dog/7928.jpg,dog
Dog/7929.jpg,dog
Dog/793.jpg,dog
Dog/7931.jpg,dog
Dog/7932.jpg,dog
Dog/7933.jpg,dog
Dog/7934.jpg,dog
Dog/7935.jpg,dog
Dog/7936.jpg,dog
Dog/7937.jpg,dog
Dog/7938.jpg,dog
Dog/7941.jpg,dog
Dog/7942.jpg,dog
Dog/7943.jpg,dog
Dog/7944.jpg,dog
Dog/7945.jpg,dog
Dog/7946.jpg,dog
Dog/7947.jpg,dog
Dog/7948.jpg,dog
Dog/7949.jpg,dog
Dog/795.jpg,dog
Dog/7950.jpg,dog
Dog/7951.jpg,dog
Dog/7952.jpg,dog
Dog/7953.jpg,dog
Dog/7954.jpg,dog
Dog/7955.jpg,dog
Dog/7956.jpg,dog
Dog/7957.jpg,dog
Dog/7958.jpg,dog
Dog/7959.jpg,dog
Dog/796.jpg,dog
Dog/7960.jpg,dog
Dog/7961.jpg,dog
Dog/7963.jpg,dog
Dog/7964.jpg,dog
Dog/7965.jpg,dog
Dog/7966.jpg,dog
Dog/7967.jpg,dog
Dog/7969.jpg,dog
Dog/797.jpg,dog
Dog/7970.jpg,dog
Dog/7971.jpg,dog
Dog/7972.jpg,dog
Dog/7973.jpg,dog
Dog/7975.jpg,dog
Dog/7976.jpg,dog
Dog/7977.jpg,dog
Dog/7978.jpg,dog
Dog/7979.jpg,dog
Dog/798.jpg,dog
Dog/7980.jpg,dog
Dog/7982.jpg,dog
Dog/7983.jpg,dog
Dog/7984.jpg,dog
Dog/7985.jpg,dog
Dog/7986.jpg,dog
Dog/7987.jpg,dog
Dog/7988.jpg,dog
Dog/7989.jpg,dog
Dog/799.jpg,dog
Dog/7990.jpg,dog
Dog/7992.jpg,dog
Dog/7993.jpg,dog
Dog/7995.jpg,dog
Dog/7996.jpg,dog
Dog/7997.jpg,dog
Dog/7998.jpg,dog
Dog/7999.jpg,dog
Dog/8.jpg,dog
Dog/80.jpg,dog
Dog/800.jpg,dog
Dog/8000.jpg,dog
Dog/8002.jpg,dog
Dog/8003.jpg,dog
Dog/8004.jpg,dog
Dog/8005.jpg,dog
Dog/8007.jpg,dog
Dog/8008.jpg,dog
Dog/8009.jpg,dog
Dog/801.jpg,dog
Dog/8011.jpg,dog
Dog/8012.jpg,dog
Dog/8013.jpg,dog
Dog/8014.jpg,dog
Dog/8015.jpg,dog
Dog/8016.jpg,dog
Dog/8017.jpg,dog
Dog/8018.jpg,dog
Dog/8019.jpg,dog
Dog/8020.jpg,dog
Dog/8022.jpg,dog
Dog/8024.jpg,dog
Dog/8025.jpg,dog
Dog/8026.jpg,dog
Dog/8028.jpg,dog
Dog/8029.jpg,dog
Dog/803.jpg,dog
Dog/8030.jpg,dog
Dog/8031.jpg,dog
Dog/8032.jpg,dog
Dog/8033.jpg,dog
Dog/8034.jpg,dog
Dog/8035.jpg,dog
Dog/8036.jpg,dog
Dog/8037.jpg,dog
Dog/8038.jpg,dog
Dog/804.jpg,dog
Dog/8040.jpg,dog
Dog/8041.jpg,dog
Dog/8042.jpg,dog
Dog/8043.jpg,dog
Dog/8046.jpg,dog
Dog/8047.jpg,dog
Dog/8048.jpg,dog
Dog/8049.jpg,dog
Dog/805.jpg,dog
Dog/8050.jpg,dog
Dog/8051.jpg,dog
Dog/8052.jpg,dog
Dog/8053.jpg,dog
Dog/8054.jpg,dog
Dog/8055.jpg,dog
Dog/8056.jpg,dog
Dog/8057.jpg,dog
Dog/8058.jpg,dog
Dog/806.jpg,dog
Dog/8061.jpg,dog
Dog/8063.jpg,dog
Dog/8064.jpg,dog
Dog/8065.jpg,dog
Dog/8067.jpg,dog
Dog/8068.jpg,dog
Dog/8069.jpg,dog
Dog/807.jpg,dog
Dog/8070.jpg,dog
Dog/8071.jpg,dog
Dog/8073.jpg,dog
Dog/8075.jpg,dog
Dog/8076.jpg,dog
Dog/8077.jpg,dog
Dog/8078.jpg,dog
Dog/8079.jpg,dog
Dog/8080.jpg,dog
Dog/8081.jpg,dog
Dog/8082.jpg,dog
Dog/8083.jpg,dog
Dog/8085.jpg,dog
Dog/8086.jpg,dog
Dog/8088.jpg,dog
Dog/809.jpg,dog
Dog/8090.jpg,dog
Dog/8092.jpg,dog
Dog/8093.jpg,dog
Dog/8094.jpg,dog
Dog/8095.jpg,dog
Dog/8096.jpg,dog
Dog/8097.jpg,dog
Dog/8098.jpg,dog
Dog/8099.jpg,dog
Dog/81.jpg,dog
Dog/810.jpg,dog
Dog/8100.jpg,dog
Dog/8101.jpg,dog
Dog/8102.jpg,dog
Dog/8103.jpg,dog
Dog/8104.jpg,dog
Dog/8105.jpg,dog
Dog/8106.jpg,dog
Dog/8107.jpg,dog
Dog/8108.jpg,dog
Dog/8109.jpg,dog
Dog/811.jpg,dog
Dog/8111.jpg,dog
Dog/8112.jpg,dog
Dog/8113.jpg,dog
Dog/8114.jpg,dog
Dog/8115.jpg,dog
Dog/8116.jpg,dog
Dog/8117.jpg,dog
Dog/8118.jpg,dog
Dog/8119.jpg,dog
Dog/812.jpg,dog
Dog/8120.jpg,dog
Dog/8121.jpg,dog
Dog/8122.jpg,dog
Dog/8123.jpg,dog
Dog/8124.jpg,dog
Dog/8125.jpg,dog
Dog/8126.jpg,dog
Dog/8127.jpg,dog
Dog/8128.jpg,dog
Dog/8129.jpg,dog
Dog/813.jpg,dog
Dog/8130.jpg,dog
Dog/8131.jpg,dog
Dog/8132.jpg,dog
Dog/8133.jpg,dog
Dog/8134.jpg,dog
Dog/8135.jpg,dog
Dog/8137.jpg,dog
Dog/8138.jpg,dog
Dog/814.jpg,dog
Dog/8142.jpg,dog
Dog/8143.jpg,dog
Dog/8144.jpg,dog
Dog/8145.jpg,dog
Dog/8147.jpg,dog
Dog/8149.jpg,dog
Dog/8150.jpg,dog
Dog/8153.jpg,dog
Dog/8154.jpg,dog
Dog/8155.jpg,dog
Dog/8156.jpg,dog
Dog/8159.jpg,dog
Dog/816.jpg,dog
Dog/8160.jpg,dog
Dog/8162.jpg,dog
Dog/8163.jpg,dog
Dog/8165.jpg,dog
Dog/8166.jpg,dog
Dog/8167.jpg,dog
Dog/8168.jpg,dog
Dog/8169.jpg,dog
Dog/817.jpg,dog
Dog/8170.jpg,dog
Dog/8171.jpg,dog
Dog/8174.jpg,dog
Dog/8175.jpg,dog
Dog/8176.jpg,dog
Dog/8177.jpg,dog
Dog/8179.jpg,dog
Dog/8180.jpg,dog
Dog/8182.jpg,dog
Dog/8184.jpg,dog
Dog/8185.jpg,dog
Dog/8186.jpg,dog
Dog/8187.jpg,dog
Dog/8188.jpg,dog
Dog/8191.jpg,dog
Dog/8192.jpg,dog
Dog/8193.jpg,dog
Dog/8194.jpg,dog
Dog/8195.jpg,dog
Dog/8196.jpg,dog
Dog/8197.jpg,dog
Dog/8198.jpg,dog
Dog/8199.jpg,dog
Dog/82.jpg,dog
Dog/820.jpg,dog
Dog/8200.jpg,dog
Dog/8202.jpg,dog
Dog/8203.jpg,dog
Dog/8204.jpg,dog
Dog/8205.jpg,dog
Dog/8206.jpg,dog
Dog/8207.jpg,dog
Dog/8208.jpg,dog
Dog/8209.jpg,dog
Dog/821.jpg,dog
Dog/8210.jpg,dog
Dog/8211.jpg,dog
Dog/8214.jpg,dog
Dog/8215.jpg,dog
Dog/8217.jpg,dog
Dog/8218.jpg,dog
Dog/8219.jpg,dog
Dog/822.jpg,dog
Dog/8220.jpg,dog
Dog/8221.jpg,dog
Dog/8224.jpg,dog
Dog/8225.jpg,dog
Dog/8226.jpg,dog
Dog/8227.jpg,dog
Dog/8228.jpg,dog
Dog/8229.jpg,dog
Dog/823.jpg,dog
Dog/8230.jpg,dog
Dog/8231.jpg,dog
Dog/8232.jpg,dog
Dog/8233.jpg,dog
Dog/8235.jpg,dog
Dog/8237.jpg,dog
Dog/8239.jpg,dog
Dog/824.jpg,dog
Dog/8240.jpg,dog
Dog/8241.jpg,dog
Dog/8243.jpg,dog
Dog/8244.jpg,dog
Dog/8246.jpg,dog
Dog/8247.jpg,dog
Dog/8248.jpg,dog
Dog/8249.jpg,dog
Dog/8250.jpg,dog
Dog/8252.jpg,dog
Dog/8253.jpg,dog
Dog/8254.jpg,dog
Dog/8256.jpg,dog
Dog/8257.jpg,dog
Dog/8258.jpg,dog
Dog/826.jpg,dog
Dog/8260.jpg,dog
Dog/8261.jpg,dog
Dog/8263.jpg,dog
Dog/8264.jpg,dog
Dog/8265.jpg,dog
Dog/8266.jpg,dog
Dog/8267.jpg,dog
Dog/8268.jpg,dog
Dog/8269.jpg,dog
Dog/827.jpg,dog
Dog/8270.jpg,dog
Dog/8271.jpg,dog
Dog/8272.jpg,dog
Dog/8273.jpg,dog
Dog/8274.jpg,dog
Dog/8276.jpg,dog
Dog/8277.jpg,dog
Dog/8278.jpg,dog
Dog/828.jpg,dog
Dog/8281.jpg,dog
Dog/8282.jpg,dog
Dog/8286.jpg,dog
Dog/8287.jpg,dog
Dog/8288.jpg,dog
Dog/8289.jpg,dog
Dog/8290.jpg,dog
Dog/8291.jpg,dog
Dog/8292.jpg,dog
Dog/8293.jpg,dog
Dog/8294.jpg,dog
Dog/8295.jpg,dog
Dog/8297.jpg,dog
Dog/8298.jpg,dog
Dog/8299.jpg,dog
Dog/83.jpg,dog
Dog/830.jpg,dog
Dog/8300.jpg,dog
Dog/8302.jpg,dog
Dog/8303.jpg,dog
Dog/8304.jpg,dog
Dog/8307.jpg,dog
Dog/831.jpg,dog
Dog/8311.jpg,dog
Dog/8312.jpg,dog
Dog/8313.jpg,dog
Dog/8314.jpg,dog
Dog/8315.jpg,dog
Dog/8316.jpg,dog
Dog/8317.jpg,dog
Dog/8318.jpg,dog
Dog/8320.jpg,dog
Dog/8322.jpg,dog
Dog/8323.jpg,dog
Dog/8324.jpg,dog
Dog/8325.jpg,dog
Dog/8326.jpg,dog
Dog/8327.jpg,dog
Dog/8328.jpg,dog
Dog/8329.jpg,dog
Dog/8330.jpg,dog
Dog/8331.jpg,dog
Dog/8332.jpg,dog
Dog/8333.jpg,dog
Dog/8334.jpg,dog
Dog/8335.jpg,dog
Dog/8336.jpg,dog
Dog/8337.jpg,dog
Dog/8338.jpg,dog
Dog/8339.jpg,dog
Dog/834.jpg,dog
Dog/8340.jpg,dog
Dog/8341.jpg,dog
Dog/8342.jpg,dog
Dog/8343.jpg,dog
Dog/8344.jpg,dog
Dog/8345.jpg,dog
Dog/8346.jpg,dog
Dog/8347.jpg,dog
Dog/8348.jpg,dog
Dog/835.jpg,dog
Dog/8350.jpg,dog
Dog/8351.jpg,dog
Dog/8352.jpg,dog
Dog/8353.jpg,dog
Dog/8354.jpg,dog
Dog/8355.jpg,dog
Dog/8357.jpg,dog
Dog/836.jpg,dog
Dog/8360.jpg,dog
Dog/8361.jpg,dog
Dog/8362.jpg,dog
Dog/8364.jpg,dog
Dog/8365.jpg,dog
Dog/8367.jpg,dog
Dog/8368.jpg,dog
Dog/8369.jpg,dog
Dog/837.jpg,dog
Dog/8370.jpg,dog
Dog/8372.jpg,dog
Dog/8374.jpg,dog
Dog/8375.jpg,dog
Dog/8376.jpg,dog
Dog/8377.jpg,dog
Dog/8378.jpg,dog
Dog/8379.jpg,dog
Dog/8380.jpg,dog
Dog/8383.jpg,dog
Dog/8384.jpg,dog
Dog/8385.jpg,dog
Dog/8386.jpg,dog
Dog/8387.jpg,dog
Dog/8388.jpg,dog
Dog/8389.jpg,dog
Dog/839.jpg,dog
Dog/8390.jpg,dog
Dog/8393.jpg,dog
Dog/8394.jpg,dog
Dog/8395.jpg,dog
Dog/8397.jpg,dog
Dog/8398.jpg,dog
Dog/8399.jpg,dog
Dog/84.jpg,dog
Dog/840.jpg,dog
Dog/8400.jpg,dog
Dog/8401.jpg,dog
Dog/8402.jpg,dog
Dog/8403.jpg,dog
Dog/8404.jpg,dog
Dog/8405.jpg,dog
Dog/8406.jpg,dog
Dog/8407.jpg,dog
Dog/8408.jpg,dog
Dog/8409.jpg,dog
Dog/841.jpg,dog
Dog/8411.jpg,dog
Dog/8414.jpg,dog
Dog/8415.jpg,dog
Dog/8416.jpg,dog
Dog/8417.jpg,dog
Dog/8418.jpg,dog
Dog/8419.jpg,dog
Dog/842.jpg,dog
Dog/8420.jpg,dog
Dog/8421.jpg,dog
Dog/8422.jpg,dog
Dog/8423.jpg,dog
Dog/8424.jpg,dog
Dog/8427.jpg,dog
Dog/8428.jpg,dog
Dog/8429.jpg,dog
Dog/8430.jpg,dog
Dog/8431.jpg,dog
Dog/8432.jpg,dog
Dog/8433.jpg,dog
Dog/8434.jpg,dog
Dog/8435.jpg,dog
Dog/8437.jpg,dog
Dog/8438.jpg,dog
Dog/8439.jpg,dog
Dog/844.jpg,dog
Dog/8440.jpg,dog
Dog/8441.jpg,dog
Dog/8442.jpg,dog
Dog/8443.jpg,dog
Dog/8444.jpg,dog
Dog/8445.jpg,dog
Dog/8446.jpg,dog
Dog/8448.jpg,dog
Dog/8449.jpg,dog
Dog/845.jpg,dog
Dog/8450.jpg,dog
Dog/8451.jpg,dog
Dog/8452.jpg,dog
Dog/8453.jpg,dog
Dog/8454.jpg,dog
Dog/8455.jpg,dog
Dog/8457.jpg,dog
Dog/8458.jpg,dog
Dog/8459.jpg,dog
Dog/846.jpg,dog
Dog/8460.jpg,dog
Dog/8461.jpg,dog
Dog/8462.jpg,dog
Dog/8463.jpg,dog
Dog/8464.jpg,dog
Dog/8465.jpg,dog
Dog/8466.jpg,dog
Dog/8467.jpg,dog
Dog/8468.jpg,dog
Dog/8469.jpg,dog
Dog/847.jpg,dog
Dog/8470.jpg,dog
Dog/8471.jpg,dog
Dog/8472.jpg,dog
Dog/8473.jpg,dog
Dog/8474.jpg,dog
Dog/8477.jpg,dog
Dog/8478.jpg,dog
Dog/8479.jpg,dog
Dog/848.jpg,dog
Dog/8481.jpg,dog
Dog/8482.jpg,dog
Dog/8485.jpg,dog
Dog/8487.jpg,dog
Dog/8488.jpg,dog
Dog/849.jpg,dog
Dog/8490.jpg,dog
Dog/8492.jpg,dog
Dog/8493.jpg,dog
Dog/8494.jpg,dog
Dog/8495.jpg,dog
Dog/8497.jpg,dog
Dog/8498.jpg,dog
Dog/8499.jpg,dog
Dog/850.jpg,dog
Dog/8500.jpg,dog
Dog/8501.jpg,dog
Dog/8502.jpg,dog
Dog/8503.jpg,dog
Dog/8504.jpg,dog
Dog/8505.jpg,dog
Dog/8506.jpg,dog
Dog/8507.jpg,dog
Dog/8509.jpg,dog
Dog/851.jpg,dog
Dog/8510.jpg,dog
Dog/8511.jpg,dog
Dog/8512.jpg,dog
Dog/8513.jpg,dog
Dog/8514.jpg,dog
Dog/8515.jpg,dog
Dog/8516.jpg,dog
Dog/8517.jpg,dog
Dog/8518.jpg,dog
Dog/8519.jpg,dog
Dog/852.jpg,dog
Dog/8520.jpg,dog
Dog/8521.jpg,dog
Dog/8522.jpg,dog
Dog/8523.jpg,dog
Dog/8524.jpg,dog
Dog/8525.jpg,dog
Dog/8526.jpg,dog
Dog/8527.jpg,dog
Dog/8528.jpg,dog
Dog/8529.jpg,dog
Dog/853.jpg,dog
Dog/8530.jpg,dog
Dog/8531.jpg,dog
Dog/8532.jpg,dog
Dog/8533.jpg,dog
Dog/8534.jpg,dog
Dog/8535.jpg,dog
Dog/8536.jpg,dog
Dog/8537.jpg,dog
Dog/8538.jpg,dog
Dog/854.jpg,dog
Dog/8540.jpg,dog
Dog/8541.jpg,dog
Dog/8542.jpg,dog
Dog/8543.jpg,dog
Dog/8545.jpg,dog
Dog/8547.jpg,dog
Dog/8549.jpg,dog
Dog/8550.jpg,dog
Dog/8551.jpg,dog
Dog/8552.jpg,dog
Dog/8553.jpg,dog
Dog/8554.jpg,dog
Dog/8556.jpg,dog
Dog/8557.jpg,dog
Dog/8558.jpg,dog
Dog/8559.jpg,dog
Dog/856.jpg,dog
Dog/8560.jpg,dog
Dog/8561.jpg,dog
Dog/8563.jpg,dog
Dog/8564.jpg,dog
Dog/8566.jpg,dog
Dog/8567.jpg,dog
Dog/8569.jpg,dog
Dog/8570.jpg,dog
Dog/8571.jpg,dog
Dog/8572.jpg,dog
Dog/8574.jpg,dog
Dog/8575.jpg,dog
Dog/8576.jpg,dog
Dog/8577.jpg,dog
Dog/8579.jpg,dog
Dog/858.jpg,dog
Dog/8580.jpg,dog
Dog/8581.jpg,dog
Dog/8582.jpg,dog
Dog/8583.jpg,dog
Dog/8584.jpg,dog
Dog/8585.jpg,dog
Dog/8586.jpg,dog
Dog/8588.jpg,dog
Dog/8589.jpg,dog
Dog/859.jpg,dog
Dog/8592.jpg,dog
Dog/8593.jpg,dog
Dog/8596.jpg,dog
Dog/8597.jpg,dog
Dog/8598.jpg,dog
Dog/8599.jpg,dog
Dog/86.jpg,dog
Dog/860.jpg,dog
Dog/8600.jpg,dog
Dog/8602.jpg,dog
Dog/8603.jpg,dog
Dog/8604.jpg,dog
Dog/8606.jpg,dog
Dog/8607.jpg,dog
Dog/8608.jpg,dog
Dog/8609.jpg,dog
Dog/8610.jpg,dog
Dog/8611.jpg,dog
Dog/8612.jpg,dog
Dog/8613.jpg,dog
Dog/8614.jpg,dog
Dog/8615.jpg,dog
Dog/8616.jpg,dog
Dog/8617.jpg,dog
Dog/8618.jpg,dog
Dog/8619.jpg,dog
Dog/862.jpg,dog
Dog/8620.jpg,dog
Dog/8621.jpg,dog
Dog/8624.jpg,dog
Dog/8625.jpg,dog
Dog/8626.jpg,dog
Dog/8627.jpg,dog
Dog/8628.jpg,dog
Dog/8629.jpg,dog
Dog/863.jpg,dog
Dog/8630.jpg,dog
Dog/8631.jpg,dog
Dog/8632.jpg,dog
Dog/8633.jpg,dog
Dog/8637.jpg,dog
Dog/8638.jpg,dog
Dog/864.jpg,dog
Dog/8640.jpg,dog
Dog/8641.jpg,dog
Dog/8642.jpg,dog
Dog/8643.jpg,dog
Dog/8644.jpg,dog
Dog/8645.jpg,dog
Dog/8646.jpg,dog
Dog/8648.jpg,dog
Dog/8649.jpg,dog
Dog/865.jpg,dog
Dog/8651.jpg,dog
Dog/8652.jpg,dog
Dog/8654.jpg,dog
Dog/8655.jpg,dog
Dog/8656.jpg,dog
Dog/8657.jpg,dog
Dog/8658.jpg,dog
Dog/866.jpg,dog
Dog/8661.jpg,dog
Dog/8664.jpg,dog
Dog/8665.jpg,dog
Dog/8666.jpg,dog
Dog/8667.jpg,dog
Dog/8668.jpg,dog
Dog/867.jpg,dog
Dog/8670.jpg,dog
Dog/8671.jpg,dog
Dog/8672.jpg,dog
Dog/8673.jpg,dog
Dog/8674.jpg,dog
Dog/8675.jpg,dog
Dog/8676.jpg,dog
Dog/8677.jpg,dog
Dog/8679.jpg,dog
Dog/868.jpg,dog
Dog/8680.jpg,dog
Dog/8683.jpg,dog
Dog/8684.jpg,dog
Dog/8685.jpg,dog
Dog/8686.jpg,dog
Dog/8687.jpg,dog
Dog/8688.jpg,dog
Dog/8689.jpg,dog
Dog/869.jpg,dog
Dog/8690.jpg,dog
Dog/8691.jpg,dog
Dog/8692.jpg,dog
Dog/8693.jpg,dog
Dog/8694.jpg,dog
Dog/8695.jpg,dog
Dog/8697.jpg,dog
Dog/8698.jpg,dog
Dog/87.jpg,dog
Dog/8700.jpg,dog
Dog/8701.jpg,dog
Dog/8702.jpg,dog
Dog/8703.jpg,dog
Dog/8706.jpg,dog
Dog/8708.jpg,dog
Dog/8709.jpg,dog
Dog/8710.jpg,dog
Dog/8711.jpg,dog
Dog/8712.jpg,dog
Dog/8714.jpg,dog
Dog/8715.jpg,dog
Dog/8716.jpg,dog
Dog/8717.jpg,dog
Dog/8718.jpg,dog
Dog/872.jpg,dog
Dog/8720.jpg,dog
Dog/8721.jpg,dog
Dog/8722.jpg,dog
Dog/8723.jpg,dog
Dog/8724.jpg,dog
Dog/8725.jpg,dog
Dog/8726.jpg,dog
Dog/8728.jpg,dog
Dog/8729.jpg,dog
Dog/873.jpg,dog
Dog/8730.jpg,dog
Dog/8731.jpg,dog
Dog/8732.jpg,dog
Dog/8733.jpg,dog
Dog/8734.jpg,dog
Dog/8735.jpg,dog
Dog/8737.jpg,dog
Dog/8738.jpg,dog
Dog/874.jpg,dog
Dog/8740.jpg,dog
Dog/8741.jpg,dog
Dog/8742.jpg,dog
Dog/8743.jpg,dog
Dog/8745.jpg,dog
Dog/8746.jpg,dog
Dog/8747.jpg,dog
Dog/8748.jpg,dog
Dog/875.jpg,dog
Dog/8750.jpg,dog
Dog/8751.jpg,dog
Dog/8752.jpg,dog
Dog/8753.jpg,dog
Dog/8755.jpg,dog
Dog/8757.jpg,dog
Dog/8759.jpg,dog
Dog/876.jpg,dog
Dog/8760.jpg,dog
Dog/8761.jpg,dog
Dog/8762.jpg,dog
Dog/8763.jpg,dog
Dog/8764.jpg,dog
Dog/8765.jpg,dog
Dog/8766.jpg,dog
Dog/8767.jpg,dog
Dog/8768.jpg,dog
Dog/877.jpg,dog
Dog/8770.jpg,dog
Dog/8771.jpg,dog
Dog/8773.jpg,dog
Dog/8774.jpg,dog
Dog/8775.jpg,dog
Dog/8776.jpg,dog
Dog/8777.jpg,dog
Dog/8779.jpg,dog
Dog/878.jpg,dog
Dog/8780.jpg,dog
Dog/8781.jpg,dog
Dog/8783.jpg,dog
Dog/8785.jpg,dog
Dog/8786.jpg,dog
Dog/8787.jpg,dog
Dog/8789.jpg,dog
Dog/879.jpg,dog
Dog/8790.jpg,dog
Dog/8791.jpg,dog
Dog/8792.jpg,dog
Dog/8793.jpg,dog
Dog/8794.jpg,dog
Dog/8795.jpg,dog
Dog/8796.jpg,dog
Dog/8797.jpg,dog
Dog/8798.jpg,dog
Dog/8799.jpg,dog
Dog/88.jpg,dog
Dog/880.jpg,dog
Dog/8800.jpg,dog
Dog/8801.jpg,dog
Dog/8803.jpg,dog
Dog/8804.jpg,dog
Dog/8805.jpg,dog
Dog/8806.jpg,dog
Dog/8808.jpg,dog
Dog/8809.jpg,dog
Dog/881.jpg,dog
Dog/8810.jpg,dog
Dog/8811.jpg,dog
Dog/8812.jpg,dog
Dog/8814.jpg,dog
Dog/8815.jpg,dog
Dog/8816.jpg,dog
Dog/8817.jpg,dog
Dog/8818.jpg,dog
Dog/8819.jpg,dog
Dog/8820.jpg,dog
Dog/8821.jpg,dog
Dog/8822.jpg,dog
Dog/8823.jpg,dog
Dog/8824.jpg,dog
Dog/8825.jpg,dog
Dog/8826.jpg,dog
Dog/8827.jpg,dog
Dog/8828.jpg,dog
Dog/883.jpg,dog
Dog/8830.jpg,dog
Dog/8831.jpg,dog
Dog/8833.jpg,dog
Dog/8834.jpg,dog
Dog/8835.jpg,dog
Dog/8836.jpg,dog
Dog/8837.jpg,dog
Dog/8838.jpg,dog
Dog/8839.jpg,dog
Dog/884.jpg,dog
Dog/8841.jpg,dog
Dog/8842.jpg,dog
Dog/8843.jpg,dog
Dog/8844.jpg,dog
Dog/8847.jpg,dog
Dog/8848.jpg,dog
Dog/885.jpg,dog
Dog/8850.jpg,dog
Dog/8852.jpg,dog
Dog/8854.jpg,dog
Dog/8855.jpg,dog
Dog/8857.jpg,dog
Dog/8858.jpg,dog
Dog/8859.jpg,dog
Dog/886.jpg,dog
Dog/8860.jpg,dog
Dog/8862.jpg,dog
Dog/8863.jpg,dog
Dog/8864.jpg,dog
Dog/8865.jpg,dog
Dog/8866.jpg,dog
Dog/8868.jpg,dog
Dog/887.jpg,dog
Dog/8870.jpg,dog
Dog/8871.jpg,dog
Dog/8872.jpg,dog
Dog/8873.jpg,dog
Dog/8874.jpg,dog
Dog/8878.jpg,dog
Dog/8879.jpg,dog
Dog/888.jpg,dog
Dog/8881.jpg,dog
Dog/8883.jpg,dog
Dog/8884.jpg,dog
Dog/8888.jpg,dog
Dog/8889.jpg,dog
Dog/889.jpg,dog
Dog/8891.jpg,dog
Dog/8892.jpg,dog
Dog/8895.jpg,dog
Dog/8897.jpg,dog
Dog/8898.jpg,dog
Dog/8899.jpg,dog
Dog/89.jpg,dog
Dog/890.jpg,dog
Dog/8900.jpg,dog
Dog/8901.jpg,dog
Dog/8902.jpg,dog
Dog/8904.jpg,dog
Dog/8906.jpg,dog
Dog/8908.jpg,dog
Dog/8909.jpg,dog
Dog/891.jpg,dog
Dog/8910.jpg,dog
Dog/8911.jpg,dog
Dog/8912.jpg,dog
Dog/8913.jpg,dog
Dog/8914.jpg,dog
Dog/8915.jpg,dog
Dog/8917.jpg,dog
Dog/8918.jpg,dog
Dog/892.jpg,dog
Dog/8920.jpg,dog
Dog/8921.jpg,dog
Dog/8922.jpg,dog
Dog/8924.jpg,dog
Dog/8925.jpg,dog
Dog/8926.jpg,dog
Dog/8928.jpg,dog
Dog/8929.jpg,dog
Dog/8930.jpg,dog
Dog/8931.jpg,dog
Dog/8932.jpg,dog
Dog/8934.jpg,dog
Dog/8936.jpg,dog
Dog/8937.jpg,dog
Dog/8938.jpg,dog
Dog/8939.jpg,dog
Dog/894.jpg,dog
Dog/8941.jpg,dog
Dog/8942.jpg,dog
Dog/8943.jpg,dog
Dog/8944.jpg,dog
Dog/8946.jpg,dog
Dog/8947.jpg,dog
Dog/8949.jpg,dog
Dog/895.jpg,dog
Dog/8950.jpg,dog
Dog/8951.jpg,dog
Dog/8953.jpg,dog
Dog/8956.jpg,dog
Dog/8958.jpg,dog
Dog/8959.jpg,dog
Dog/896.jpg,dog
Dog/8960.jpg,dog
Dog/8961.jpg,dog
Dog/8962.jpg,dog
Dog/8963.jpg,dog
Dog/8964.jpg,dog
Dog/8965.jpg,dog
Dog/8966.jpg,dog
Dog/8967.jpg,dog
Dog/8969.jpg,dog
Dog/897.jpg,dog
Dog/8970.jpg,dog
Dog/8971.jpg,dog
Dog/8972.jpg,dog
Dog/8973.jpg,dog
Dog/8975.jpg,dog
Dog/8976.jpg,dog
Dog/8977.jpg,dog
Dog/8978.jpg,dog
Dog/8979.jpg,dog
Dog/898.jpg,dog
Dog/8981.jpg,dog
Dog/8982.jpg,dog
Dog/8983.jpg,dog
Dog/8985.jpg,dog
Dog/8986.jpg,dog
Dog/8987.jpg,dog
Dog/8988.jpg,dog
Dog/8989.jpg,dog
Dog/8990.jpg,dog
Dog/8991.jpg,dog
Dog/8992.jpg,dog
Dog/8993.jpg,dog
Dog/8994.jpg,dog
Dog/8995.jpg,dog
Dog/8996.jpg,dog
Dog/8997.jpg,dog
Dog/8999.jpg,dog
Dog/9.jpg,dog
Dog/900.jpg,dog
Dog/9000.jpg,dog
Dog/9003.jpg,dog
Dog/9005.jpg,dog
Dog/9006.jpg,dog
Dog/9007.jpg,dog
Dog/9008.jpg,dog
Dog/9009.jpg,dog
Dog/901.jpg,dog
Dog/9010.jpg,dog
Dog/9011.jpg,dog
Dog/9013.jpg,dog
Dog/9014.jpg,dog
Dog/9015.jpg,dog
Dog/9016.jpg,dog
Dog/9017.jpg,dog
Dog/9019.jpg,dog
Dog/9020.jpg,dog
Dog/9021.jpg,dog
Dog/9022.jpg,dog
Dog/9023.jpg,dog
Dog/9024.jpg,dog
Dog/9025.jpg,dog
Dog/9026.jpg,dog
Dog/9027.jpg,dog
Dog/9029.jpg,dog
Dog/9030.jpg,dog
Dog/9031.jpg,dog
Dog/9033.jpg,dog
Dog/9034.jpg,dog
Dog/9035.jpg,dog
Dog/9036.jpg,dog
Dog/9038.jpg,dog
Dog/904.jpg,dog
Dog/9040.jpg,dog
Dog/9041.jpg,dog
Dog/9042.jpg,dog
Dog/9043.jpg,dog
Dog/9044.jpg,dog
Dog/9046.jpg,dog
Dog/9047.jpg,dog
Dog/9049.jpg,dog
Dog/905.jpg,dog
Dog/9050.jpg,dog
Dog/9051.jpg,dog
Dog/9052.jpg,dog
Dog/9055.jpg,dog
Dog/9056.jpg,dog
Dog/9057.jpg,dog
Dog/9059.jpg,dog
Dog/906.jpg,dog
Dog/9060.jpg,dog
Dog/9062.jpg,dog
Dog/9063.jpg,dog
Dog/9064.jpg,dog
Dog/9066.jpg,dog
Dog/9067.jpg,dog
Dog/9068.jpg,dog
Dog/9069.jpg,dog
Dog/9070.jpg,dog
Dog/9071.jpg,dog
Dog/9072.jpg,dog
Dog/9073.jpg,dog
Dog/9074.jpg,dog
Dog/9076.jpg,dog
Dog/9077.jpg,dog
Dog/9079.jpg,dog
Dog/908.jpg,dog
Dog/9080.jpg,dog
Dog/9082.jpg,dog
Dog/9083.jpg,dog
Dog/9084.jpg,dog
Dog/9086.jpg,dog
Dog/9087.jpg,dog
Dog/9088.jpg,dog
Dog/9089.jpg,dog
Dog/909.jpg,dog
Dog/9090.jpg,dog
Dog/9092.jpg,dog
Dog/9094.jpg,dog
Dog/9096.jpg,dog
Dog/9097.jpg,dog
Dog/9098.jpg,dog
Dog/910.jpg,dog
Dog/9100.jpg,dog
Dog/9101.jpg,dog
Dog/9102.jpg,dog
Dog/9104.jpg,dog
Dog/9105.jpg,dog
Dog/9107.jpg,dog
Dog/9108.jpg,dog
Dog/9109.jpg,dog
Dog/911.jpg,dog
Dog/9110.jpg,dog
Dog/9111.jpg,dog
Dog/9112.jpg,dog
Dog/9114.jpg,dog
Dog/9115.jpg,dog
Dog/9116.jpg,dog
Dog/9117.jpg,dog
Dog/9118.jpg,dog
Dog/9119.jpg,dog
Dog/912.jpg,dog
Dog/9120.jpg,dog
Dog/9121.jpg,dog
Dog/9122.jpg,dog
Dog/9123.jpg,dog
Dog/9124.jpg,dog
Dog/9125.jpg,dog
Dog/9127.jpg,dog
Dog/9129.jpg,dog
Dog/913.jpg,dog
Dog/9132.jpg,dog
Dog/9133.jpg,dog
Dog/9134.jpg,dog
Dog/9135.jpg,dog
Dog/9136.jpg,dog
Dog/9137.jpg,dog
Dog/9138.jpg,dog
Dog/9139.jpg,dog
Dog/914.jpg,dog
Dog/9140.jpg,dog
Dog/9142.jpg,dog
Dog/9143.jpg,dog
Dog/9144.jpg,dog
Dog/9146.jpg,dog
Dog/9147.jpg,dog
Dog/9148.jpg,dog
Dog/915.jpg,dog
Dog/9151.jpg,dog
Dog/9152.jpg,dog
Dog/9154.jpg,dog
Dog/9155.jpg,dog
Dog/9156.jpg,dog
Dog/9158.jpg,dog
Dog/9159.jpg,dog
Dog/916.jpg,dog
Dog/9160.jpg,dog
Dog/9161.jpg,dog
Dog/9162.jpg,dog
Dog/9165.jpg,dog
Dog/9166.jpg,dog
Dog/9167.jpg,dog
Dog/9168.jpg,dog
Dog/9169.jpg,dog
Dog/9170.jpg,dog
Dog/9171.jpg,dog
Dog/9172.jpg,dog
Dog/9173.jpg,dog
Dog/9174.jpg,dog
Dog/9176.jpg,dog
Dog/9177.jpg,dog
Dog/9178.jpg,dog
Dog/9179.jpg,dog
Dog/918.jpg,dog
Dog/9180.jpg,dog
Dog/9182.jpg,dog
Dog/9185.jpg,dog
Dog/9186.jpg,dog
Dog/9187.jpg,dog
Dog/9188.jpg,dog
Dog/9189.jpg,dog
Dog/919.jpg,dog
Dog/9190.jpg,dog
Dog/9191.jpg,dog
Dog/9192.jpg,dog
Dog/9193.jpg,dog
Dog/9196.jpg,dog
Dog/9197.jpg,dog
Dog/9198.jpg,dog
Dog/9199.jpg,dog
Dog/92.jpg,dog
Dog/920.jpg,dog
Dog/9200.jpg,dog
Dog/9201.jpg,dog
Dog/9202.jpg,dog
Dog/9203.jpg,dog
Dog/9204.jpg,dog
Dog/9205.jpg,dog
Dog/9206.jpg,dog
Dog/9207.jpg,dog
Dog/9208.jpg,dog
Dog/9209.jpg,dog
Dog/921.jpg,dog
Dog/9210.jpg,dog
Dog/9211.jpg,dog
Dog/9212.jpg,dog
Dog/9213.jpg,dog
Dog/9215.jpg,dog
Dog/9216.jpg,dog
Dog/9218.jpg,dog
Dog/9219.jpg,dog
Dog/922.jpg,dog
Dog/9220.jpg,dog
Dog/9221.jpg,dog
Dog/9222.jpg,dog
Dog/9223.jpg,dog
Dog/9225.jpg,dog
Dog/9226.jpg,dog
Dog/9227.jpg,dog
Dog/9228.jpg,dog
Dog/9229.jpg,dog
Dog/923.jpg,dog
Dog/9230.jpg,dog
Dog/9231.jpg,dog
Dog/9232.jpg,dog
Dog/9233.jpg,dog
Dog/9234.jpg,dog
Dog/9235.jpg,dog
Dog/9237.jpg,dog
Dog/9238.jpg,dog
Dog/9239.jpg,dog
Dog/924.jpg,dog
Dog/9240.jpg,dog
Dog/9242.jpg,dog
Dog/9243.jpg,dog
Dog/9244.jpg,dog
Dog/9245.jpg,dog
Dog/9247.jpg,dog
Dog/9248.jpg,dog
Dog/9249.jpg,dog
Dog/925.jpg,dog
Dog/9250.jpg,dog
Dog/9251.jpg,dog
Dog/9252.jpg,dog
Dog/9253.jpg,dog
Dog/9255.jpg,dog
Dog/9257.jpg,dog
Dog/9258.jpg,dog
Dog/9259.jpg,dog
Dog/926.jpg,dog
Dog/9260.jpg,dog
Dog/9261.jpg,dog
Dog/9263.jpg,dog
Dog/9266.jpg,dog
Dog/9267.jpg,dog
Dog/9268.jpg,dog
Dog/9269.jpg,dog
Dog/927.jpg,dog
Dog/9270.jpg,dog
Dog/9271.jpg,dog
Dog/9272.jpg,dog
Dog/9273.jpg,dog
Dog/9276.jpg,dog
Dog/9277.jpg,dog
Dog/9278.jpg,dog
Dog/9279.jpg,dog
Dog/928.jpg,dog
Dog/9280.jpg,dog
Dog/9282.jpg,dog
Dog/9283.jpg,dog
Dog/9285.jpg,dog
Dog/9286.jpg,dog
Dog/9287.jpg,dog
Dog/9288.jpg,dog
Dog/9289.jpg,dog
Dog/929.jpg,dog
Dog/9290.jpg,dog
Dog/9292.jpg,dog
Dog/9293.jpg,dog
Dog/9294.jpg,dog
Dog/9295.jpg,dog
Dog/9296.jpg,dog
Dog/9297.jpg,dog
Dog/9298.jpg,dog
Dog/9299.jpg,dog
Dog/930.jpg,dog
Dog/9300.jpg,dog
Dog/9301.jpg,dog
Dog/9302.jpg,dog
Dog/9303.jpg,dog
Dog/9305.jpg,dog
Dog/9307.jpg,dog
Dog/9308.jpg,dog
Dog/9309.jpg,dog
Dog/931.jpg,dog
Dog/9310.jpg,dog
Dog/9311.jpg,dog
Dog/9314.jpg,dog
Dog/9315.jpg,dog
Dog/9316.jpg,dog
Dog/9317.jpg,dog
Dog/9318.jpg,dog
Dog/9319.jpg,dog
Dog/932.jpg,dog
Dog/9321.jpg,dog
Dog/9322.jpg,dog
Dog/9323.jpg,dog
Dog/9324.jpg,dog
Dog/9325.jpg,dog
Dog/9326.jpg,dog
Dog/9327.jpg,dog
Dog/9328.jpg,dog
Dog/9329.jpg,dog
Dog/933.jpg,dog
Dog/9330.jpg,dog
Dog/9334.jpg,dog
Dog/9335.jpg,dog
Dog/9337.jpg,dog
Dog/9338.jpg,dog
Dog/9339.jpg,dog
Dog/934.jpg,dog
Dog/9340.jpg,dog
Dog/9341.jpg,dog
Dog/9342.jpg,dog
Dog/9344.jpg,dog
Dog/9345.jpg,dog
Dog/9347.jpg,dog
Dog/9348.jpg,dog
Dog/9349.jpg,dog
Dog/935.jpg,dog
Dog/9350.jpg,dog
Dog/9351.jpg,dog
Dog/9352.jpg,dog
Dog/9353.jpg,dog
Dog/9355.jpg,dog
Dog/9356.jpg,dog
Dog/9357.jpg,dog
Dog/9359.jpg,dog
Dog/936.jpg,dog
Dog/9361.jpg,dog
Dog/9362.jpg,dog
Dog/9364.jpg,dog
Dog/9365.jpg,dog
Dog/9366.jpg,dog
Dog/9367.jpg,dog
Dog/9368.jpg,dog
Dog/937.jpg,dog
Dog/9370.jpg,dog
Dog/9371.jpg,dog
Dog/9372.jpg,dog
Dog/9373.jpg,dog
Dog/9374.jpg,dog
Dog/9375.jpg,dog
Dog/9377.jpg,dog
Dog/9378.jpg,dog
Dog/9379.jpg,dog
Dog/938.jpg,dog
Dog/9380.jpg,dog
Dog/9381.jpg,dog
Dog/9382.jpg,dog
Dog/9383.jpg,dog
Dog/9386.jpg,dog
Dog/9388.jpg,dog
Dog/939.jpg,dog
Dog/9390.jpg,dog
Dog/9391.jpg,dog
Dog/9392.jpg,dog
Dog/9393.jpg,dog
Dog/9394.jpg,dog
Dog/9397.jpg,dog
Dog/9398.jpg,dog
Dog/9399.jpg,dog
Dog/94.jpg,dog
Dog/940.jpg,dog
Dog/9400.jpg,dog
Dog/9402.jpg,dog
Dog/9404.jpg,dog
Dog/9406.jpg,dog
Dog/9407.jpg,dog
Dog/9408.jpg,dog
Dog/9409.jpg,dog
Dog/941.jpg,dog
Dog/9410.jpg,dog
Dog/9411.jpg,dog
Dog/9412.jpg,dog
Dog/9414.jpg,dog
Dog/9415.jpg,dog
Dog/9416.jpg,dog
Dog/9417.jpg,dog
Dog/9418.jpg,dog
Dog/9419.jpg,dog
Dog/9420.jpg,dog
Dog/9422.jpg,dog
Dog/9423.jpg,dog
Dog/9424.jpg,dog
Dog/9427.jpg,dog
Dog/9428.jpg,dog
Dog/943.jpg,dog
Dog/9430.jpg,dog
Dog/9431.jpg,dog
Dog/9432.jpg,dog
Dog/9435.jpg,dog
Dog/9436.jpg,dog
Dog/9437.jpg,dog
Dog/9438.jpg,dog
Dog/9439.jpg,dog
Dog/9441.jpg,dog
Dog/9443.jpg,dog
Dog/9444.jpg,dog
Dog/9445.jpg,dog
Dog/9446.jpg,dog
Dog/9447.jpg,dog
Dog/9449.jpg,dog
Dog/945.jpg,dog
Dog/9450.jpg,dog
Dog/9451.jpg,dog
Dog/9452.jpg,dog
Dog/9453.jpg,dog
Dog/9454.jpg,dog
Dog/9455.jpg,dog
Dog/9456.jpg,dog
Dog/9458.jpg,dog
Dog/9459.jpg,dog
Dog/946.jpg,dog
Dog/9460.jpg,dog
Dog/9461.jpg,dog
Dog/9462.jpg,dog
Dog/9463.jpg,dog
Dog/9466.jpg,dog
Dog/9467.jpg,dog
Dog/9468.jpg,dog
Dog/9469.jpg,dog
Dog/947.jpg,dog
Dog/9470.jpg,dog
Dog/9471.jpg,dog
Dog/9472.jpg,dog
Dog/9473.jpg,dog
Dog/9474.jpg,dog
Dog/9475.jpg,dog
Dog/9476.jpg,dog
Dog/9477.jpg,dog
Dog/9478.jpg,dog
Dog/948.jpg,dog
Dog/9480.jpg,dog
Dog/9481.jpg,dog
Dog/9482.jpg,dog
Dog/9483.jpg,dog
Dog/9484.jpg,dog
Dog/9485.jpg,dog
Dog/9486.jpg,dog
Dog/9487.jpg,dog
Dog/9489.jpg,dog
Dog/949.jpg,dog
Dog/9490.jpg,dog
Dog/9491.jpg,dog
Dog/9492.jpg,dog
Dog/9494.jpg,dog
Dog/9495.jpg,dog
Dog/9496.jpg,dog
Dog/9498.jpg,dog
Dog/95.jpg,dog
Dog/950.jpg,dog
Dog/9500.jpg,dog
Dog/9501.jpg,dog
Dog/9502.jpg,dog
Dog/9504.jpg,dog
Dog/9505.jpg,dog
Dog/9506.jpg,dog
Dog/9507.jpg,dog
Dog/951.jpg,dog
Dog/9510.jpg,dog
Dog/9511.jpg,dog
Dog/9512.jpg,dog
Dog/9513.jpg,dog
Dog/9514.jpg,dog
Dog/9515.jpg,dog
Dog/9516.jpg,dog
Dog/9519.jpg,dog
Dog/9520.jpg,dog
Dog/9521.jpg,dog
Dog/9522.jpg,dog
Dog/9523.jpg,dog
Dog/9524.jpg,dog
Dog/9525.jpg,dog
Dog/9527.jpg,dog
Dog/9529.jpg,dog
Dog/953.jpg,dog
Dog/9530.jpg,dog
Dog/9533.jpg,dog
Dog/9534.jpg,dog
Dog/9535.jpg,dog
Dog/9536.jpg,dog
Dog/9537.jpg,dog
Dog/9538.jpg,dog
Dog/9539.jpg,dog
Dog/954.jpg,dog
Dog/9540.jpg,dog
Dog/9541.jpg,dog
Dog/9542.jpg,dog
Dog/9543.jpg,dog
Dog/9544.jpg,dog
Dog/9545.jpg,dog
Dog/9546.jpg,dog
Dog/9547.jpg,dog
Dog/9548.jpg,dog
Dog/9549.jpg,dog
Dog/955.jpg,dog
Dog/9550.jpg,dog
Dog/9551.jpg,dog
Dog/9553.jpg,dog
Dog/9554.jpg,dog
Dog/9555.jpg,dog
Dog/9556.jpg,dog
Dog/9557.jpg,dog
Dog/9558.jpg,dog
Dog/9559.jpg,dog
Dog/956.jpg,dog
Dog/9561.jpg,dog
Dog/9562.jpg,dog
Dog/9563.jpg,dog
Dog/9564.jpg,dog
Dog/9565.jpg,dog
Dog/9566.jpg,dog
Dog/9570.jpg,dog
Dog/9571.jpg,dog
Dog/9572.jpg,dog
Dog/9573.jpg,dog
Dog/9574.jpg,dog
Dog/9575.jpg,dog
Dog/9576.jpg,dog
Dog/9578.jpg,dog
Dog/9579.jpg,dog
Dog/958.jpg,dog
Dog/9580.jpg,dog
Dog/9581.jpg,dog
Dog/9582.jpg,dog
Dog/9583.jpg,dog
Dog/9584.jpg,dog
Dog/9585.jpg,dog
Dog/9586.jpg,dog
Dog/9587.jpg,dog
Dog/9588.jpg,dog
Dog/9589.jpg,dog
Dog/9591.jpg,dog
Dog/9592.jpg,dog
Dog/9593.jpg,dog
Dog/9594.jpg,dog
Dog/9595.jpg,dog
Dog/9597.jpg,dog
Dog/9599.jpg,dog
Dog/96.jpg,dog
Dog/960.jpg,dog
Dog/9601.jpg,dog
Dog/9602.jpg,dog
Dog/9603.jpg,dog
Dog/9604.jpg,dog
Dog/9605.jpg,dog
Dog/9606.jpg,dog
Dog/9607.jpg,dog
Dog/9608.jpg,dog
Dog/961.jpg,dog
Dog/9610.jpg,dog
Dog/9612.jpg,dog
Dog/9613.jpg,dog
Dog/9614.jpg,dog
Dog/9615.jpg,dog
Dog/9616.jpg,dog
Dog/9617.jpg,dog
Dog/9618.jpg,dog
Dog/962.jpg,dog
Dog/9620.jpg,dog
Dog/9621.jpg,dog
Dog/9623.jpg,dog
Dog/9624.jpg,dog
Dog/9625.jpg,dog
Dog/9626.jpg,dog
Dog/9627.jpg,dog
Dog/963.jpg,dog
Dog/9630.jpg,dog
Dog/9631.jpg,dog
Dog/9632.jpg,dog
Dog/9633.jpg,dog
Dog/9634.jpg,dog
Dog/9635.jpg,dog
Dog/9636.jpg,dog
Dog/9637.jpg,dog
Dog/9638.jpg,dog
Dog/9639.jpg,dog
Dog/964.jpg,dog
Dog/9640.jpg,dog
Dog/9643.jpg,dog
Dog/9645.jpg,dog
Dog/9646.jpg,dog
Dog/9647.jpg,dog
Dog/9648.jpg,dog
Dog/9649.jpg,dog
Dog/965.jpg,dog
Dog/9650.jpg,dog
Dog/9651.jpg,dog
Dog/9652.jpg,dog
Dog/9653.jpg,dog
Dog/9654.jpg,dog
Dog/9655.jpg,dog
Dog/9656.jpg,dog
Dog/9657.jpg,dog
Dog/9658.jpg,dog
Dog/9661.jpg,dog
Dog/9662.jpg,dog
Dog/9663.jpg,dog
Dog/9664.jpg,dog
Dog/9665.jpg,dog
Dog/9666.jpg,dog
Dog/9667.jpg,dog
Dog/9668.jpg,dog
Dog/9669.jpg,dog
Dog/967.jpg,dog
Dog/9670.jpg,dog
Dog/9671.jpg,dog
Dog/9672.jpg,dog
Dog/9673.jpg,dog
Dog/9675.jpg,dog
Dog/9677.jpg,dog
Dog/9678.jpg,dog
Dog/968.jpg,dog
Dog/9680.jpg,dog
Dog/9682.jpg,dog
Dog/9683.jpg,dog
Dog/9684.jpg,dog
Dog/9685.jpg,dog
Dog/9686.jpg,dog
Dog/9687.jpg,dog
Dog/9688.jpg,dog
Dog/9689.jpg,dog
Dog/969.jpg,dog
Dog/9690.jpg,dog
Dog/9691.jpg,dog
Dog/9692.jpg,dog
Dog/9693.jpg,dog
Dog/9694.jpg,dog
Dog/9695.jpg,dog
Dog/9696.jpg,dog
Dog/9698.jpg,dog
Dog/9699.jpg,dog
Dog/97.jpg,dog
Dog/970.jpg,dog
Dog/9700.jpg,dog
Dog/9701.jpg,dog
Dog/9702.jpg,dog
Dog/9703.jpg,dog
Dog/9705.jpg,dog
Dog/9706.jpg,dog
Dog/9707.jpg,dog
Dog/9708.jpg,dog
Dog/9710.jpg,dog
Dog/9711.jpg,dog
Dog/9712.jpg,dog
Dog/9713.jpg,dog
Dog/9715.jpg,dog
Dog/9716.jpg,dog
Dog/9717.jpg,dog
Dog/9718.jpg,dog
Dog/9719.jpg,dog
Dog/972.jpg,dog
Dog/9720.jpg,dog
Dog/9721.jpg,dog
Dog/9722.jpg,dog
Dog/9723.jpg,dog
Dog/9724.jpg,dog
Dog/9725.jpg,dog
Dog/9726.jpg,dog
Dog/9727.jpg,dog
Dog/9728.jpg,dog
Dog/9729.jpg,dog
Dog/973.jpg,dog
Dog/9730.jpg,dog
Dog/9731.jpg,dog
Dog/9732.jpg,dog
Dog/9735.jpg,dog
Dog/9736.jpg,dog
Dog/9737.jpg,dog
Dog/9738.jpg,dog
Dog/9739.jpg,dog
Dog/974.jpg,dog
Dog/9740.jpg,dog
Dog/9741.jpg,dog
Dog/9742.jpg,dog
Dog/9743.jpg,dog
Dog/9746.jpg,dog
Dog/9747.jpg,dog
Dog/9748.jpg,dog
Dog/9749.jpg,dog
Dog/975.jpg,dog
Dog/9751.jpg,dog
Dog/9752.jpg,dog
Dog/9753.jpg,dog
Dog/9754.jpg,dog
Dog/9755.jpg,dog
Dog/9758.jpg,dog
Dog/976.jpg,dog
Dog/9760.jpg,dog
Dog/9761.jpg,dog
Dog/9762.jpg,dog
Dog/9764.jpg,dog
Dog/9767.jpg,dog
Dog/9768.jpg,dog
Dog/9769.jpg,dog
Dog/977.jpg,dog
Dog/9770.jpg,dog
Dog/9771.jpg,dog
Dog/9772.jpg,dog
Dog/9773.jpg,dog
Dog/9774.jpg,dog
Dog/9775.jpg,dog
Dog/9776.jpg,dog
Dog/9777.jpg,dog
Dog/9778.jpg,dog
Dog/9779.jpg,dog
Dog/978.jpg,dog
Dog/9780.jpg,dog
Dog/9781.jpg,dog
Dog/9782.jpg,dog
Dog/9784.jpg,dog
Dog/9785.jpg,dog
Dog/9786.jpg,dog
Dog/9787.jpg,dog
Dog/9788.jpg,dog
Dog/9789.jpg,dog
Dog/9790.jpg,dog
Dog/9792.jpg,dog
Dog/9793.jpg,dog
Dog/9796.jpg,dog
Dog/9797.jpg,dog
Dog/9798.jpg,dog
Dog/9799.jpg,dog
Dog/9800.jpg,dog
Dog/9801.jpg,dog
Dog/9802.jpg,dog
Dog/9804.jpg,dog
Dog/9805.jpg,dog
Dog/9806.jpg,dog
Dog/9809.jpg,dog
Dog/981.jpg,dog
Dog/9810.jpg,dog
Dog/9811.jpg,dog
Dog/9812.jpg,dog
Dog/9813.jpg,dog
Dog/9814.jpg,dog
Dog/9815.jpg,dog
Dog/9816.jpg,dog
Dog/9817.jpg,dog
Dog/9818.jpg,dog
Dog/9819.jpg,dog
Dog/982.jpg,dog
Dog/9820.jpg,dog
Dog/9822.jpg,dog
Dog/9824.jpg,dog
Dog/9825.jpg,dog
Dog/9826.jpg,dog
Dog/9828.jpg,dog
Dog/9829.jpg,dog
Dog/983.jpg,dog
Dog/9830.jpg,dog
Dog/9834.jpg,dog
Dog/9835.jpg,dog
Dog/9836.jpg,dog
Dog/9837.jpg,dog
Dog/9839.jpg,dog
Dog/984.jpg,dog
Dog/9840.jpg,dog
Dog/9841.jpg,dog
Dog/9842.jpg,dog
Dog/9843.jpg,dog
Dog/9844.jpg,dog
Dog/9845.jpg,dog
Dog/9846.jpg,dog
Dog/9847.jpg,dog
Dog/9848.jpg,dog
Dog/9849.jpg,dog
Dog/985.jpg,dog
Dog/9850.jpg,dog
Dog/9851.jpg,dog
Dog/9852.jpg,dog
Dog/9853.jpg,dog
Dog/9854.jpg,dog
Dog/9855.jpg,dog
Dog/9856.jpg,dog
Dog/9857.jpg,dog
Dog/9858.jpg,dog
Dog/9859.jpg,dog
Dog/9861.jpg,dog
Dog/9863.jpg,dog
Dog/9864.jpg,dog
Dog/9866.jpg,dog
Dog/9867.jpg,dog
Dog/9868.jpg,dog
Dog/9869.jpg,dog
Dog/9870.jpg,dog
Dog/9871.jpg,dog
Dog/9872.jpg,dog
Dog/9873.jpg,dog
Dog/9874.jpg,dog
Dog/9875.jpg,dog
Dog/9876.jpg,dog
Dog/9877.jpg,dog
Dog/9878.jpg,dog
Dog/9879.jpg,dog
Dog/9880.jpg,dog
Dog/9881.jpg,dog
Dog/9882.jpg,dog
Dog/9885.jpg,dog
Dog/9887.jpg,dog
Dog/9888.jpg,dog
Dog/9889.jpg,dog
Dog/989.jpg,dog
Dog/9890.jpg,dog
Dog/9892.jpg,dog
Dog/9894.jpg,dog
Dog/9895.jpg,dog
Dog/9896.jpg,dog
Dog/9898.jpg,dog
Dog/9899.jpg,dog
Dog/99.jpg,dog
Dog/990.jpg,dog
Dog/9900.jpg,dog
Dog/9901.jpg,dog
Dog/9903.jpg,dog
Dog/9904.jpg,dog
Dog/9905.jpg,dog
Dog/9906.jpg,dog
Dog/9907.jpg,dog
Dog/9908.jpg,dog
Dog/991.jpg,dog
Dog/9911.jpg,dog
Dog/9912.jpg,dog
Dog/9913.jpg,dog
Dog/9914.jpg,dog
Dog/9916.jpg,dog
Dog/9917.jpg,dog
Dog/9918.jpg,dog
Dog/9919.jpg,dog
Dog/9920.jpg,dog
Dog/9921.jpg,dog
Dog/9923.jpg,dog
Dog/9924.jpg,dog
Dog/9925.jpg,dog
Dog/9926.jpg,dog
Dog/9927.jpg,dog
Dog/9929.jpg,dog
Dog/993.jpg,dog
Dog/9930.jpg,dog
Dog/9931.jpg,dog
Dog/9932.jpg,dog
Dog/9933.jpg,dog
Dog/9934.jpg,dog
Dog/9935.jpg,dog
Dog/9936.jpg,dog
Dog/9937.jpg,dog
Dog/9938.jpg,dog
Dog/9939.jpg,dog
Dog/994.jpg,dog
Dog/9940.jpg,dog
Dog/9941.jpg,dog
Dog/9942.jpg,dog
Dog/9943.jpg,dog
Dog/9944.jpg,dog
Dog/9945.jpg,dog
Dog/9947.jpg,dog
Dog/9948.jpg,dog
Dog/9949.jpg,dog
Dog/995.jpg,dog
Dog/9952.jpg,dog
Dog/9953.jpg,dog
Dog/9954.jpg,dog
Dog/9955.jpg,dog
Dog/9957.jpg,dog
Dog/9958.jpg,dog
Dog/9959.jpg,dog
Dog/996.jpg,dog
Dog/9960.jpg,dog
Dog/9961.jpg,dog
Dog/9962.jpg,dog
Dog/9963.jpg,dog
Dog/9964.jpg,dog
Dog/9966.jpg,dog
Dog/9967.jpg,dog
Dog/9969.jpg,dog
Dog/9971.jpg,dog
Dog/9973.jpg,dog
Dog/9974.jpg,dog
Dog/9975.jpg,dog
Dog/9977.jpg,dog
Dog/9978.jpg,dog
Dog/9979.jpg,dog
Dog/998.jpg,dog
Dog/9980.jpg,dog
Dog/9981.jpg,dog
Dog/9983.jpg,dog
Dog/9984.jpg,dog
Dog/9986.jpg,dog
Dog/9987.jpg,dog
Dog/9988.jpg,dog
Dog/9989.jpg,dog
Dog/9990.jpg,dog
Dog/9991.jpg,dog
Dog/9992.jpg,dog
Dog/9993.jpg,dog
Dog/9994.jpg,dog
Dog/9995.jpg,dog
Dog/9998.jpg,dog
Dog/9999.jpg,dog
